{
  "version" : "4.0.0",
  "gauges" : { },
  "counters" : {
    "eu.domibus.core.ebms3.receiver.MSHWebservice.incoming_user_message.counter" : {
      "count" : 30
    },
    "eu.domibus.core.ebms3.receiver.handler.AbstractIncomingMessageHandler.processMessage.counter" : {
      "count" : 30
    },
    "eu.domibus.core.ebms3.receiver.handler.IncomingUserMessageHandler.around_handleNewUserMessage.counter.counter" : {
      "count" : 60
    },
    "eu.domibus.core.ebms3.sender.AbstractUserMessageSender.outgoing_user_message.counter" : {
      "count" : 1
    },
    "eu.domibus.core.ebms3.sender.MessageSenderListener.onMessage.counter" : {
      "count" : 1
    },
    "eu.domibus.core.ebms3.sender.MessageSenderService.sendUserMessage.counter" : {
      "count" : 1
    },
    "eu.domibus.core.ebms3.sender.client.MSHDispatcher.dispatch.counter" : {
      "count" : 1
    },
    "eu.domibus.core.error.ErrorLogDao.deleteMessages.deleteErrorLogsByMessageIdInError.counter" : {
      "count" : 0
    },
    "eu.domibus.core.message.MessageInfoDao.deleteMessages.counter" : {
      "count" : 0
    },
    "eu.domibus.core.message.MessageInfoDao.findSignalMessageIds.counter" : {
      "count" : 0
    },
    "eu.domibus.core.message.MessagingServiceImpl.storeMessage.counter" : {
      "count" : 0
    },
    "eu.domibus.core.message.UserMessageHandlerServiceImpl.handleNewUserMessage.counter" : {
      "count" : 3
    },
    "eu.domibus.core.message.UserMessageLogDao.deleteMessages.deleteMessageLogs.counter" : {
      "count" : 0
    },
    "eu.domibus.core.message.acknowledge.MessageAcknowledgementDao.deleteMessages.deleteMessageAcknowledgementsByMessageIds.counter" : {
      "count" : 0
    },
    "eu.domibus.core.message.attempt.MessageAttemptDao.deleteMessages.deleteAttemptsByMessageIds.counter" : {
      "count" : 0
    },
    "eu.domibus.core.message.pull.IncomingPullRequestHandler.incoming_pull_request.counter" : {
      "count" : 0
    },
    "eu.domibus.core.message.receipt.AS4ReceiptServiceImpl.generateReceipt.counter" : {
      "count" : 2
    },
    "eu.domibus.core.message.retention.MessageRetentionDefaultService.schedule_deleteExpiredMessages.counter" : {
      "count" : 0
    },
    "eu.domibus.core.message.retention.RetentionListener.onMessage.deleteMessages.counter" : {
      "count" : 0
    },
    "eu.domibus.core.message.signal.SignalMessageDao.deleteMessages.deleteReceipts.counter" : {
      "count" : 0
    },
    "eu.domibus.core.message.signal.SignalMessageLogDao.deleteMessages.deleteMessageLogs.counter" : {
      "count" : 0
    },
    "eu.domibus.core.plugin.handler.DatabaseMessageHandler.submit.counter" : {
      "count" : 0
    },
    "eu.domibus.core.plugin.notification.BackendNotificationService.notifyMessageReceived.counter" : {
      "count" : 1
    },
    "eu.domibus.core.plugin.notification.PluginAsyncNotificationListener.onMessage.counter" : {
      "count" : 17
    },
    "eu.domibus.core.pmode.validation.validators.MessagePropertyValidator.validate.counter" : {
      "count" : 0
    },
    "eu.domibus.core.replication.UIMessageDaoImpl.deleteMessages.deleteUIMessagesByMessageIds.counter" : {
      "count" : 0
    },
    "eu.domibus.core.util.SoapUtil.SoapUtil.counter" : {
      "count" : 0
    },
    "eu.domibus.plugin.jms.JMSPluginImpl.deliverMessage.counter" : {
      "count" : 17
    },
    "eu.domibus.plugin.jms.JMSPluginImpl.receiveMessage.counter" : {
      "count" : 0
    }
  },
  "histograms" : { },
  "meters" : { },
  "timers" : {
    "eu.domibus.core.ebms3.receiver.MSHWebservice.incoming_user_message.timer" : {
      "count" : 173148,
      "max" : 1.122559708,
      "mean" : 0.3930165491750556,
      "min" : 0.139407319,
      "p50" : 0.360719767,
      "p75" : 0.42109076,
      "p95" : 0.7590815620000001,
      "p98" : 0.854481499,
      "p99" : 0.876827557,
      "p999" : 0.94106135,
      "stddev" : 0.1406578771430024,
      "m15_rate" : 59.87988296923063,
      "m1_rate" : 69.23084066861432,
      "m5_rate" : 64.77262309282692,
      "mean_rate" : 46.48603866350575,
      "duration_units" : "seconds",
      "rate_units" : "calls/second"
    },
    "eu.domibus.core.ebms3.receiver.handler.AbstractIncomingMessageHandler.processMessage.timer" : {
      "count" : 173135,
      "max" : 1.090647092,
      "mean" : 0.3839272775968387,
      "min" : 0.1584018,
      "p50" : 0.360182335,
      "p75" : 0.420282445,
      "p95" : 0.6400087050000001,
      "p98" : 0.8424716750000001,
      "p99" : 0.896344134,
      "p999" : 0.9481452050000001,
      "stddev" : 0.1269024861295846,
      "m15_rate" : 59.95981119628847,
      "m1_rate" : 69.20431529358784,
      "m5_rate" : 64.76323726081993,
      "mean_rate" : 60.753239258942095,
      "duration_units" : "seconds",
      "rate_units" : "calls/second"
    },
    "eu.domibus.core.ebms3.receiver.handler.IncomingUserMessageHandler.around_handleNewUserMessage.timer.timer" : {
      "count" : 173105,
      "max" : 1.1413048860000001,
      "mean" : 0.3802829591039299,
      "min" : 0.160145689,
      "p50" : 0.35276707900000004,
      "p75" : 0.415383881,
      "p95" : 0.632513834,
      "p98" : 0.841474382,
      "p99" : 0.8956085380000001,
      "p999" : 1.1413048860000001,
      "stddev" : 0.12613253089050422,
      "m15_rate" : 59.942007879082325,
      "m1_rate" : 69.17974848970299,
      "m5_rate" : 64.7475358713168,
      "mean_rate" : 60.74321802999641,
      "duration_units" : "seconds",
      "rate_units" : "calls/second"
    },
    "eu.domibus.core.ebms3.sender.AbstractUserMessageSender.outgoing_user_message.timer" : {
      "count" : 172887,
      "max" : 0.29488341300000004,
      "mean" : 0.06195704757762285,
      "min" : 0.040275548,
      "p50" : 0.059038129,
      "p75" : 0.064420093,
      "p95" : 0.076947217,
      "p98" : 0.09292722,
      "p99" : 0.166714153,
      "p999" : 0.278180353,
      "stddev" : 0.02054760769736206,
      "m15_rate" : 60.25130678554854,
      "m1_rate" : 75.15472202507561,
      "m5_rate" : 66.00805294022736,
      "mean_rate" : 61.462341211429816,
      "duration_units" : "seconds",
      "rate_units" : "calls/second"
    },
    "eu.domibus.core.ebms3.sender.MessageSenderListener.onMessage.timer" : {
      "count" : 172887,
      "max" : 0.504276501,
      "mean" : 0.08466039209055341,
      "min" : 0.048907992000000004,
      "p50" : 0.070369559,
      "p75" : 0.09051693200000001,
      "p95" : 0.15475754,
      "p98" : 0.21634245100000002,
      "p99" : 0.23159573500000002,
      "p999" : 0.357218444,
      "stddev" : 0.0403109010425568,
      "m15_rate" : 60.25652681012614,
      "m1_rate" : 75.23246390182965,
      "m5_rate" : 66.02405164577164,
      "mean_rate" : 61.46061348753545,
      "duration_units" : "seconds",
      "rate_units" : "calls/second"
    },
    "eu.domibus.core.ebms3.sender.MessageSenderService.sendUserMessage.timer" : {
      "count" : 172887,
      "max" : 0.48387762700000003,
      "mean" : 0.08312016447108325,
      "min" : 0.0475046,
      "p50" : 0.068473267,
      "p75" : 0.088619957,
      "p95" : 0.153082242,
      "p98" : 0.203295525,
      "p99" : 0.225421375,
      "p999" : 0.38336680500000003,
      "stddev" : 0.03781083316439468,
      "m15_rate" : 60.253995289349355,
      "m1_rate" : 75.19129085786072,
      "m5_rate" : 66.01595132962505,
      "mean_rate" : 61.46142694379554,
      "duration_units" : "seconds",
      "rate_units" : "calls/second"
    },
    "eu.domibus.core.ebms3.sender.client.MSHDispatcher.dispatch.timer" : {
      "count" : 172887,
      "max" : 0.31400604200000004,
      "mean" : 0.05233793758175207,
      "min" : 0.033296392,
      "p50" : 0.048606895000000004,
      "p75" : 0.054123464,
      "p95" : 0.06805997500000001,
      "p98" : 0.104661948,
      "p99" : 0.15044575100000002,
      "p999" : 0.273076783,
      "stddev" : 0.02242907923601932,
      "m15_rate" : 60.24262954416293,
      "m1_rate" : 74.96879510770543,
      "m5_rate" : 65.97850040343944,
      "mean_rate" : 61.4653908262838,
      "duration_units" : "seconds",
      "rate_units" : "calls/second"
    },
    "eu.domibus.core.error.ErrorLogDao.deleteMessages.deleteErrorLogsByMessageIdInError.timer" : {
      "count" : 56,
      "max" : 0.019309257,
      "mean" : 0.003574142253044024,
      "min" : 0.0023041840000000004,
      "p50" : 0.0034540760000000004,
      "p75" : 0.004440068,
      "p95" : 0.005731259000000001,
      "p98" : 0.005731259000000001,
      "p99" : 0.005731259000000001,
      "p999" : 0.005731259000000001,
      "stddev" : 0.0010684425804211011,
      "m15_rate" : 0.2243349623683161,
      "m1_rate" : 2.3391543884804995E-5,
      "m5_rate" : 0.015145872670746425,
      "mean_rate" : 0.030063940603645842,
      "duration_units" : "seconds",
      "rate_units" : "calls/second"
    },
    "eu.domibus.core.message.MessageInfoDao.deleteMessages.timer" : {
      "count" : 112,
      "max" : 1.328692054,
      "mean" : 0.6345083957660096,
      "min" : 0.128667984,
      "p50" : 0.443768037,
      "p75" : 1.0437374640000001,
      "p95" : 1.199597351,
      "p98" : 1.209423783,
      "p99" : 1.209423783,
      "p999" : 1.209423783,
      "stddev" : 0.40068297572902944,
      "m15_rate" : 0.3980821299920356,
      "m1_rate" : 4.744817018717331E-5,
      "m5_rate" : 0.029564267907926073,
      "mean_rate" : 0.060065987249701004,
      "duration_units" : "seconds",
      "rate_units" : "calls/second"
    },
    "eu.domibus.core.message.MessageInfoDao.findSignalMessageIds.timer" : {
      "count" : 56,
      "max" : 0.41663691700000005,
      "mean" : 0.18581361961155435,
      "min" : 0.07727595000000001,
      "p50" : 0.18065851200000002,
      "p75" : 0.254423887,
      "p95" : 0.278706615,
      "p98" : 0.278706615,
      "p99" : 0.278706615,
      "p999" : 0.278706615,
      "stddev" : 0.07031697167854332,
      "m15_rate" : 0.22433886221850557,
      "m1_rate" : 2.362728206125573E-5,
      "m5_rate" : 0.01516256522483339,
      "mean_rate" : 0.030026888907697356,
      "duration_units" : "seconds",
      "rate_units" : "calls/second"
    },
    "eu.domibus.core.message.MessagingServiceImpl.storeMessage.timer" : {
      "count" : 346090,
      "max" : 0.084106182,
      "mean" : 0.006274104820736826,
      "min" : 0.00324478,
      "p50" : 0.005235667,
      "p75" : 0.006780357000000001,
      "p95" : 0.011638227000000001,
      "p98" : 0.014657209000000001,
      "p99" : 0.017892187,
      "p999" : 0.064904293,
      "stddev" : 0.0040809746471101955,
      "m15_rate" : 120.0640434649022,
      "m1_rate" : 145.52283296398795,
      "m5_rate" : 130.94207890934132,
      "mean_rate" : 121.44505492874217,
      "duration_units" : "seconds",
      "rate_units" : "calls/second"
    },
    "eu.domibus.core.message.UserMessageHandlerServiceImpl.handleNewUserMessage.timer" : {
      "count" : 173162,
      "max" : 0.371034218,
      "mean" : 0.11659148509666846,
      "min" : 0.029257515,
      "p50" : 0.10728283400000001,
      "p75" : 0.146041097,
      "p95" : 0.22122260100000002,
      "p98" : 0.26447484200000004,
      "p99" : 0.27787674300000004,
      "p999" : 0.335801132,
      "stddev" : 0.05427576577809083,
      "m15_rate" : 59.96150350622714,
      "m1_rate" : 69.18675887242406,
      "m5_rate" : 64.7594481324042,
      "mean_rate" : 60.76318949639986,
      "duration_units" : "seconds",
      "rate_units" : "calls/second"
    },
    "eu.domibus.core.message.UserMessageLogDao.deleteMessages.deleteMessageLogs.timer" : {
      "count" : 56,
      "max" : 0.194769459,
      "mean" : 0.07554215130358675,
      "min" : 0.055009693000000005,
      "p50" : 0.07563726200000001,
      "p75" : 0.084413998,
      "p95" : 0.08754117600000001,
      "p98" : 0.11191690300000001,
      "p99" : 0.11191690300000001,
      "p999" : 0.11191690300000001,
      "stddev" : 0.011514307488332865,
      "m15_rate" : 0.22434151935280489,
      "m1_rate" : 2.3626137561588E-5,
      "m5_rate" : 0.015162574955782356,
      "mean_rate" : 0.030059742129759058,
      "duration_units" : "seconds",
      "rate_units" : "calls/second"
    },
    "eu.domibus.core.message.acknowledge.MessageAcknowledgementDao.deleteMessages.deleteMessageAcknowledgementsByMessageIds.timer" : {
      "count" : 56,
      "max" : 0.014198495,
      "mean" : 0.0029984700462775066,
      "min" : 0.001977586,
      "p50" : 0.0025157820000000003,
      "p75" : 0.003056478,
      "p95" : 0.007299248,
      "p98" : 0.007299248,
      "p99" : 0.007299248,
      "p999" : 0.007299248,
      "stddev" : 0.0014157340140664462,
      "m15_rate" : 0.22433353833266423,
      "m1_rate" : 2.3391543497154617E-5,
      "m5_rate" : 0.015145190580518442,
      "mean_rate" : 0.030064637238409266,
      "duration_units" : "seconds",
      "rate_units" : "calls/second"
    },
    "eu.domibus.core.message.attempt.MessageAttemptDao.deleteMessages.deleteAttemptsByMessageIds.timer" : {
      "count" : 56,
      "max" : 0.028946485,
      "mean" : 0.0032182545181839253,
      "min" : 0.002221984,
      "p50" : 0.00281728,
      "p75" : 0.003720474,
      "p95" : 0.005404362,
      "p98" : 0.005404362,
      "p99" : 0.005404362,
      "p999" : 0.005404362,
      "stddev" : 9.212230414095288E-4,
      "m15_rate" : 0.2243349623683161,
      "m1_rate" : 2.3391543884804995E-5,
      "m5_rate" : 0.015145872670746425,
      "mean_rate" : 0.030063458348240837,
      "duration_units" : "seconds",
      "rate_units" : "calls/second"
    },
    "eu.domibus.core.message.pull.IncomingPullRequestHandler.incoming_pull_request.timer" : {
      "count" : 13,
      "max" : 0.47321025600000005,
      "mean" : 0.06705810293421274,
      "min" : 0.009397942000000001,
      "p50" : 0.020702972,
      "p75" : 0.09622820900000001,
      "p95" : 0.19203912,
      "p98" : 0.19203912,
      "p99" : 0.19203912,
      "p999" : 0.19203912,
      "stddev" : 0.0696259494293639,
      "m15_rate" : 0.030643848797568214,
      "m1_rate" : 0.011008886265264592,
      "m5_rate" : 0.011123357191110293,
      "mean_rate" : 0.003490186448859467,
      "duration_units" : "seconds",
      "rate_units" : "calls/second"
    },
    "eu.domibus.core.message.receipt.AS4ReceiptServiceImpl.generateReceipt.timer" : {
      "count" : 173151,
      "max" : 0.14033651800000002,
      "mean" : 0.028338700444629446,
      "min" : 0.016350799000000003,
      "p50" : 0.025110241000000002,
      "p75" : 0.0317416,
      "p95" : 0.050067484,
      "p98" : 0.059135331000000006,
      "p99" : 0.07666621700000001,
      "p999" : 0.14033651800000002,
      "stddev" : 0.011352417912173729,
      "m15_rate" : 59.956941138120776,
      "m1_rate" : 69.20697831254492,
      "m5_rate" : 64.75730926613232,
      "mean_rate" : 60.76250826476735,
      "duration_units" : "seconds",
      "rate_units" : "calls/second"
    },
    "eu.domibus.core.message.retention.MessageRetentionDefaultService.schedule_deleteExpiredMessages.timer" : {
      "count" : 13,
      "max" : 7.614867929000001,
      "mean" : 6.69690944765455,
      "min" : 0.22059636800000001,
      "p50" : 6.803876526000001,
      "p75" : 6.803876526000001,
      "p95" : 6.803876526000001,
      "p98" : 6.803876526000001,
      "p99" : 6.803876526000001,
      "p999" : 6.803876526000001,
      "stddev" : 0.18011907017797174,
      "m15_rate" : 0.006879594227078901,
      "m1_rate" : 2.953857175765993E-6,
      "m5_rate" : 0.0014945420378039123,
      "mean_rate" : 0.0036648950186951535,
      "duration_units" : "seconds",
      "rate_units" : "calls/second"
    },
    "eu.domibus.core.message.retention.RetentionListener.onMessage.deleteMessages.timer" : {
      "count" : 56,
      "max" : 4.1213682920000005,
      "mean" : 2.265475919583499,
      "min" : 1.402168096,
      "p50" : 2.256789022,
      "p75" : 2.460250273,
      "p95" : 2.5891070540000003,
      "p98" : 2.5891070540000003,
      "p99" : 2.5891070540000003,
      "p999" : 2.5891070540000003,
      "stddev" : 0.18905261772280246,
      "m15_rate" : 0.1475984314911396,
      "m1_rate" : 2.2273748162865748E-5,
      "m5_rate" : 0.013779576090331133,
      "mean_rate" : 0.03002602813398206,
      "duration_units" : "seconds",
      "rate_units" : "calls/second"
    },
    "eu.domibus.core.message.signal.SignalMessageDao.deleteMessages.deleteReceipts.timer" : {
      "count" : 56,
      "max" : 2.291634637,
      "mean" : 0.5514509601365586,
      "min" : 0.16169723500000002,
      "p50" : 0.5768707900000001,
      "p75" : 0.620224781,
      "p95" : 0.734968264,
      "p98" : 0.734968264,
      "p99" : 0.734968264,
      "p999" : 0.734968264,
      "stddev" : 0.09843460827529618,
      "m15_rate" : 0.22434621763749413,
      "m1_rate" : 2.3627718241348496E-5,
      "m5_rate" : 0.015168719383067656,
      "mean_rate" : 0.03005576108528521,
      "duration_units" : "seconds",
      "rate_units" : "calls/second"
    },
    "eu.domibus.core.message.signal.SignalMessageLogDao.deleteMessages.deleteMessageLogs.timer" : {
      "count" : 56,
      "max" : 0.18694101700000001,
      "mean" : 0.0744674106204384,
      "min" : 0.039609607000000005,
      "p50" : 0.065140536,
      "p75" : 0.080544026,
      "p95" : 0.135039438,
      "p98" : 0.135039438,
      "p99" : 0.135039438,
      "p999" : 0.135039438,
      "stddev" : 0.021520731197949585,
      "m15_rate" : 0.2243349623683161,
      "m1_rate" : 2.3391543884804995E-5,
      "m5_rate" : 0.015145872670746425,
      "mean_rate" : 0.030061788174168786,
      "duration_units" : "seconds",
      "rate_units" : "calls/second"
    },
    "eu.domibus.core.plugin.handler.DatabaseMessageHandler.submit.timer" : {
      "count" : 172936,
      "max" : 0.49424841100000005,
      "mean" : 0.09805166634195348,
      "min" : 0.016196484,
      "p50" : 0.081260996,
      "p75" : 0.11345179500000001,
      "p95" : 0.202333534,
      "p98" : 0.242555667,
      "p99" : 0.279065558,
      "p999" : 0.32296238400000005,
      "stddev" : 0.050645640490898786,
      "m15_rate" : 60.263702465680154,
      "m1_rate" : 75.23396058061441,
      "m5_rate" : 66.01568679978098,
      "mean_rate" : 61.47264404393804,
      "duration_units" : "seconds",
      "rate_units" : "calls/second"
    },
    "eu.domibus.core.plugin.notification.BackendNotificationService.notifyMessageReceived.timer" : {
      "count" : 173153,
      "max" : 0.272279779,
      "mean" : 0.06305139334133815,
      "min" : 5.36597E-4,
      "p50" : 0.054661656,
      "p75" : 0.08416227200000001,
      "p95" : 0.14101691300000002,
      "p98" : 0.191229391,
      "p99" : 0.229943846,
      "p999" : 0.272279779,
      "stddev" : 0.0440478421041923,
      "m15_rate" : 59.957199636571474,
      "m1_rate" : 69.2158372673491,
      "m5_rate" : 64.75896165458741,
      "mean_rate" : 60.761597563303994,
      "duration_units" : "seconds",
      "rate_units" : "calls/second"
    },
    "eu.domibus.core.plugin.notification.PluginAsyncNotificationListener.onMessage.timer" : {
      "count" : 172986,
      "max" : 0.355558252,
      "mean" : 0.10605384986700331,
      "min" : 0.015470603000000001,
      "p50" : 0.089313239,
      "p75" : 0.12826520700000002,
      "p95" : 0.22123962400000002,
      "p98" : 0.242713366,
      "p99" : 0.287218501,
      "p999" : 0.355558252,
      "stddev" : 0.05282283085323607,
      "m15_rate" : 60.19559755854556,
      "m1_rate" : 75.71733340804569,
      "m5_rate" : 66.07328937326925,
      "mean_rate" : 60.71374355516309,
      "duration_units" : "seconds",
      "rate_units" : "calls/second"
    },
    "eu.domibus.core.pmode.validation.validators.MessagePropertyValidator.validate.timer" : {
      "count" : 346090,
      "max" : 1.81E-5,
      "mean" : 1.2659269215232268E-6,
      "min" : 6.000000000000001E-7,
      "p50" : 1.1E-6,
      "p75" : 1.3E-6,
      "p95" : 2.3E-6,
      "p98" : 2.8000000000000003E-6,
      "p99" : 3.0E-6,
      "p999" : 1.6000000000000003E-5,
      "stddev" : 9.297886453018918E-7,
      "m15_rate" : 120.06033168210593,
      "m1_rate" : 145.48506842405024,
      "m5_rate" : 130.93153441091064,
      "mean_rate" : 121.44450539148515,
      "duration_units" : "seconds",
      "rate_units" : "calls/second"
    },
    "eu.domibus.core.replication.UIMessageDaoImpl.deleteMessages.deleteUIMessagesByMessageIds.timer" : {
      "count" : 112,
      "max" : 0.021387842,
      "mean" : 0.0026041344529301918,
      "min" : 0.0017442870000000002,
      "p50" : 0.0024141830000000003,
      "p75" : 0.00285338,
      "p95" : 0.003991972,
      "p98" : 0.004021971,
      "p99" : 0.004021971,
      "p999" : 0.004809666000000001,
      "stddev" : 5.959179812252648E-4,
      "m15_rate" : 0.4486699247366322,
      "m1_rate" : 4.678308776960999E-5,
      "m5_rate" : 0.03029174534149285,
      "mean_rate" : 0.06012843841629062,
      "duration_units" : "seconds",
      "rate_units" : "calls/second"
    },
    "eu.domibus.core.util.SoapUtil.logMessage.timer" : {
      "count" : 173154,
      "max" : 1.59E-5,
      "mean" : 7.623644226316508E-7,
      "min" : 3.0000000000000004E-7,
      "p50" : 7.000000000000001E-7,
      "p75" : 8.000000000000001E-7,
      "p95" : 1.2000000000000002E-6,
      "p98" : 1.4000000000000001E-6,
      "p99" : 1.6000000000000001E-6,
      "p999" : 1.59E-5,
      "stddev" : 7.491675365808836E-7,
      "m15_rate" : 59.95199734175082,
      "m1_rate" : 69.13712163994917,
      "m5_rate" : 64.74129488025284,
      "mean_rate" : 60.7604295948106,
      "duration_units" : "seconds",
      "rate_units" : "calls/second"
    },
    "eu.domibus.plugin.jms.JMSPluginImpl.deliverMessage.timer" : {
      "count" : 172986,
      "max" : 0.33788317900000003,
      "mean" : 0.10330101484134281,
      "min" : 0.012510722,
      "p50" : 0.08837294400000001,
      "p75" : 0.125817608,
      "p95" : 0.205674136,
      "p98" : 0.237876096,
      "p99" : 0.27234952500000004,
      "p999" : 0.33788317900000003,
      "stddev" : 0.05075436230434525,
      "m15_rate" : 60.194746260446045,
      "m1_rate" : 75.70142561748393,
      "m5_rate" : 66.07033795222901,
      "mean_rate" : 60.71400196445294,
      "duration_units" : "seconds",
      "rate_units" : "calls/second"
    },
    "eu.domibus.plugin.jms.JMSPluginImpl.receiveMessage.timer" : {
      "count" : 172936,
      "max" : 0.835097465,
      "mean" : 0.1704752665677502,
      "min" : 0.023910649000000003,
      "p50" : 0.156062122,
      "p75" : 0.19819746600000002,
      "p95" : 0.30583419,
      "p98" : 0.37798547400000004,
      "p99" : 0.454682026,
      "p999" : 0.49534060900000004,
      "stddev" : 0.07166974859454985,
      "m15_rate" : 60.25991989540379,
      "m1_rate" : 75.2021238892881,
      "m5_rate" : 66.01095177235979,
      "mean_rate" : 61.47182664934082,
      "duration_units" : "seconds",
      "rate_units" : "calls/second"
    }
  }
}