{
  "version" : "4.0.0",
  "gauges" : { },
  "counters" : {
    "eu.domibus.core.ebms3.receiver.MSHWebservice.incoming_user_message.counter" : {
      "count" : 30
    },
    "eu.domibus.core.ebms3.receiver.handler.AbstractIncomingMessageHandler.processMessage.counter" : {
      "count" : 30
    },
    "eu.domibus.core.ebms3.receiver.handler.IncomingUserMessageHandler.around_handleNewUserMessage.counter.counter" : {
      "count" : 60
    },
    "eu.domibus.core.ebms3.sender.AbstractUserMessageSender.outgoing_user_message.counter" : {
      "count" : 5
    },
    "eu.domibus.core.ebms3.sender.MessageSenderListener.onMessage.counter" : {
      "count" : 7
    },
    "eu.domibus.core.ebms3.sender.MessageSenderService.sendUserMessage.counter" : {
      "count" : 7
    },
    "eu.domibus.core.ebms3.sender.client.MSHDispatcher.dispatch.counter" : {
      "count" : 5
    },
    "eu.domibus.core.error.ErrorLogDao.deleteMessages.deleteErrorLogsByMessageIdInError.counter" : {
      "count" : 0
    },
    "eu.domibus.core.message.MessageInfoDao.deleteMessages.counter" : {
      "count" : 0
    },
    "eu.domibus.core.message.MessageInfoDao.findSignalMessageIds.counter" : {
      "count" : 0
    },
    "eu.domibus.core.message.MessagingServiceImpl.storeMessage.counter" : {
      "count" : 0
    },
    "eu.domibus.core.message.UserMessageHandlerServiceImpl.handleNewUserMessage.counter" : {
      "count" : 18
    },
    "eu.domibus.core.message.UserMessageLogDao.deleteMessages.deleteMessageLogs.counter" : {
      "count" : 0
    },
    "eu.domibus.core.message.acknowledge.MessageAcknowledgementDao.deleteMessages.deleteMessageAcknowledgementsByMessageIds.counter" : {
      "count" : 0
    },
    "eu.domibus.core.message.attempt.MessageAttemptDao.deleteMessages.deleteAttemptsByMessageIds.counter" : {
      "count" : 0
    },
    "eu.domibus.core.message.pull.IncomingPullRequestHandler.incoming_pull_request.counter" : {
      "count" : 0
    },
    "eu.domibus.core.message.receipt.AS4ReceiptServiceImpl.generateReceipt.counter" : {
      "count" : 8
    },
    "eu.domibus.core.message.retention.MessageRetentionDefaultService.schedule_deleteExpiredMessages.counter" : {
      "count" : 0
    },
    "eu.domibus.core.message.retention.RetentionListener.onMessage.deleteMessages.counter" : {
      "count" : 0
    },
    "eu.domibus.core.message.signal.SignalMessageDao.deleteMessages.deleteReceipts.counter" : {
      "count" : 0
    },
    "eu.domibus.core.message.signal.SignalMessageLogDao.deleteMessages.deleteMessageLogs.counter" : {
      "count" : 0
    },
    "eu.domibus.core.plugin.handler.DatabaseMessageHandler.submit.counter" : {
      "count" : 14
    },
    "eu.domibus.core.plugin.notification.BackendNotificationService.notifyMessageReceived.counter" : {
      "count" : 10
    },
    "eu.domibus.core.plugin.notification.PluginAsyncNotificationListener.onMessage.counter" : {
      "count" : 6
    },
    "eu.domibus.core.pmode.validation.validators.MessagePropertyValidator.validate.counter" : {
      "count" : 0
    },
    "eu.domibus.core.replication.UIMessageDaoImpl.deleteMessages.deleteUIMessagesByMessageIds.counter" : {
      "count" : 0
    },
    "eu.domibus.core.util.SoapUtil.SoapUtil.counter" : {
      "count" : 0
    },
    "eu.domibus.plugin.jms.JMSPluginImpl.deliverMessage.counter" : {
      "count" : 6
    },
    "eu.domibus.plugin.jms.JMSPluginImpl.receiveMessage.counter" : {
      "count" : 18
    }
  },
  "histograms" : { },
  "meters" : { },
  "timers" : {
    "eu.domibus.core.ebms3.receiver.MSHWebservice.incoming_user_message.timer" : {
      "count" : 171720,
      "max" : 0.9706363990000001,
      "mean" : 0.36333940963061473,
      "min" : 0.009186702,
      "p50" : 0.327603531,
      "p75" : 0.40356795,
      "p95" : 0.697322957,
      "p98" : 0.818772367,
      "p99" : 0.8616060710000001,
      "p999" : 0.9385266760000001,
      "stddev" : 0.14131434555713823,
      "m15_rate" : 59.27011562920038,
      "m1_rate" : 63.10092381701021,
      "m5_rate" : 63.78337356918585,
      "mean_rate" : 46.09892809939647,
      "duration_units" : "seconds",
      "rate_units" : "calls/second"
    },
    "eu.domibus.core.ebms3.receiver.handler.AbstractIncomingMessageHandler.processMessage.timer" : {
      "count" : 171712,
      "max" : 1.145471633,
      "mean" : 0.3684784918972465,
      "min" : 0.131826111,
      "p50" : 0.33121694700000004,
      "p75" : 0.405525846,
      "p95" : 0.706828856,
      "p98" : 0.84046867,
      "p99" : 0.911605375,
      "p999" : 1.126263829,
      "stddev" : 0.14386369573783211,
      "m15_rate" : 59.45553839996986,
      "m1_rate" : 64.94725344743289,
      "m5_rate" : 64.14564166282219,
      "mean_rate" : 60.25874534175735,
      "duration_units" : "seconds",
      "rate_units" : "calls/second"
    },
    "eu.domibus.core.ebms3.receiver.handler.IncomingUserMessageHandler.around_handleNewUserMessage.timer.timer" : {
      "count" : 171682,
      "max" : 1.17306954,
      "mean" : 0.3627830600548195,
      "min" : 0.147564215,
      "p50" : 0.327161937,
      "p75" : 0.404813741,
      "p95" : 0.694108197,
      "p98" : 0.852029369,
      "p99" : 0.8988253730000001,
      "p999" : 1.012366184,
      "stddev" : 0.1406373266323444,
      "m15_rate" : 59.43887347974535,
      "m1_rate" : 64.93004093495222,
      "m5_rate" : 64.13206531403827,
      "mean_rate" : 60.24864574417065,
      "duration_units" : "seconds",
      "rate_units" : "calls/second"
    },
    "eu.domibus.core.ebms3.sender.AbstractUserMessageSender.outgoing_user_message.timer" : {
      "count" : 171742,
      "max" : 0.495430603,
      "mean" : 0.060687435394959806,
      "min" : 0.042676604,
      "p50" : 0.057156906,
      "p75" : 0.063161722,
      "p95" : 0.07764631400000001,
      "p98" : 0.096595813,
      "p99" : 0.144179821,
      "p999" : 0.298147743,
      "stddev" : 0.021165918384347598,
      "m15_rate" : 59.94162499608148,
      "m1_rate" : 73.43954471659224,
      "m5_rate" : 66.13295946989605,
      "mean_rate" : 61.045572918079486,
      "duration_units" : "seconds",
      "rate_units" : "calls/second"
    },
    "eu.domibus.core.ebms3.sender.MessageSenderListener.onMessage.timer" : {
      "count" : 171742,
      "max" : 0.384305679,
      "mean" : 0.0753574000547635,
      "min" : 0.047397005000000006,
      "p50" : 0.064372807,
      "p75" : 0.07610541,
      "p95" : 0.139729017,
      "p98" : 0.161908926,
      "p99" : 0.20724514100000002,
      "p999" : 0.285697935,
      "stddev" : 0.030712579475552976,
      "m15_rate" : 59.94575689691158,
      "m1_rate" : 73.5200823258009,
      "m5_rate" : 66.14736505335496,
      "mean_rate" : 61.043843925271155,
      "duration_units" : "seconds",
      "rate_units" : "calls/second"
    },
    "eu.domibus.core.ebms3.sender.MessageSenderService.sendUserMessage.timer" : {
      "count" : 171742,
      "max" : 0.536427718,
      "mean" : 0.077209246185075,
      "min" : 0.047574905,
      "p50" : 0.065047907,
      "p75" : 0.079482509,
      "p95" : 0.141364118,
      "p98" : 0.17944562600000002,
      "p99" : 0.21696093000000002,
      "p999" : 0.33905814700000003,
      "stddev" : 0.03482130962124608,
      "m15_rate" : 59.94510056352361,
      "m1_rate" : 73.50212457208295,
      "m5_rate" : 66.14436501771176,
      "mean_rate" : 61.044380408214934,
      "duration_units" : "seconds",
      "rate_units" : "calls/second"
    },
    "eu.domibus.core.ebms3.sender.client.MSHDispatcher.dispatch.timer" : {
      "count" : 171742,
      "max" : 0.34505108700000003,
      "mean" : 0.049350186205519835,
      "min" : 0.034932204,
      "p50" : 0.046873008,
      "p75" : 0.05217320600000001,
      "p95" : 0.064095708,
      "p98" : 0.08008641300000001,
      "p99" : 0.10001581300000001,
      "p999" : 0.29193503200000004,
      "stddev" : 0.01645950054965148,
      "m15_rate" : 59.939054259845136,
      "m1_rate" : 73.38769142896797,
      "m5_rate" : 66.1244901481071,
      "mean_rate" : 61.04623282071996,
      "duration_units" : "seconds",
      "rate_units" : "calls/second"
    },
    "eu.domibus.core.error.ErrorLogDao.deleteMessages.deleteErrorLogsByMessageIdInError.timer" : {
      "count" : 71,
      "max" : 0.033840284000000005,
      "mean" : 0.0032657016341544084,
      "min" : 0.0021967,
      "p50" : 0.0029773010000000003,
      "p75" : 0.0040062000000000006,
      "p95" : 0.004269401,
      "p98" : 0.004439101,
      "p99" : 0.004439101,
      "p999" : 0.004439101,
      "stddev" : 7.073351955435249E-4,
      "m15_rate" : 0.16609718158088932,
      "m1_rate" : 0.07917908091479768,
      "m5_rate" : 0.06639601725067573,
      "mean_rate" : 0.03280303133352038,
      "duration_units" : "seconds",
      "rate_units" : "calls/second"
    },
    "eu.domibus.core.message.MessageInfoDao.deleteMessages.timer" : {
      "count" : 142,
      "max" : 3.677401197,
      "mean" : 0.8057837324639655,
      "min" : 0.036752078,
      "p50" : 0.41812988500000003,
      "p75" : 1.101417051,
      "p95" : 2.376555786,
      "p98" : 3.421257186,
      "p99" : 3.421257186,
      "p999" : 3.677401197,
      "stddev" : 0.7159785522868954,
      "m15_rate" : 0.33029244418901266,
      "m1_rate" : 0.1456118670366691,
      "m5_rate" : 0.13039541872383784,
      "mean_rate" : 0.0655807841759944,
      "duration_units" : "seconds",
      "rate_units" : "calls/second"
    },
    "eu.domibus.core.message.MessageInfoDao.findSignalMessageIds.timer" : {
      "count" : 71,
      "max" : 0.44835958400000003,
      "mean" : 0.1911171435409929,
      "min" : 0.023439886,
      "p50" : 0.13931262,
      "p75" : 0.276512939,
      "p95" : 0.352419172,
      "p98" : 0.381455878,
      "p99" : 0.388963808,
      "p999" : 0.388963808,
      "stddev" : 0.09757252344809615,
      "m15_rate" : 0.1650975231952192,
      "m1_rate" : 0.07092805739032301,
      "m5_rate" : 0.06492123540501397,
      "mean_rate" : 0.03278608898270217,
      "duration_units" : "seconds",
      "rate_units" : "calls/second"
    },
    "eu.domibus.core.message.MessagingServiceImpl.storeMessage.timer" : {
      "count" : 343525,
      "max" : 0.081644913,
      "mean" : 0.005831954707536215,
      "min" : 0.0031146000000000004,
      "p50" : 0.004869501,
      "p75" : 0.0057672010000000004,
      "p95" : 0.010504300000000001,
      "p98" : 0.014732402,
      "p99" : 0.018397202,
      "p999" : 0.063284908,
      "stddev" : 0.004117149062041838,
      "m15_rate" : 119.30740550049649,
      "m1_rate" : 138.7984800781284,
      "m5_rate" : 130.31943023357334,
      "mean_rate" : 120.55451880919975,
      "duration_units" : "seconds",
      "rate_units" : "calls/second"
    },
    "eu.domibus.core.message.UserMessageHandlerServiceImpl.handleNewUserMessage.timer" : {
      "count" : 171724,
      "max" : 0.454722291,
      "mean" : 0.10660032365072906,
      "min" : 0.030642503,
      "p50" : 0.09511211,
      "p75" : 0.13134621300000002,
      "p95" : 0.23219931800000002,
      "p98" : 0.262706422,
      "p99" : 0.27181972200000004,
      "p999" : 0.316075842,
      "stddev" : 0.055681346580483966,
      "m15_rate" : 59.44792464554024,
      "m1_rate" : 64.82717427205935,
      "m5_rate" : 64.1144690549079,
      "mean_rate" : 60.263356515231024,
      "duration_units" : "seconds",
      "rate_units" : "calls/second"
    },
    "eu.domibus.core.message.UserMessageLogDao.deleteMessages.deleteMessageLogs.timer" : {
      "count" : 71,
      "max" : 5.7534777120000005,
      "mean" : 0.06808523163442298,
      "min" : 0.01622689,
      "p50" : 0.066026809,
      "p75" : 0.077386411,
      "p95" : 0.082442822,
      "p98" : 0.093771826,
      "p99" : 0.12304853500000001,
      "p999" : 0.12304853500000001,
      "stddev" : 0.030646103653765792,
      "m15_rate" : 0.16609718158088932,
      "m1_rate" : 0.07917908091479768,
      "m5_rate" : 0.06639601725067573,
      "mean_rate" : 0.03280218019573877,
      "duration_units" : "seconds",
      "rate_units" : "calls/second"
    },
    "eu.domibus.core.message.acknowledge.MessageAcknowledgementDao.deleteMessages.deleteMessageAcknowledgementsByMessageIds.timer" : {
      "count" : 71,
      "max" : 0.09631374200000001,
      "mean" : 0.0031812520220284185,
      "min" : 0.0018722010000000002,
      "p50" : 0.0030551000000000003,
      "p75" : 0.004014801,
      "p95" : 0.005825501,
      "p98" : 0.005825501,
      "p99" : 0.005825501,
      "p999" : 0.005825501,
      "stddev" : 0.0011308482129803027,
      "m15_rate" : 0.16609718158088932,
      "m1_rate" : 0.07917908091479768,
      "m5_rate" : 0.06639601725067573,
      "mean_rate" : 0.032803560889271575,
      "duration_units" : "seconds",
      "rate_units" : "calls/second"
    },
    "eu.domibus.core.message.attempt.MessageAttemptDao.deleteMessages.deleteAttemptsByMessageIds.timer" : {
      "count" : 71,
      "max" : 0.011950792,
      "mean" : 0.003163648868060655,
      "min" : 0.0021406990000000002,
      "p50" : 0.0030672000000000004,
      "p75" : 0.0036465000000000004,
      "p95" : 0.004538801,
      "p98" : 0.004538801,
      "p99" : 0.004538801,
      "p999" : 0.004538801,
      "stddev" : 6.513683210777565E-4,
      "m15_rate" : 0.16609718158088932,
      "m1_rate" : 0.07917908091479768,
      "m5_rate" : 0.06639601725067573,
      "mean_rate" : 0.03280283524415952,
      "duration_units" : "seconds",
      "rate_units" : "calls/second"
    },
    "eu.domibus.core.message.pull.IncomingPullRequestHandler.incoming_pull_request.timer" : {
      "count" : 8,
      "max" : 0.42838590000000004,
      "mean" : 0.0656841031432932,
      "min" : 0.009123302,
      "p50" : 0.010902902,
      "p75" : 0.011355402,
      "p95" : 0.238127149,
      "p98" : 0.238127149,
      "p99" : 0.238127149,
      "p999" : 0.238127149,
      "stddev" : 0.09759101659360121,
      "m15_rate" : 0.016702361348961796,
      "m1_rate" : 0.008656649433991769,
      "m5_rate" : 0.008866827539122473,
      "mean_rate" : 0.0021476335880020038,
      "duration_units" : "seconds",
      "rate_units" : "calls/second"
    },
    "eu.domibus.core.message.receipt.AS4ReceiptServiceImpl.generateReceipt.timer" : {
      "count" : 171721,
      "max" : 0.197900822,
      "mean" : 0.029449687692249663,
      "min" : 0.014963805,
      "p50" : 0.025700703000000002,
      "p75" : 0.032506904,
      "p95" : 0.050713007000000004,
      "p98" : 0.062452906,
      "p99" : 0.08937560800000001,
      "p999" : 0.197900822,
      "stddev" : 0.013938474544076467,
      "m15_rate" : 59.44762271644058,
      "m1_rate" : 64.82146451849107,
      "m5_rate" : 64.11445386757924,
      "mean_rate" : 60.26551714239475,
      "duration_units" : "seconds",
      "rate_units" : "calls/second"
    },
    "eu.domibus.core.message.retention.MessageRetentionDefaultService.schedule_deleteExpiredMessages.timer" : {
      "count" : 13,
      "max" : 8.698396218000001,
      "mean" : 7.952958946974106,
      "min" : 0.225089898,
      "p50" : 7.789324593000001,
      "p75" : 8.044605951000001,
      "p95" : 8.698396218000001,
      "p98" : 8.698396218000001,
      "p99" : 8.698396218000001,
      "p999" : 8.698396218000001,
      "stddev" : 0.2816903841602529,
      "m15_rate" : 0.009814749401861216,
      "m1_rate" : 0.009617626058321803,
      "m5_rate" : 0.008111615084976964,
      "mean_rate" : 0.003860814629173007,
      "duration_units" : "seconds",
      "rate_units" : "calls/second"
    },
    "eu.domibus.core.message.retention.RetentionListener.onMessage.deleteMessages.timer" : {
      "count" : 71,
      "max" : 7.329803948,
      "mean" : 2.4888302650982954,
      "min" : 0.354285887,
      "p50" : 1.9196783650000002,
      "p75" : 2.227612312,
      "p95" : 4.818072065,
      "p98" : 5.084535614,
      "p99" : 6.260159392,
      "p999" : 6.260159392,
      "stddev" : 1.1199970918616233,
      "m15_rate" : 0.1652146854339087,
      "m1_rate" : 0.07419767440362172,
      "m5_rate" : 0.06550741389391077,
      "mean_rate" : 0.03278534059775835,
      "duration_units" : "seconds",
      "rate_units" : "calls/second"
    },
    "eu.domibus.core.message.signal.SignalMessageDao.deleteMessages.deleteReceipts.timer" : {
      "count" : 71,
      "max" : 1.9745682990000002,
      "mean" : 0.4484883975271549,
      "min" : 0.024995185000000003,
      "p50" : 0.19901232800000002,
      "p75" : 0.244600368,
      "p95" : 1.638469149,
      "p98" : 1.9745682990000002,
      "p99" : 1.9745682990000002,
      "p999" : 1.9745682990000002,
      "stddev" : 0.5183990099236456,
      "m15_rate" : 0.1660687428930282,
      "m1_rate" : 0.07917895657150963,
      "m5_rate" : 0.0663416899712676,
      "mean_rate" : 0.0328015116636177,
      "duration_units" : "seconds",
      "rate_units" : "calls/second"
    },
    "eu.domibus.core.message.signal.SignalMessageLogDao.deleteMessages.deleteMessageLogs.timer" : {
      "count" : 71,
      "max" : 0.097585853,
      "mean" : 0.05818308072617128,
      "min" : 0.007286096000000001,
      "p50" : 0.056723008000000005,
      "p75" : 0.06272010900000001,
      "p95" : 0.087721012,
      "p98" : 0.087721012,
      "p99" : 0.097250427,
      "p999" : 0.097250427,
      "stddev" : 0.013895470628900213,
      "m15_rate" : 0.16609718158088932,
      "m1_rate" : 0.07917908091479768,
      "m5_rate" : 0.06639601725067573,
      "mean_rate" : 0.03280253318993858,
      "duration_units" : "seconds",
      "rate_units" : "calls/second"
    },
    "eu.domibus.core.plugin.handler.DatabaseMessageHandler.submit.timer" : {
      "count" : 171777,
      "max" : 0.6056092240000001,
      "mean" : 0.09907563194300217,
      "min" : 0.011613701,
      "p50" : 0.079690408,
      "p75" : 0.120380815,
      "p95" : 0.20177671600000002,
      "p98" : 0.253438127,
      "p99" : 0.273509822,
      "p999" : 0.40269388100000003,
      "stddev" : 0.05159608696394937,
      "m15_rate" : 59.945060729835475,
      "m1_rate" : 73.43489174390149,
      "m5_rate" : 66.12522291551122,
      "mean_rate" : 61.052114562568434,
      "duration_units" : "seconds",
      "rate_units" : "calls/second"
    },
    "eu.domibus.core.plugin.notification.BackendNotificationService.notifyMessageReceived.timer" : {
      "count" : 171729,
      "max" : 0.33588296900000003,
      "mean" : 0.06252429979093353,
      "min" : 7.51E-4,
      "p50" : 0.053157505,
      "p75" : 0.080172012,
      "p95" : 0.17407291400000002,
      "p98" : 0.207038517,
      "p99" : 0.229727019,
      "p999" : 0.24439664900000002,
      "stddev" : 0.04887274064810209,
      "m15_rate" : 59.44658282424878,
      "m1_rate" : 64.848731849864,
      "m5_rate" : 64.11455474336967,
      "mean_rate" : 60.266683474674295,
      "duration_units" : "seconds",
      "rate_units" : "calls/second"
    },
    "eu.domibus.core.plugin.notification.PluginAsyncNotificationListener.onMessage.timer" : {
      "count" : 171841,
      "max" : 0.476584432,
      "mean" : 0.09544293901468305,
      "min" : 0.012516002,
      "p50" : 0.081042708,
      "p75" : 0.106882313,
      "p95" : 0.193894216,
      "p98" : 0.23455272000000002,
      "p99" : 0.25117232100000003,
      "p999" : 0.313260344,
      "stddev" : 0.04583006892131697,
      "m15_rate" : 59.9426684670276,
      "m1_rate" : 73.49489235774419,
      "m5_rate" : 66.11528038569102,
      "mean_rate" : 60.31426366718646,
      "duration_units" : "seconds",
      "rate_units" : "calls/second"
    },
    "eu.domibus.core.pmode.validation.validators.MessagePropertyValidator.validate.timer" : {
      "count" : 343525,
      "max" : 9.3E-6,
      "mean" : 1.1393170511102127E-6,
      "min" : 4.0000000000000003E-7,
      "p50" : 1.1E-6,
      "p75" : 1.3E-6,
      "p95" : 2.0000000000000003E-6,
      "p98" : 2.4000000000000003E-6,
      "p99" : 2.6E-6,
      "p999" : 9.3E-6,
      "stddev" : 4.966746224365141E-7,
      "m15_rate" : 119.30795281814598,
      "m1_rate" : 138.8078672257295,
      "m5_rate" : 130.32099195531592,
      "mean_rate" : 120.55392253824444,
      "duration_units" : "seconds",
      "rate_units" : "calls/second"
    },
    "eu.domibus.core.replication.UIMessageDaoImpl.deleteMessages.deleteUIMessagesByMessageIds.timer" : {
      "count" : 142,
      "max" : 0.014376792000000001,
      "mean" : 0.0029417291708870768,
      "min" : 7.569E-4,
      "p50" : 0.0026601010000000002,
      "p75" : 0.0032182010000000004,
      "p95" : 0.005585701,
      "p98" : 0.006216500000000001,
      "p99" : 0.006216500000000001,
      "p999" : 0.006216500000000001,
      "stddev" : 9.90990534194333E-4,
      "m15_rate" : 0.33219436316177864,
      "m1_rate" : 0.15835816182959536,
      "m5_rate" : 0.13279203450135146,
      "mean_rate" : 0.06560658657751298,
      "duration_units" : "seconds",
      "rate_units" : "calls/second"
    },
    "eu.domibus.core.util.SoapUtil.logMessage.timer" : {
      "count" : 171739,
      "max" : 1.73E-5,
      "mean" : 7.54666515790559E-7,
      "min" : 3.0000000000000004E-7,
      "p50" : 7.000000000000001E-7,
      "p75" : 8.000000000000001E-7,
      "p95" : 1.3E-6,
      "p98" : 1.5E-6,
      "p99" : 1.6000000000000001E-6,
      "p999" : 1.73E-5,
      "stddev" : 9.56439320841127E-7,
      "m15_rate" : 59.44523832211585,
      "m1_rate" : 64.8121905555624,
      "m5_rate" : 64.10788159861706,
      "mean_rate" : 60.268658743731386,
      "duration_units" : "seconds",
      "rate_units" : "calls/second"
    },
    "eu.domibus.plugin.jms.JMSPluginImpl.deliverMessage.timer" : {
      "count" : 171841,
      "max" : 0.511813604,
      "mean" : 0.09856291793564277,
      "min" : 0.013967202000000001,
      "p50" : 0.08161240800000001,
      "p75" : 0.10611791400000001,
      "p95" : 0.207372045,
      "p98" : 0.23954242,
      "p99" : 0.251924256,
      "p999" : 0.392344354,
      "stddev" : 0.048151713902317934,
      "m15_rate" : 59.941717644797926,
      "m1_rate" : 73.47887685795578,
      "m5_rate" : 66.11253423158756,
      "mean_rate" : 60.31452946352117,
      "duration_units" : "seconds",
      "rate_units" : "calls/second"
    },
    "eu.domibus.plugin.jms.JMSPluginImpl.receiveMessage.timer" : {
      "count" : 171773,
      "max" : 0.833579971,
      "mean" : 0.17097306317986666,
      "min" : 0.016775402000000002,
      "p50" : 0.15197221700000002,
      "p75" : 0.191329724,
      "p95" : 0.33115015600000003,
      "p98" : 0.45312463700000005,
      "p99" : 0.46021076400000005,
      "p999" : 0.5724763150000001,
      "stddev" : 0.07759228497181851,
      "m15_rate" : 59.94704387001017,
      "m1_rate" : 73.49218749815799,
      "m5_rate" : 66.13480942948026,
      "mean_rate" : 61.050522395652735,
      "duration_units" : "seconds",
      "rate_units" : "calls/second"
    }
  }
}