{
  "version" : "4.0.0",
  "gauges" : { },
  "counters" : {
    "eu.domibus.core.ebms3.receiver.MSHWebservice.incoming_user_message.counter" : {
      "count" : 30
    },
    "eu.domibus.core.ebms3.receiver.handler.AbstractIncomingMessageHandler.processMessage.counter" : {
      "count" : 30
    },
    "eu.domibus.core.ebms3.receiver.handler.IncomingUserMessageHandler.around_handleNewUserMessage.counter.counter" : {
      "count" : 60
    },
    "eu.domibus.core.ebms3.sender.AbstractUserMessageSender.outgoing_user_message.counter" : {
      "count" : 0
    },
    "eu.domibus.core.ebms3.sender.MessageSenderListener.onMessage.counter" : {
      "count" : 0
    },
    "eu.domibus.core.ebms3.sender.MessageSenderService.sendUserMessage.counter" : {
      "count" : 0
    },
    "eu.domibus.core.ebms3.sender.client.MSHDispatcher.dispatch.counter" : {
      "count" : 0
    },
    "eu.domibus.core.error.ErrorLogDao.deleteMessages.deleteErrorLogsByMessageIdInError.counter" : {
      "count" : 0
    },
    "eu.domibus.core.message.MessageInfoDao.deleteMessages.counter" : {
      "count" : 1
    },
    "eu.domibus.core.message.MessageInfoDao.findSignalMessageIds.counter" : {
      "count" : 0
    },
    "eu.domibus.core.message.MessagingServiceImpl.storeMessage.counter" : {
      "count" : 0
    },
    "eu.domibus.core.message.UserMessageHandlerServiceImpl.handleNewUserMessage.counter" : {
      "count" : 10
    },
    "eu.domibus.core.message.UserMessageLogDao.deleteMessages.deleteMessageLogs.counter" : {
      "count" : 0
    },
    "eu.domibus.core.message.acknowledge.MessageAcknowledgementDao.deleteMessages.deleteMessageAcknowledgementsByMessageIds.counter" : {
      "count" : 0
    },
    "eu.domibus.core.message.attempt.MessageAttemptDao.deleteMessages.deleteAttemptsByMessageIds.counter" : {
      "count" : 0
    },
    "eu.domibus.core.message.pull.IncomingPullRequestHandler.incoming_pull_request.counter" : {
      "count" : 0
    },
    "eu.domibus.core.message.receipt.AS4ReceiptServiceImpl.generateReceipt.counter" : {
      "count" : 0
    },
    "eu.domibus.core.message.retention.MessageRetentionDefaultService.schedule_deleteExpiredMessages.counter" : {
      "count" : 1
    },
    "eu.domibus.core.message.retention.RetentionListener.onMessage.deleteMessages.counter" : {
      "count" : 2
    },
    "eu.domibus.core.message.signal.SignalMessageDao.deleteMessages.deleteReceipts.counter" : {
      "count" : 1
    },
    "eu.domibus.core.message.signal.SignalMessageLogDao.deleteMessages.deleteMessageLogs.counter" : {
      "count" : 0
    },
    "eu.domibus.core.plugin.handler.DatabaseMessageHandler.submit.counter" : {
      "count" : 5
    },
    "eu.domibus.core.plugin.notification.BackendNotificationService.notifyMessageReceived.counter" : {
      "count" : 10
    },
    "eu.domibus.core.plugin.notification.PluginAsyncNotificationListener.onMessage.counter" : {
      "count" : 3
    },
    "eu.domibus.core.pmode.validation.validators.MessagePropertyValidator.validate.counter" : {
      "count" : 0
    },
    "eu.domibus.core.replication.UIMessageDaoImpl.deleteMessages.deleteUIMessagesByMessageIds.counter" : {
      "count" : 0
    },
    "eu.domibus.core.util.SoapUtil.SoapUtil.counter" : {
      "count" : 0
    },
    "eu.domibus.plugin.jms.JMSPluginImpl.deliverMessage.counter" : {
      "count" : 3
    },
    "eu.domibus.plugin.jms.JMSPluginImpl.receiveMessage.counter" : {
      "count" : 7
    }
  },
  "histograms" : { },
  "meters" : { },
  "timers" : {
    "eu.domibus.core.ebms3.receiver.MSHWebservice.incoming_user_message.timer" : {
      "count" : 165045,
      "max" : 1.1196348,
      "mean" : 0.3775794748496629,
      "min" : 0.14015486400000002,
      "p50" : 0.347177408,
      "p75" : 0.402596714,
      "p95" : 0.7144042780000001,
      "p98" : 0.8063228010000001,
      "p99" : 0.8497433950000001,
      "p999" : 1.0426283360000002,
      "stddev" : 0.1317063864112053,
      "m15_rate" : 58.303193218333575,
      "m1_rate" : 66.8994494889389,
      "m5_rate" : 65.06220710583837,
      "mean_rate" : 44.307751796080346,
      "duration_units" : "seconds",
      "rate_units" : "calls/second"
    },
    "eu.domibus.core.ebms3.receiver.handler.AbstractIncomingMessageHandler.processMessage.timer" : {
      "count" : 165037,
      "max" : 1.044492309,
      "mean" : 0.3736951026449602,
      "min" : 0.148098798,
      "p50" : 0.344939698,
      "p75" : 0.40350820600000004,
      "p95" : 0.6604678890000001,
      "p98" : 0.792731822,
      "p99" : 0.891908396,
      "p999" : 1.044492309,
      "stddev" : 0.12982246734453373,
      "m15_rate" : 58.37873490059062,
      "m1_rate" : 66.79048290360052,
      "m5_rate" : 65.03792033970811,
      "mean_rate" : 57.911500683611564,
      "duration_units" : "seconds",
      "rate_units" : "calls/second"
    },
    "eu.domibus.core.ebms3.receiver.handler.IncomingUserMessageHandler.around_handleNewUserMessage.timer.timer" : {
      "count" : 165007,
      "max" : 1.116190582,
      "mean" : 0.3773105060249547,
      "min" : 0.1394715,
      "p50" : 0.346025902,
      "p75" : 0.40048893100000005,
      "p95" : 0.674535791,
      "p98" : 0.838470253,
      "p99" : 0.9511457740000001,
      "p999" : 1.046538798,
      "stddev" : 0.13813609004911545,
      "m15_rate" : 58.361316142078266,
      "m1_rate" : 66.76597784868089,
      "m5_rate" : 65.02155386529803,
      "mean_rate" : 57.901667269188295,
      "duration_units" : "seconds",
      "rate_units" : "calls/second"
    },
    "eu.domibus.core.ebms3.sender.AbstractUserMessageSender.outgoing_user_message.timer" : {
      "count" : 165018,
      "max" : 0.47025487600000004,
      "mean" : 0.05982315970898762,
      "min" : 0.040417139000000005,
      "p50" : 0.055568740000000005,
      "p75" : 0.061446282000000005,
      "p95" : 0.07559619000000001,
      "p98" : 0.10243877300000001,
      "p99" : 0.158773683,
      "p999" : 0.411284541,
      "stddev" : 0.02818856472635122,
      "m15_rate" : 58.72864726808182,
      "m1_rate" : 78.69981194975581,
      "m5_rate" : 67.0288081561237,
      "mean_rate" : 58.67403194563772,
      "duration_units" : "seconds",
      "rate_units" : "calls/second"
    },
    "eu.domibus.core.ebms3.sender.MessageSenderListener.onMessage.timer" : {
      "count" : 165018,
      "max" : 0.326880233,
      "mean" : 0.07660479993571152,
      "min" : 0.044239189000000005,
      "p50" : 0.064199737,
      "p75" : 0.077001122,
      "p95" : 0.137308398,
      "p98" : 0.215009485,
      "p99" : 0.244421406,
      "p999" : 0.326880233,
      "stddev" : 0.036227914185340895,
      "m15_rate" : 58.7346312281005,
      "m1_rate" : 78.79983485823182,
      "m5_rate" : 67.0490353305449,
      "mean_rate" : 58.67213930011077,
      "duration_units" : "seconds",
      "rate_units" : "calls/second"
    },
    "eu.domibus.core.ebms3.sender.MessageSenderService.sendUserMessage.timer" : {
      "count" : 165018,
      "max" : 0.421886021,
      "mean" : 0.07767093602793602,
      "min" : 0.045931048,
      "p50" : 0.064267444,
      "p75" : 0.079877687,
      "p95" : 0.145107816,
      "p98" : 0.20220859400000002,
      "p99" : 0.260094557,
      "p999" : 0.421886021,
      "stddev" : 0.0382751008048635,
      "m15_rate" : 58.73354743663615,
      "m1_rate" : 78.78959692682203,
      "m5_rate" : 67.04551396273985,
      "mean_rate" : 58.67246892185879,
      "duration_units" : "seconds",
      "rate_units" : "calls/second"
    },
    "eu.domibus.core.ebms3.sender.client.MSHDispatcher.dispatch.timer" : {
      "count" : 165018,
      "max" : 0.42118504900000003,
      "mean" : 0.05059860765455627,
      "min" : 0.034871825,
      "p50" : 0.048042142,
      "p75" : 0.053636661,
      "p95" : 0.062877915,
      "p98" : 0.073612905,
      "p99" : 0.09793025400000001,
      "p999" : 0.275210151,
      "stddev" : 0.01849859674270108,
      "m15_rate" : 58.72435665127426,
      "m1_rate" : 78.61616525190558,
      "m5_rate" : 67.01495516977936,
      "mean_rate" : 58.67538774029049,
      "duration_units" : "seconds",
      "rate_units" : "calls/second"
    },
    "eu.domibus.core.error.ErrorLogDao.deleteMessages.deleteErrorLogsByMessageIdInError.timer" : {
      "count" : 79,
      "max" : 0.009879216000000001,
      "mean" : 0.003627024308323542,
      "min" : 0.002116796,
      "p50" : 0.003334309,
      "p75" : 0.004281996000000001,
      "p95" : 0.004490715,
      "p98" : 0.004490715,
      "p99" : 0.004490715,
      "p999" : 0.004490715,
      "stddev" : 5.888764215586912E-4,
      "m15_rate" : 0.04753350039976528,
      "m1_rate" : 0.09693852200688392,
      "m5_rate" : 0.03860036624147667,
      "mean_rate" : 0.03550403727544509,
      "duration_units" : "seconds",
      "rate_units" : "calls/second"
    },
    "eu.domibus.core.message.MessageInfoDao.deleteMessages.timer" : {
      "count" : 160,
      "max" : 1.342532596,
      "mean" : 0.6512419357498006,
      "min" : 0.031121386,
      "p50" : 0.41805696600000003,
      "p75" : 0.9976859790000001,
      "p95" : 1.301747301,
      "p98" : 1.301747301,
      "p99" : 1.301747301,
      "p999" : 1.301747301,
      "stddev" : 0.40379520315675344,
      "m15_rate" : 0.09615457231952963,
      "m1_rate" : 0.20984563202714626,
      "m5_rate" : 0.08042446483358934,
      "mean_rate" : 0.07190033360450804,
      "duration_units" : "seconds",
      "rate_units" : "calls/second"
    },
    "eu.domibus.core.message.MessageInfoDao.findSignalMessageIds.timer" : {
      "count" : 81,
      "max" : 0.366041243,
      "mean" : 0.11983855774211015,
      "min" : 0.04497007,
      "p50" : 0.08660771,
      "p75" : 0.11124549,
      "p95" : 0.352413996,
      "p98" : 0.352413996,
      "p99" : 0.352413996,
      "p999" : 0.352413996,
      "stddev" : 0.08947947468622156,
      "m15_rate" : 0.049714211096862686,
      "m1_rate" : 0.12890759014253836,
      "m5_rate" : 0.04513772045085821,
      "mean_rate" : 0.036398559143534404,
      "duration_units" : "seconds",
      "rate_units" : "calls/second"
    },
    "eu.domibus.core.message.MessagingServiceImpl.storeMessage.timer" : {
      "count" : 330106,
      "max" : 0.074176958,
      "mean" : 0.0051153749823392835,
      "min" : 0.0025538360000000003,
      "p50" : 0.004395306,
      "p75" : 0.005549513000000001,
      "p95" : 0.009759903,
      "p98" : 0.011524866,
      "p99" : 0.013521751,
      "p999" : 0.033755321000000005,
      "stddev" : 0.002663550994235135,
      "m15_rate" : 117.033782924093,
      "m1_rate" : 147.22982356763916,
      "m5_rate" : 132.32142403436566,
      "mean_rate" : 115.83622010833301,
      "duration_units" : "seconds",
      "rate_units" : "calls/second"
    },
    "eu.domibus.core.message.UserMessageHandlerServiceImpl.handleNewUserMessage.timer" : {
      "count" : 165057,
      "max" : 0.386096092,
      "mean" : 0.10950228774468705,
      "min" : 0.03005868,
      "p50" : 0.101805012,
      "p75" : 0.13392578500000002,
      "p95" : 0.218419202,
      "p98" : 0.254040594,
      "p99" : 0.284026371,
      "p999" : 0.370658983,
      "stddev" : 0.05365012217489552,
      "m15_rate" : 58.38214625061409,
      "m1_rate" : 66.8065498038518,
      "m5_rate" : 65.03770560633723,
      "mean_rate" : 57.91916716179217,
      "duration_units" : "seconds",
      "rate_units" : "calls/second"
    },
    "eu.domibus.core.message.UserMessageLogDao.deleteMessages.deleteMessageLogs.timer" : {
      "count" : 79,
      "max" : 0.22589054700000002,
      "mean" : 0.06268876085163226,
      "min" : 0.013553057,
      "p50" : 0.06469688400000001,
      "p75" : 0.065208531,
      "p95" : 0.07873888200000001,
      "p98" : 0.07873888200000001,
      "p99" : 0.07873888200000001,
      "p999" : 0.138709162,
      "stddev" : 0.01078704635467633,
      "m15_rate" : 0.04753350039976528,
      "m1_rate" : 0.09693852200688392,
      "m5_rate" : 0.03860036624147667,
      "mean_rate" : 0.035503318556306666,
      "duration_units" : "seconds",
      "rate_units" : "calls/second"
    },
    "eu.domibus.core.message.acknowledge.MessageAcknowledgementDao.deleteMessages.deleteMessageAcknowledgementsByMessageIds.timer" : {
      "count" : 79,
      "max" : 0.011262844000000001,
      "mean" : 0.002544673289452697,
      "min" : 0.001851172,
      "p50" : 0.0025136330000000004,
      "p75" : 0.002972975,
      "p95" : 0.0035108250000000004,
      "p98" : 0.0035108250000000004,
      "p99" : 0.0035108250000000004,
      "p999" : 0.0035108250000000004,
      "stddev" : 5.849648298784718E-4,
      "m15_rate" : 0.04753350039976528,
      "m1_rate" : 0.09693852200688392,
      "m5_rate" : 0.03860036624147667,
      "mean_rate" : 0.035504345413785554,
      "duration_units" : "seconds",
      "rate_units" : "calls/second"
    },
    "eu.domibus.core.message.attempt.MessageAttemptDao.deleteMessages.deleteAttemptsByMessageIds.timer" : {
      "count" : 79,
      "max" : 0.009724302,
      "mean" : 0.0034020915060454546,
      "min" : 0.002092094,
      "p50" : 0.003467421,
      "p75" : 0.003911662000000001,
      "p95" : 0.00422069,
      "p98" : 0.00422069,
      "p99" : 0.00422069,
      "p999" : 0.004278797,
      "stddev" : 6.697214346481662E-4,
      "m15_rate" : 0.04753350039976528,
      "m1_rate" : 0.09693852200688392,
      "m5_rate" : 0.03860036624147667,
      "mean_rate" : 0.035503869283784927,
      "duration_units" : "seconds",
      "rate_units" : "calls/second"
    },
    "eu.domibus.core.message.pull.IncomingPullRequestHandler.incoming_pull_request.timer" : {
      "count" : 8,
      "max" : 0.5287768500000001,
      "mean" : 0.013826028,
      "min" : 0.01362466,
      "p50" : 0.014027396000000001,
      "p75" : 0.014027396000000001,
      "p95" : 0.014027396000000001,
      "p98" : 0.014027396000000001,
      "p99" : 0.014027396000000001,
      "p999" : 0.014027396000000001,
      "stddev" : 2.01368E-4,
      "m15_rate" : 0.02128182723608123,
      "m1_rate" : 0.004328324716995884,
      "m5_rate" : 0.004436791702562316,
      "mean_rate" : 0.0021476686150226154,
      "duration_units" : "seconds",
      "rate_units" : "calls/second"
    },
    "eu.domibus.core.message.receipt.AS4ReceiptServiceImpl.generateReceipt.timer" : {
      "count" : 165046,
      "max" : 0.23347479200000001,
      "mean" : 0.026382485787047563,
      "min" : 0.014097904000000001,
      "p50" : 0.022888016,
      "p75" : 0.02930531,
      "p95" : 0.04724517,
      "p98" : 0.056258803,
      "p99" : 0.066218724,
      "p999" : 0.23347479200000001,
      "stddev" : 0.013406320259585727,
      "m15_rate" : 58.37305511165631,
      "m1_rate" : 66.7282628568812,
      "m5_rate" : 65.01958525899425,
      "mean_rate" : 57.91809068326127,
      "duration_units" : "seconds",
      "rate_units" : "calls/second"
    },
    "eu.domibus.core.message.retention.MessageRetentionDefaultService.schedule_deleteExpiredMessages.timer" : {
      "count" : 14,
      "max" : 7.543943349,
      "mean" : 6.6881084341217045,
      "min" : 0.47981724000000003,
      "p50" : 6.544635383,
      "p75" : 6.544635383,
      "p95" : 7.543943349,
      "p98" : 7.543943349,
      "p99" : 7.543943349,
      "p999" : 7.543943349,
      "stddev" : 0.3508775307174128,
      "m15_rate" : 0.008417364104544744,
      "m1_rate" : 1.329627422399572E-4,
      "m5_rate" : 0.0023673339871273587,
      "mean_rate" : 0.004233231747339156,
      "duration_units" : "seconds",
      "rate_units" : "calls/second"
    },
    "eu.domibus.core.message.retention.RetentionListener.onMessage.deleteMessages.timer" : {
      "count" : 79,
      "max" : 2.8095021250000003,
      "mean" : 1.8281891204699248,
      "min" : 0.313984819,
      "p50" : 1.778247675,
      "p75" : 1.823377848,
      "p95" : 2.2000331870000003,
      "p98" : 2.2000331870000003,
      "p99" : 2.2000331870000003,
      "p999" : 2.561539631,
      "stddev" : 0.18276418150615895,
      "m15_rate" : 0.047541836960164396,
      "m1_rate" : 0.09694788574105785,
      "m5_rate" : 0.038623102769318386,
      "mean_rate" : 0.035499567010262106,
      "duration_units" : "seconds",
      "rate_units" : "calls/second"
    },
    "eu.domibus.core.message.signal.SignalMessageDao.deleteMessages.deleteReceipts.timer" : {
      "count" : 80,
      "max" : 0.879767783,
      "mean" : 0.19323594195906688,
      "min" : 0.026139125000000003,
      "p50" : 0.192307687,
      "p75" : 0.211727083,
      "p95" : 0.22179241500000002,
      "p98" : 0.22179241500000002,
      "p99" : 0.22179241500000002,
      "p999" : 0.753021528,
      "stddev" : 0.038352149055287325,
      "m15_rate" : 0.04753350039976528,
      "m1_rate" : 0.09693852200688392,
      "m5_rate" : 0.03860036624147667,
      "mean_rate" : 0.035952292694597765,
      "duration_units" : "seconds",
      "rate_units" : "calls/second"
    },
    "eu.domibus.core.message.signal.SignalMessageLogDao.deleteMessages.deleteMessageLogs.timer" : {
      "count" : 79,
      "max" : 0.11433320200000001,
      "mean" : 0.058103849665399575,
      "min" : 0.020845633000000002,
      "p50" : 0.058758835,
      "p75" : 0.06022227,
      "p95" : 0.07672129600000001,
      "p98" : 0.07672129600000001,
      "p99" : 0.07672129600000001,
      "p999" : 0.088407598,
      "stddev" : 0.01027769055661095,
      "m15_rate" : 0.04753350039976528,
      "m1_rate" : 0.09693852200688392,
      "m5_rate" : 0.03860036624147667,
      "mean_rate" : 0.035503524667613744,
      "duration_units" : "seconds",
      "rate_units" : "calls/second"
    },
    "eu.domibus.core.plugin.handler.DatabaseMessageHandler.submit.timer" : {
      "count" : 165045,
      "max" : 0.46357767800000005,
      "mean" : 0.09708022436862285,
      "min" : 0.010707791000000001,
      "p50" : 0.08118520800000001,
      "p75" : 0.108368722,
      "p95" : 0.200720756,
      "p98" : 0.25131543900000003,
      "p99" : 0.291620358,
      "p999" : 0.46357767800000005,
      "stddev" : 0.05427451710689855,
      "m15_rate" : 58.74838934425253,
      "m1_rate" : 78.891127364673,
      "m5_rate" : 67.06202537664778,
      "mean_rate" : 58.676526448277336,
      "duration_units" : "seconds",
      "rate_units" : "calls/second"
    },
    "eu.domibus.core.plugin.notification.BackendNotificationService.notifyMessageReceived.timer" : {
      "count" : 165046,
      "max" : 0.29175517,
      "mean" : 0.06603929013366638,
      "min" : 7.05365E-4,
      "p50" : 0.058870945,
      "p75" : 0.081840569,
      "p95" : 0.1632975,
      "p98" : 0.220341681,
      "p99" : 0.246365987,
      "p999" : 0.272850337,
      "stddev" : 0.047553703176251745,
      "m15_rate" : 58.37192462007914,
      "m1_rate" : 66.7524881656084,
      "m5_rate" : 65.01909636870019,
      "mean_rate" : 57.916696274582264,
      "duration_units" : "seconds",
      "rate_units" : "calls/second"
    },
    "eu.domibus.core.plugin.notification.PluginAsyncNotificationListener.onMessage.timer" : {
      "count" : 165108,
      "max" : 0.506144155,
      "mean" : 0.09855437139079756,
      "min" : 0.010217245,
      "p50" : 0.084068576,
      "p75" : 0.10978845500000001,
      "p95" : 0.19733745000000003,
      "p98" : 0.24647628900000002,
      "p99" : 0.276135134,
      "p999" : 0.379841723,
      "stddev" : 0.048506888634620764,
      "m15_rate" : 58.75040851490183,
      "m1_rate" : 79.86267257316017,
      "m5_rate" : 67.20356259349651,
      "mean_rate" : 57.950297593781485,
      "duration_units" : "seconds",
      "rate_units" : "calls/second"
    },
    "eu.domibus.core.pmode.validation.validators.MessagePropertyValidator.validate.timer" : {
      "count" : 330106,
      "max" : 1.0501E-5,
      "mean" : 1.333565225900743E-6,
      "min" : 5.000000000000001E-7,
      "p50" : 1.2000000000000002E-6,
      "p75" : 1.5E-6,
      "p95" : 2.1000000000000002E-6,
      "p98" : 2.301E-6,
      "p99" : 2.5E-6,
      "p999" : 1.0501E-5,
      "stddev" : 5.448723099952872E-7,
      "m15_rate" : 117.03202415408849,
      "m1_rate" : 147.1990007682794,
      "m5_rate" : 132.31581491200316,
      "mean_rate" : 115.83572673242725,
      "duration_units" : "seconds",
      "rate_units" : "calls/second"
    },
    "eu.domibus.core.replication.UIMessageDaoImpl.deleteMessages.deleteUIMessagesByMessageIds.timer" : {
      "count" : 158,
      "max" : 0.009789008,
      "mean" : 0.00259632364724408,
      "min" : 8.60079E-4,
      "p50" : 0.00226071,
      "p75" : 0.002683149,
      "p95" : 0.003931064000000001,
      "p98" : 0.003931064000000001,
      "p99" : 0.003931064000000001,
      "p999" : 0.003931064000000001,
      "stddev" : 5.95086107497413E-4,
      "m15_rate" : 0.09506700079953057,
      "m1_rate" : 0.19387704401376785,
      "m5_rate" : 0.07720073248295334,
      "mean_rate" : 0.07100827777206517,
      "duration_units" : "seconds",
      "rate_units" : "calls/second"
    },
    "eu.domibus.core.util.SoapUtil.logMessage.timer" : {
      "count" : 165056,
      "max" : 3.3903000000000004E-5,
      "mean" : 8.137450025153128E-7,
      "min" : 2.0000000000000002E-7,
      "p50" : 7.000000000000001E-7,
      "p75" : 9.000000000000001E-7,
      "p95" : 1.3E-6,
      "p98" : 1.5E-6,
      "p99" : 1.6000000000000001E-6,
      "p999" : 3.3903000000000004E-5,
      "stddev" : 1.1496054470084192E-6,
      "m15_rate" : 58.37121634110346,
      "m1_rate" : 66.72660759311721,
      "m5_rate" : 65.013833689609,
      "mean_rate" : 57.91885130357924,
      "duration_units" : "seconds",
      "rate_units" : "calls/second"
    },
    "eu.domibus.plugin.jms.JMSPluginImpl.deliverMessage.timer" : {
      "count" : 165108,
      "max" : 0.343017809,
      "mean" : 0.09911898595934915,
      "min" : 0.009981323,
      "p50" : 0.08416248400000001,
      "p75" : 0.11673119400000001,
      "p95" : 0.197546572,
      "p98" : 0.228102086,
      "p99" : 0.24327230100000002,
      "p999" : 0.32118220000000003,
      "stddev" : 0.04728473594379023,
      "m15_rate" : 58.749353380240066,
      "m1_rate" : 79.85253171265575,
      "m5_rate" : 67.20042026830092,
      "mean_rate" : 57.950605389120966,
      "duration_units" : "seconds",
      "rate_units" : "calls/second"
    },
    "eu.domibus.plugin.jms.JMSPluginImpl.receiveMessage.timer" : {
      "count" : 165043,
      "max" : 0.628892168,
      "mean" : 0.1685544081155916,
      "min" : 0.01395029,
      "p50" : 0.153467294,
      "p75" : 0.189275501,
      "p95" : 0.286985143,
      "p98" : 0.43199405700000004,
      "p99" : 0.44741638300000003,
      "p999" : 0.628892168,
      "stddev" : 0.0733430412324186,
      "m15_rate" : 58.74678921604495,
      "m1_rate" : 78.89824283979763,
      "m5_rate" : 67.06083865430688,
      "mean_rate" : 58.67565624126773,
      "duration_units" : "seconds",
      "rate_units" : "calls/second"
    }
  }
}