{
  "version" : "4.0.0",
  "gauges" : { },
  "counters" : {
    "eu.domibus.core.ebms3.receiver.MSHWebservice.incoming_user_message.counter" : {
      "count" : 30
    },
    "eu.domibus.core.ebms3.receiver.handler.AbstractIncomingMessageHandler.processMessage.counter" : {
      "count" : 30
    },
    "eu.domibus.core.ebms3.receiver.handler.IncomingUserMessageHandler.around_handleNewUserMessage.counter.counter" : {
      "count" : 60
    },
    "eu.domibus.core.ebms3.sender.AbstractUserMessageSender.outgoing_user_message.counter" : {
      "count" : 0
    },
    "eu.domibus.core.ebms3.sender.MessageSenderListener.onMessage.counter" : {
      "count" : 0
    },
    "eu.domibus.core.ebms3.sender.MessageSenderService.sendUserMessage.counter" : {
      "count" : 0
    },
    "eu.domibus.core.ebms3.sender.client.MSHDispatcher.dispatch.counter" : {
      "count" : 0
    },
    "eu.domibus.core.error.ErrorLogDao.deleteMessages.deleteErrorLogsByMessageIdInError.counter" : {
      "count" : 0
    },
    "eu.domibus.core.message.MessageInfoDao.deleteMessages.counter" : {
      "count" : 0
    },
    "eu.domibus.core.message.MessageInfoDao.findSignalMessageIds.counter" : {
      "count" : 0
    },
    "eu.domibus.core.message.MessagingServiceImpl.storeMessage.counter" : {
      "count" : 0
    },
    "eu.domibus.core.message.UserMessageHandlerServiceImpl.handleNewUserMessage.counter" : {
      "count" : 15
    },
    "eu.domibus.core.message.UserMessageLogDao.deleteMessages.deleteMessageLogs.counter" : {
      "count" : 0
    },
    "eu.domibus.core.message.acknowledge.MessageAcknowledgementDao.deleteMessages.deleteMessageAcknowledgementsByMessageIds.counter" : {
      "count" : 0
    },
    "eu.domibus.core.message.attempt.MessageAttemptDao.deleteMessages.deleteAttemptsByMessageIds.counter" : {
      "count" : 0
    },
    "eu.domibus.core.message.pull.IncomingPullRequestHandler.incoming_pull_request.counter" : {
      "count" : 0
    },
    "eu.domibus.core.message.receipt.AS4ReceiptServiceImpl.generateReceipt.counter" : {
      "count" : 0
    },
    "eu.domibus.core.message.retention.MessageRetentionDefaultService.schedule_deleteExpiredMessages.counter" : {
      "count" : 0
    },
    "eu.domibus.core.message.retention.RetentionListener.onMessage.deleteMessages.counter" : {
      "count" : 0
    },
    "eu.domibus.core.message.signal.SignalMessageDao.deleteMessages.deleteReceipts.counter" : {
      "count" : 0
    },
    "eu.domibus.core.message.signal.SignalMessageLogDao.deleteMessages.deleteMessageLogs.counter" : {
      "count" : 0
    },
    "eu.domibus.core.plugin.handler.DatabaseMessageHandler.submit.counter" : {
      "count" : 11
    },
    "eu.domibus.core.plugin.notification.BackendNotificationService.notifyMessageReceived.counter" : {
      "count" : 15
    },
    "eu.domibus.core.plugin.notification.PluginAsyncNotificationListener.onMessage.counter" : {
      "count" : 10
    },
    "eu.domibus.core.pmode.validation.validators.MessagePropertyValidator.validate.counter" : {
      "count" : 0
    },
    "eu.domibus.core.replication.UIMessageDaoImpl.deleteMessages.deleteUIMessagesByMessageIds.counter" : {
      "count" : 0
    },
    "eu.domibus.core.util.SoapUtil.SoapUtil.counter" : {
      "count" : 0
    },
    "eu.domibus.plugin.jms.JMSPluginImpl.deliverMessage.counter" : {
      "count" : 10
    },
    "eu.domibus.plugin.jms.JMSPluginImpl.receiveMessage.counter" : {
      "count" : 15
    }
  },
  "histograms" : { },
  "meters" : { },
  "timers" : {
    "eu.domibus.core.ebms3.receiver.MSHWebservice.incoming_user_message.timer" : {
      "count" : 165923,
      "max" : 1.1201521650000001,
      "mean" : 0.35769756837207584,
      "min" : 0.126878751,
      "p50" : 0.32457476700000004,
      "p75" : 0.41276119,
      "p95" : 0.6869667340000001,
      "p98" : 0.78606211,
      "p99" : 0.820913322,
      "p999" : 0.9023111530000001,
      "stddev" : 0.14540151969119877,
      "m15_rate" : 58.06967481859249,
      "m1_rate" : 63.430065837746376,
      "m5_rate" : 62.902086042813345,
      "mean_rate" : 58.25701708659467,
      "duration_units" : "seconds",
      "rate_units" : "calls/second"
    },
    "eu.domibus.core.ebms3.receiver.handler.AbstractIncomingMessageHandler.processMessage.timer" : {
      "count" : 165918,
      "max" : 1.179340953,
      "mean" : 0.35647693856163,
      "min" : 0.12386717600000001,
      "p50" : 0.32532999300000004,
      "p75" : 0.41017767000000005,
      "p95" : 0.6679978900000001,
      "p98" : 0.79217276,
      "p99" : 0.8210264260000001,
      "p999" : 0.902287053,
      "stddev" : 0.14031638078544353,
      "m15_rate" : 58.062553986078306,
      "m1_rate" : 63.42324980382646,
      "m5_rate" : 62.88730880427367,
      "mean_rate" : 58.25531432387672,
      "duration_units" : "seconds",
      "rate_units" : "calls/second"
    },
    "eu.domibus.core.ebms3.receiver.handler.IncomingUserMessageHandler.around_handleNewUserMessage.timer.timer" : {
      "count" : 165888,
      "max" : 1.1441192580000001,
      "mean" : 0.35319327047889526,
      "min" : 0.12325818100000001,
      "p50" : 0.32436869300000004,
      "p75" : 0.41129673,
      "p95" : 0.685887142,
      "p98" : 0.767325766,
      "p99" : 0.820376827,
      "p999" : 0.9005333670000001,
      "stddev" : 0.1417067859322336,
      "m15_rate" : 58.04907717199517,
      "m1_rate" : 63.220976530944924,
      "m5_rate" : 62.84402937555297,
      "mean_rate" : 58.257039200642204,
      "duration_units" : "seconds",
      "rate_units" : "calls/second"
    },
    "eu.domibus.core.ebms3.sender.AbstractUserMessageSender.outgoing_user_message.timer" : {
      "count" : 165949,
      "max" : 0.41437577600000003,
      "mean" : 0.06298279592996811,
      "min" : 0.043910836,
      "p50" : 0.059489701000000006,
      "p75" : 0.06503125700000001,
      "p95" : 0.081069916,
      "p98" : 0.10359312200000001,
      "p99" : 0.16398314,
      "p999" : 0.33820345900000004,
      "stddev" : 0.02364591916491814,
      "m15_rate" : 58.343602680971244,
      "m1_rate" : 66.8564757259592,
      "m5_rate" : 63.686747410730554,
      "mean_rate" : 58.994603044638765,
      "duration_units" : "seconds",
      "rate_units" : "calls/second"
    },
    "eu.domibus.core.ebms3.sender.MessageSenderListener.onMessage.timer" : {
      "count" : 165949,
      "max" : 0.6230708620000001,
      "mean" : 0.0782467603211935,
      "min" : 0.049114294,
      "p50" : 0.066992245,
      "p75" : 0.077599955,
      "p95" : 0.15038062900000002,
      "p98" : 0.181290751,
      "p99" : 0.23181416300000002,
      "p999" : 0.358985514,
      "stddev" : 0.035593390059137704,
      "m15_rate" : 58.347004615782545,
      "m1_rate" : 66.92215221643646,
      "m5_rate" : 63.698056118182244,
      "mean_rate" : 58.99344826403411,
      "duration_units" : "seconds",
      "rate_units" : "calls/second"
    },
    "eu.domibus.core.ebms3.sender.MessageSenderService.sendUserMessage.timer" : {
      "count" : 165949,
      "max" : 0.35638453600000003,
      "mean" : 0.07917681560538606,
      "min" : 0.047626589000000004,
      "p50" : 0.06748593900000001,
      "p75" : 0.07794244800000001,
      "p95" : 0.153656005,
      "p98" : 0.191438091,
      "p99" : 0.206434894,
      "p999" : 0.335666746,
      "stddev" : 0.033417384975914226,
      "m15_rate" : 58.345868453848894,
      "m1_rate" : 66.89584776982056,
      "m5_rate" : 63.69387242045977,
      "mean_rate" : 58.993786548901916,
      "duration_units" : "seconds",
      "rate_units" : "calls/second"
    },
    "eu.domibus.core.ebms3.sender.client.MSHDispatcher.dispatch.timer" : {
      "count" : 165949,
      "max" : 0.377830779,
      "mean" : 0.05267145847561104,
      "min" : 0.034550613,
      "p50" : 0.048684796,
      "p75" : 0.053799156,
      "p95" : 0.071627202,
      "p98" : 0.11858821900000001,
      "p99" : 0.159007071,
      "p999" : 0.32066627400000003,
      "stddev" : 0.02298402867142549,
      "m15_rate" : 58.32855122736007,
      "m1_rate" : 66.59492329380285,
      "m5_rate" : 63.636721589792835,
      "mean_rate" : 58.99938267607914,
      "duration_units" : "seconds",
      "rate_units" : "calls/second"
    },
    "eu.domibus.core.error.ErrorLogDao.deleteMessages.deleteErrorLogsByMessageIdInError.timer" : {
      "count" : 40,
      "max" : 0.014922433,
      "mean" : 0.004029903813841041,
      "min" : 0.0021022890000000002,
      "p50" : 0.0038062660000000004,
      "p75" : 0.005669648,
      "p95" : 0.005697248,
      "p98" : 0.005697248,
      "p99" : 0.005697248,
      "p999" : 0.005697248,
      "stddev" : 0.001008546843956249,
      "m15_rate" : 0.26123302955203187,
      "m1_rate" : 0.002602055405813891,
      "m5_rate" : 0.018945123989493398,
      "mean_rate" : 0.02376045878139311,
      "duration_units" : "seconds",
      "rate_units" : "calls/second"
    },
    "eu.domibus.core.message.MessageInfoDao.deleteMessages.timer" : {
      "count" : 80,
      "max" : 3.2207716320000004,
      "mean" : 0.9147007562458987,
      "min" : 0.127936601,
      "p50" : 0.380450763,
      "p75" : 1.600315026,
      "p95" : 3.2207716320000004,
      "p98" : 3.2207716320000004,
      "p99" : 3.2207716320000004,
      "p999" : 3.2207716320000004,
      "stddev" : 0.8768050435713108,
      "m15_rate" : 0.5195772265297353,
      "m1_rate" : 0.004788013087742918,
      "m5_rate" : 0.037266760375819226,
      "mean_rate" : 0.04746824097058094,
      "duration_units" : "seconds",
      "rate_units" : "calls/second"
    },
    "eu.domibus.core.message.MessageInfoDao.findSignalMessageIds.timer" : {
      "count" : 40,
      "max" : 0.32639574800000004,
      "mean" : 0.20022908760406372,
      "min" : 0.080969239,
      "p50" : 0.232311802,
      "p75" : 0.234968574,
      "p95" : 0.32639574800000004,
      "p98" : 0.32639574800000004,
      "p99" : 0.32639574800000004,
      "p999" : 0.32639574800000004,
      "stddev" : 0.07589107288848006,
      "m15_rate" : 0.2597813483794567,
      "m1_rate" : 0.0023685534307727476,
      "m5_rate" : 0.01860733700343518,
      "mean_rate" : 0.023730151198382947,
      "duration_units" : "seconds",
      "rate_units" : "calls/second"
    },
    "eu.domibus.core.message.MessagingServiceImpl.storeMessage.timer" : {
      "count" : 331928,
      "max" : 0.11973671000000001,
      "mean" : 0.0068250255697176535,
      "min" : 0.003127074,
      "p50" : 0.0053463550000000006,
      "p75" : 0.006696344000000001,
      "p95" : 0.012381998,
      "p98" : 0.016130862,
      "p99" : 0.022750307,
      "p999" : 0.11973671000000001,
      "stddev" : 0.007406876137519424,
      "m15_rate" : 116.07853380172344,
      "m1_rate" : 129.3831083517063,
      "m5_rate" : 126.37865394228977,
      "mean_rate" : 116.56854619091764,
      "duration_units" : "seconds",
      "rate_units" : "calls/second"
    },
    "eu.domibus.core.message.UserMessageHandlerServiceImpl.handleNewUserMessage.timer" : {
      "count" : 165933,
      "max" : 0.354742714,
      "mean" : 0.09859101386755251,
      "min" : 0.023641805000000002,
      "p50" : 0.083766003,
      "p75" : 0.127957497,
      "p95" : 0.22040204800000002,
      "p98" : 0.255261093,
      "p99" : 0.269329877,
      "p999" : 0.29021900500000003,
      "stddev" : 0.05861440998115605,
      "m15_rate" : 58.08014491771883,
      "m1_rate" : 63.457780481991534,
      "m5_rate" : 62.89382624589177,
      "mean_rate" : 58.272815975708646,
      "duration_units" : "seconds",
      "rate_units" : "calls/second"
    },
    "eu.domibus.core.message.UserMessageLogDao.deleteMessages.deleteMessageLogs.timer" : {
      "count" : 40,
      "max" : 0.20956110500000003,
      "mean" : 0.08672451832298253,
      "min" : 0.046302247000000005,
      "p50" : 0.069373475,
      "p75" : 0.070055068,
      "p95" : 0.20956110500000003,
      "p98" : 0.20956110500000003,
      "p99" : 0.20956110500000003,
      "p999" : 0.20956110500000003,
      "stddev" : 0.04790695039184865,
      "m15_rate" : 0.26123302955203187,
      "m1_rate" : 0.002602055405813891,
      "m5_rate" : 0.018945123989493398,
      "mean_rate" : 0.023757191579811,
      "duration_units" : "seconds",
      "rate_units" : "calls/second"
    },
    "eu.domibus.core.message.acknowledge.MessageAcknowledgementDao.deleteMessages.deleteMessageAcknowledgementsByMessageIds.timer" : {
      "count" : 40,
      "max" : 0.022106401,
      "mean" : 0.0033202301972310813,
      "min" : 0.0020629890000000003,
      "p50" : 0.0032711710000000002,
      "p75" : 0.004144563,
      "p95" : 0.004604058,
      "p98" : 0.004604058,
      "p99" : 0.004604058,
      "p999" : 0.004604058,
      "stddev" : 6.753321680492573E-4,
      "m15_rate" : 0.26123302955203187,
      "m1_rate" : 0.002602055405813891,
      "m5_rate" : 0.018945123989493398,
      "mean_rate" : 0.023761005187673007,
      "duration_units" : "seconds",
      "rate_units" : "calls/second"
    },
    "eu.domibus.core.message.attempt.MessageAttemptDao.deleteMessages.deleteAttemptsByMessageIds.timer" : {
      "count" : 40,
      "max" : 0.016787625,
      "mean" : 0.0035987568787037654,
      "min" : 0.002615586,
      "p50" : 0.0033209700000000003,
      "p75" : 0.0042103620000000005,
      "p95" : 0.004988055,
      "p98" : 0.004988055,
      "p99" : 0.004988055,
      "p999" : 0.004988055,
      "stddev" : 7.430001096647397E-4,
      "m15_rate" : 0.26123302955203187,
      "m1_rate" : 0.002602055405813891,
      "m5_rate" : 0.018945123989493398,
      "mean_rate" : 0.02376020977212208,
      "duration_units" : "seconds",
      "rate_units" : "calls/second"
    },
    "eu.domibus.core.message.pull.IncomingPullRequestHandler.incoming_pull_request.timer" : {
      "count" : 5,
      "max" : 0.149561412,
      "mean" : 0.08450584117088691,
      "min" : 0.010796407000000001,
      "p50" : 0.10678628100000001,
      "p75" : 0.148605321,
      "p95" : 0.149561412,
      "p98" : 0.149561412,
      "p99" : 0.149561412,
      "p999" : 0.149561412,
      "stddev" : 0.06280453752499261,
      "m15_rate" : 0.8751733190429472,
      "m1_rate" : 0.13533528323661292,
      "m5_rate" : 0.6703200460356395,
      "mean_rate" : 0.03997331927368745,
      "duration_units" : "seconds",
      "rate_units" : "calls/second"
    },
    "eu.domibus.core.message.receipt.AS4ReceiptServiceImpl.generateReceipt.timer" : {
      "count" : 165921,
      "max" : 0.17881269400000002,
      "mean" : 0.02890424376484849,
      "min" : 0.016554862,
      "p50" : 0.025869085,
      "p75" : 0.031571533,
      "p95" : 0.047823804000000004,
      "p98" : 0.059184404,
      "p99" : 0.074537275,
      "p999" : 0.14925570900000001,
      "stddev" : 0.011408289869757697,
      "m15_rate" : 58.078418975006976,
      "m1_rate" : 63.257968974587214,
      "m5_rate" : 62.849461381655004,
      "mean_rate" : 58.27252819556177,
      "duration_units" : "seconds",
      "rate_units" : "calls/second"
    },
    "eu.domibus.core.message.retention.MessageRetentionDefaultService.schedule_deleteExpiredMessages.timer" : {
      "count" : 11,
      "max" : 8.321724336,
      "mean" : 8.321724135197682,
      "min" : 0.22445804700000002,
      "p50" : 8.321724336,
      "p75" : 8.321724336,
      "p95" : 8.321724336,
      "p98" : 8.321724336,
      "p99" : 8.321724336,
      "p999" : 8.321724336,
      "stddev" : 4.05024551909568E-4,
      "m15_rate" : 0.00512232015563845,
      "m1_rate" : 3.1834065280467633E-4,
      "m5_rate" : 0.001623548114286953,
      "mean_rate" : 0.0029514170068803353,
      "duration_units" : "seconds",
      "rate_units" : "calls/second"
    },
    "eu.domibus.core.message.retention.RetentionListener.onMessage.deleteMessages.timer" : {
      "count" : 40,
      "max" : 5.641026311,
      "mean" : 3.0780117525596045,
      "min" : 1.544505672,
      "p50" : 3.33343656,
      "p75" : 4.861695964,
      "p95" : 5.641026311,
      "p98" : 5.641026311,
      "p99" : 5.641026311,
      "p999" : 5.641026311,
      "stddev" : 1.486382389155919,
      "m15_rate" : 0.25981498917239,
      "m1_rate" : 0.0024980309728090703,
      "m5_rate" : 0.018736630364577105,
      "mean_rate" : 0.023729713112327182,
      "duration_units" : "seconds",
      "rate_units" : "calls/second"
    },
    "eu.domibus.core.message.signal.SignalMessageDao.deleteMessages.deleteReceipts.timer" : {
      "count" : 40,
      "max" : 1.861955083,
      "mean" : 0.786652484875933,
      "min" : 0.1548962,
      "p50" : 0.908836198,
      "p75" : 1.782611232,
      "p95" : 1.861955083,
      "p98" : 1.861955083,
      "p99" : 1.861955083,
      "p999" : 1.861955083,
      "stddev" : 0.6883257923242447,
      "m15_rate" : 0.26123778385646756,
      "m1_rate" : 0.0026297204963658736,
      "m5_rate" : 0.01897050682900318,
      "mean_rate" : 0.02375328694625528,
      "duration_units" : "seconds",
      "rate_units" : "calls/second"
    },
    "eu.domibus.core.message.signal.SignalMessageLogDao.deleteMessages.deleteMessageLogs.timer" : {
      "count" : 40,
      "max" : 0.268937464,
      "mean" : 0.0664914580986244,
      "min" : 0.040056338000000004,
      "p50" : 0.06641230000000001,
      "p75" : 0.07494822400000001,
      "p95" : 0.090512781,
      "p98" : 0.090512781,
      "p99" : 0.090512781,
      "p999" : 0.090512781,
      "stddev" : 0.014110010116976863,
      "m15_rate" : 0.26123302955203187,
      "m1_rate" : 0.002602055405813891,
      "m5_rate" : 0.018945123989493398,
      "mean_rate" : 0.02375904655862428,
      "duration_units" : "seconds",
      "rate_units" : "calls/second"
    },
    "eu.domibus.core.plugin.handler.DatabaseMessageHandler.submit.timer" : {
      "count" : 165982,
      "max" : 0.470474259,
      "mean" : 0.08693886731746543,
      "min" : 0.010049717000000001,
      "p50" : 0.077782454,
      "p75" : 0.106315303,
      "p95" : 0.18718072600000002,
      "p98" : 0.217703482,
      "p99" : 0.25255939,
      "p999" : 0.320970107,
      "stddev" : 0.054376467833180606,
      "m15_rate" : 58.35018162287747,
      "m1_rate" : 66.85401613341067,
      "m5_rate" : 63.674073220774076,
      "mean_rate" : 58.998566173823825,
      "duration_units" : "seconds",
      "rate_units" : "calls/second"
    },
    "eu.domibus.core.plugin.notification.BackendNotificationService.notifyMessageReceived.timer" : {
      "count" : 165921,
      "max" : 0.29587316,
      "mean" : 0.05428236179176772,
      "min" : 4.3369700000000003E-4,
      "p50" : 0.04328374,
      "p75" : 0.074614678,
      "p95" : 0.164273317,
      "p98" : 0.210563562,
      "p99" : 0.22235696400000002,
      "p999" : 0.25397390400000003,
      "stddev" : 0.050262524382842906,
      "m15_rate" : 58.0653733671445,
      "m1_rate" : 63.3406986582165,
      "m5_rate" : 62.86342277106769,
      "mean_rate" : 58.27050435601637,
      "duration_units" : "seconds",
      "rate_units" : "calls/second"
    },
    "eu.domibus.core.plugin.notification.PluginAsyncNotificationListener.onMessage.timer" : {
      "count" : 166033,
      "max" : 0.48288134600000004,
      "mean" : 0.09148631069688527,
      "min" : 0.01086431,
      "p50" : 0.08172982100000001,
      "p75" : 0.11043116700000001,
      "p95" : 0.213092257,
      "p98" : 0.25068787000000003,
      "p99" : 0.300394822,
      "p999" : 0.41598552400000005,
      "stddev" : 0.05973725439242519,
      "m15_rate" : 58.18126780907579,
      "m1_rate" : 65.62672337454218,
      "m5_rate" : 63.400595851915455,
      "mean_rate" : 58.320689282435744,
      "duration_units" : "seconds",
      "rate_units" : "calls/second"
    },
    "eu.domibus.core.pmode.validation.validators.MessagePropertyValidator.validate.timer" : {
      "count" : 331928,
      "max" : 2.17898E-4,
      "mean" : 1.7683182084394954E-6,
      "min" : 5.000000000000001E-7,
      "p50" : 1.1E-6,
      "p75" : 1.3E-6,
      "p95" : 2.5E-6,
      "p98" : 2.9E-6,
      "p99" : 8.400000000000001E-6,
      "p999" : 2.17898E-4,
      "stddev" : 9.01256416712415E-6,
      "m15_rate" : 116.07901565888162,
      "m1_rate" : 129.39727974349046,
      "m5_rate" : 126.37993719363234,
      "mean_rate" : 116.56795187133733,
      "duration_units" : "seconds",
      "rate_units" : "calls/second"
    },
    "eu.domibus.core.replication.UIMessageDaoImpl.deleteMessages.deleteUIMessagesByMessageIds.timer" : {
      "count" : 80,
      "max" : 0.018841515,
      "mean" : 0.0033545745994987886,
      "min" : 0.0017871900000000001,
      "p50" : 0.002698275,
      "p75" : 0.003573868,
      "p95" : 0.00995641,
      "p98" : 0.00995641,
      "p99" : 0.00995641,
      "p999" : 0.00995641,
      "stddev" : 0.0017979002521440618,
      "m15_rate" : 0.5224660591040637,
      "m1_rate" : 0.005204110811627782,
      "m5_rate" : 0.037890247978986796,
      "mean_rate" : 0.04752128233450073,
      "duration_units" : "seconds",
      "rate_units" : "calls/second"
    },
    "eu.domibus.core.util.SoapUtil.logMessage.timer" : {
      "count" : 165936,
      "max" : 8.3999E-5,
      "mean" : 9.374826286769358E-7,
      "min" : 3.0000000000000004E-7,
      "p50" : 7.000000000000001E-7,
      "p75" : 9.000000000000001E-7,
      "p95" : 1.4000000000000001E-6,
      "p98" : 1.7E-6,
      "p99" : 2.0000000000000003E-6,
      "p999" : 3.71E-5,
      "stddev" : 2.2821290820673632E-6,
      "m15_rate" : 58.065662758288354,
      "m1_rate" : 63.34527991785292,
      "m5_rate" : 62.861536334186866,
      "mean_rate" : 58.27396453334635,
      "duration_units" : "seconds",
      "rate_units" : "calls/second"
    },
    "eu.domibus.plugin.jms.JMSPluginImpl.deliverMessage.timer" : {
      "count" : 166033,
      "max" : 0.5050384560000001,
      "mean" : 0.08600286712928275,
      "min" : 0.010453014,
      "p50" : 0.07880324400000001,
      "p75" : 0.106612696,
      "p95" : 0.200522307,
      "p98" : 0.22628203100000002,
      "p99" : 0.25514729,
      "p999" : 0.296614859,
      "stddev" : 0.05358444411610242,
      "m15_rate" : 58.1803024133192,
      "m1_rate" : 65.60660474610712,
      "m5_rate" : 63.39769262567136,
      "mean_rate" : 58.320963554456,
      "duration_units" : "seconds",
      "rate_units" : "calls/second"
    },
    "eu.domibus.plugin.jms.JMSPluginImpl.receiveMessage.timer" : {
      "count" : 165978,
      "max" : 0.5792767240000001,
      "mean" : 0.15209730429621285,
      "min" : 0.010991609000000001,
      "p50" : 0.148636465,
      "p75" : 0.197235145,
      "p95" : 0.333252551,
      "p98" : 0.38325219800000004,
      "p99" : 0.453335857,
      "p999" : 0.516829151,
      "stddev" : 0.09468123750185772,
      "m15_rate" : 58.35503896500328,
      "m1_rate" : 66.95936290601801,
      "m5_rate" : 63.69446360029991,
      "mean_rate" : 58.99589698040006,
      "duration_units" : "seconds",
      "rate_units" : "calls/second"
    }
  }
}