{
  "version" : "4.0.0",
  "gauges" : { },
  "counters" : {
    "eu.domibus.core.ebms3.receiver.MSHWebservice.incoming_user_message.counter" : {
      "count" : 30
    },
    "eu.domibus.core.ebms3.receiver.handler.AbstractIncomingMessageHandler.processMessage.counter" : {
      "count" : 30
    },
    "eu.domibus.core.ebms3.receiver.handler.IncomingUserMessageHandler.around_handleNewUserMessage.counter.counter" : {
      "count" : 60
    },
    "eu.domibus.core.ebms3.sender.AbstractUserMessageSender.outgoing_user_message.counter" : {
      "count" : 0
    },
    "eu.domibus.core.ebms3.sender.MessageSenderListener.onMessage.counter" : {
      "count" : 3
    },
    "eu.domibus.core.ebms3.sender.MessageSenderService.sendUserMessage.counter" : {
      "count" : 3
    },
    "eu.domibus.core.ebms3.sender.client.MSHDispatcher.dispatch.counter" : {
      "count" : 0
    },
    "eu.domibus.core.error.ErrorLogDao.deleteMessages.deleteErrorLogsByMessageIdInError.counter" : {
      "count" : 0
    },
    "eu.domibus.core.message.MessageInfoDao.deleteMessages.counter" : {
      "count" : 0
    },
    "eu.domibus.core.message.MessageInfoDao.findSignalMessageIds.counter" : {
      "count" : 0
    },
    "eu.domibus.core.message.MessagingServiceImpl.storeMessage.counter" : {
      "count" : 0
    },
    "eu.domibus.core.message.UserMessageHandlerServiceImpl.handleNewUserMessage.counter" : {
      "count" : 17
    },
    "eu.domibus.core.message.UserMessageLogDao.deleteMessages.deleteMessageLogs.counter" : {
      "count" : 0
    },
    "eu.domibus.core.message.acknowledge.MessageAcknowledgementDao.deleteMessages.deleteMessageAcknowledgementsByMessageIds.counter" : {
      "count" : 0
    },
    "eu.domibus.core.message.attempt.MessageAttemptDao.deleteMessages.deleteAttemptsByMessageIds.counter" : {
      "count" : 0
    },
    "eu.domibus.core.message.pull.IncomingPullRequestHandler.incoming_pull_request.counter" : {
      "count" : 0
    },
    "eu.domibus.core.message.receipt.AS4ReceiptServiceImpl.generateReceipt.counter" : {
      "count" : 0
    },
    "eu.domibus.core.message.retention.MessageRetentionDefaultService.schedule_deleteExpiredMessages.counter" : {
      "count" : 0
    },
    "eu.domibus.core.message.retention.RetentionListener.onMessage.deleteMessages.counter" : {
      "count" : 0
    },
    "eu.domibus.core.message.signal.SignalMessageDao.deleteMessages.deleteReceipts.counter" : {
      "count" : 0
    },
    "eu.domibus.core.message.signal.SignalMessageLogDao.deleteMessages.deleteMessageLogs.counter" : {
      "count" : 0
    },
    "eu.domibus.core.plugin.handler.DatabaseMessageHandler.submit.counter" : {
      "count" : 11
    },
    "eu.domibus.core.plugin.notification.BackendNotificationService.notifyMessageReceived.counter" : {
      "count" : 17
    },
    "eu.domibus.core.plugin.notification.PluginAsyncNotificationListener.onMessage.counter" : {
      "count" : 5
    },
    "eu.domibus.core.pmode.validation.validators.MessagePropertyValidator.validate.counter" : {
      "count" : 0
    },
    "eu.domibus.core.replication.UIMessageDaoImpl.deleteMessages.deleteUIMessagesByMessageIds.counter" : {
      "count" : 0
    },
    "eu.domibus.core.util.SoapUtil.SoapUtil.counter" : {
      "count" : 0
    },
    "eu.domibus.plugin.jms.JMSPluginImpl.deliverMessage.counter" : {
      "count" : 5
    },
    "eu.domibus.plugin.jms.JMSPluginImpl.receiveMessage.counter" : {
      "count" : 12
    }
  },
  "histograms" : { },
  "meters" : { },
  "timers" : {
    "eu.domibus.core.ebms3.receiver.MSHWebservice.incoming_user_message.timer" : {
      "count" : 165081,
      "max" : 1.120240991,
      "mean" : 0.35603994691024204,
      "min" : 0.12731874,
      "p50" : 0.31782429300000004,
      "p75" : 0.39898703500000005,
      "p95" : 0.688682373,
      "p98" : 0.845666896,
      "p99" : 0.9376303450000001,
      "p999" : 1.119365379,
      "stddev" : 0.1528925384523212,
      "m15_rate" : 58.63432327862829,
      "m1_rate" : 64.3683498483726,
      "m5_rate" : 64.23763004919603,
      "mean_rate" : 44.31528503737212,
      "duration_units" : "seconds",
      "rate_units" : "calls/second"
    },
    "eu.domibus.core.ebms3.receiver.handler.AbstractIncomingMessageHandler.processMessage.timer" : {
      "count" : 165075,
      "max" : 1.153502518,
      "mean" : 0.34888864792223295,
      "min" : 0.12728894000000002,
      "p50" : 0.31759829,
      "p75" : 0.394303279,
      "p95" : 0.667852805,
      "p98" : 0.828045569,
      "p99" : 0.848148428,
      "p999" : 0.912953263,
      "stddev" : 0.14336033938207596,
      "m15_rate" : 58.86959108692728,
      "m1_rate" : 66.11165742093289,
      "m5_rate" : 64.5676718275501,
      "mean_rate" : 57.93820976184547,
      "duration_units" : "seconds",
      "rate_units" : "calls/second"
    },
    "eu.domibus.core.ebms3.receiver.handler.IncomingUserMessageHandler.around_handleNewUserMessage.timer.timer" : {
      "count" : 165045,
      "max" : 1.04565771,
      "mean" : 0.34892981459674677,
      "min" : 0.135620247,
      "p50" : 0.314086238,
      "p75" : 0.395178583,
      "p95" : 0.666557889,
      "p98" : 0.814645896,
      "p99" : 0.84440738,
      "p999" : 0.895802843,
      "stddev" : 0.14467733812405334,
      "m15_rate" : 58.85690181068565,
      "m1_rate" : 66.14560271655353,
      "m5_rate" : 64.56461820003463,
      "mean_rate" : 57.92818244812824,
      "duration_units" : "seconds",
      "rate_units" : "calls/second"
    },
    "eu.domibus.core.ebms3.sender.AbstractUserMessageSender.outgoing_user_message.timer" : {
      "count" : 164574,
      "max" : 0.473703984,
      "mean" : 0.06062268835762838,
      "min" : 0.041327632,
      "p50" : 0.056122623,
      "p75" : 0.061648894,
      "p95" : 0.076445685,
      "p98" : 0.11219664400000001,
      "p99" : 0.21878951900000002,
      "p999" : 0.33068935600000005,
      "stddev" : 0.026848203531693825,
      "m15_rate" : 58.84065961869855,
      "m1_rate" : 68.5323720974791,
      "m5_rate" : 64.9125647775573,
      "mean_rate" : 58.51613236942183,
      "duration_units" : "seconds",
      "rate_units" : "calls/second"
    },
    "eu.domibus.core.ebms3.sender.MessageSenderListener.onMessage.timer" : {
      "count" : 164574,
      "max" : 0.40379969400000004,
      "mean" : 0.07477099252303841,
      "min" : 0.047236608000000006,
      "p50" : 0.063102211,
      "p75" : 0.071974127,
      "p95" : 0.148817215,
      "p98" : 0.180643927,
      "p99" : 0.21284134000000002,
      "p999" : 0.391389635,
      "stddev" : 0.03594670479191675,
      "m15_rate" : 58.84272066158793,
      "m1_rate" : 68.58158345404692,
      "m5_rate" : 64.92064874225413,
      "mean_rate" : 58.513585680720254,
      "duration_units" : "seconds",
      "rate_units" : "calls/second"
    },
    "eu.domibus.core.ebms3.sender.MessageSenderService.sendUserMessage.timer" : {
      "count" : 164574,
      "max" : 0.45626406,
      "mean" : 0.07676943037366567,
      "min" : 0.047218908000000004,
      "p50" : 0.06418082700000001,
      "p75" : 0.07717879400000001,
      "p95" : 0.148739215,
      "p98" : 0.180583027,
      "p99" : 0.215762274,
      "p999" : 0.352582229,
      "stddev" : 0.03464602376661864,
      "m15_rate" : 58.84135085207341,
      "m1_rate" : 68.55316361105434,
      "m5_rate" : 64.9159949606411,
      "mean_rate" : 58.51403999268439,
      "duration_units" : "seconds",
      "rate_units" : "calls/second"
    },
    "eu.domibus.core.ebms3.sender.client.MSHDispatcher.dispatch.timer" : {
      "count" : 164574,
      "max" : 0.46486878600000003,
      "mean" : 0.052020416826134196,
      "min" : 0.034206041,
      "p50" : 0.047558611,
      "p75" : 0.05277718,
      "p95" : 0.06907568800000001,
      "p98" : 0.12223217300000001,
      "p99" : 0.205812545,
      "p999" : 0.30205948800000004,
      "stddev" : 0.025095991067900152,
      "m15_rate" : 58.831325774352614,
      "m1_rate" : 68.37074138000432,
      "m5_rate" : 64.88106621171525,
      "mean_rate" : 58.51929068156061,
      "duration_units" : "seconds",
      "rate_units" : "calls/second"
    },
    "eu.domibus.core.error.ErrorLogDao.deleteMessages.deleteErrorLogsByMessageIdInError.timer" : {
      "count" : 48,
      "max" : 0.014011987,
      "mean" : 0.003938339870947668,
      "min" : 0.002016627,
      "p50" : 0.0037509490000000004,
      "p75" : 0.0044471580000000005,
      "p95" : 0.004831763,
      "p98" : 0.004831763,
      "p99" : 0.004831763,
      "p999" : 0.004831763,
      "stddev" : 4.4689848541300476E-4,
      "m15_rate" : 0.32114088462167645,
      "m1_rate" : 3.507310647418626E-4,
      "m5_rate" : 0.023615166663148782,
      "mean_rate" : 0.03192564009032349,
      "duration_units" : "seconds",
      "rate_units" : "calls/second"
    },
    "eu.domibus.core.message.MessageInfoDao.deleteMessages.timer" : {
      "count" : 96,
      "max" : 1.349967211,
      "mean" : 0.6263296797621242,
      "min" : 0.135606679,
      "p50" : 0.457548693,
      "p75" : 1.020506366,
      "p95" : 1.117710239,
      "p98" : 1.117710239,
      "p99" : 1.117710239,
      "p999" : 1.122292624,
      "stddev" : 0.3762936390927604,
      "m15_rate" : 0.6387653628078866,
      "m1_rate" : 6.660910443557363E-4,
      "m5_rate" : 0.046569840457748334,
      "mean_rate" : 0.06377268307344507,
      "duration_units" : "seconds",
      "rate_units" : "calls/second"
    },
    "eu.domibus.core.message.MessageInfoDao.findSignalMessageIds.timer" : {
      "count" : 48,
      "max" : 0.39905192700000003,
      "mean" : 0.23516944722931893,
      "min" : 0.087470854,
      "p50" : 0.254304431,
      "p75" : 0.32876380600000005,
      "p95" : 0.39905192700000003,
      "p98" : 0.39905192700000003,
      "p99" : 0.39905192700000003,
      "p999" : 0.39905192700000003,
      "stddev" : 0.0969638179693984,
      "m15_rate" : 0.31936171530903046,
      "m1_rate" : 3.226881571527463E-4,
      "m5_rate" : 0.02322484229044673,
      "mean_rate" : 0.03188106786654755,
      "duration_units" : "seconds",
      "rate_units" : "calls/second"
    },
    "eu.domibus.core.message.MessagingServiceImpl.storeMessage.timer" : {
      "count" : 329720,
      "max" : 0.200022465,
      "mean" : 0.005957667731518208,
      "min" : 0.002841437,
      "p50" : 0.004695461000000001,
      "p75" : 0.005637772,
      "p95" : 0.010044129,
      "p98" : 0.01397958,
      "p99" : 0.022359088000000003,
      "p999" : 0.09952347900000001,
      "stddev" : 0.007027862985653389,
      "m15_rate" : 117.47912002183075,
      "m1_rate" : 135.68971309868536,
      "m5_rate" : 129.63614050347783,
      "mean_rate" : 115.72710499183404,
      "duration_units" : "seconds",
      "rate_units" : "calls/second"
    },
    "eu.domibus.core.message.UserMessageHandlerServiceImpl.handleNewUserMessage.timer" : {
      "count" : 165088,
      "max" : 0.413420414,
      "mean" : 0.09455921135726414,
      "min" : 0.024502616,
      "p50" : 0.079526925,
      "p75" : 0.121122958,
      "p95" : 0.21743509700000002,
      "p98" : 0.24658527700000002,
      "p99" : 0.263455194,
      "p999" : 0.38446915000000004,
      "stddev" : 0.056409321445318114,
      "m15_rate" : 58.8697617155888,
      "m1_rate" : 66.09686445232452,
      "m5_rate" : 64.5592204323771,
      "mean_rate" : 57.943224285951615,
      "duration_units" : "seconds",
      "rate_units" : "calls/second"
    },
    "eu.domibus.core.message.UserMessageLogDao.deleteMessages.deleteMessageLogs.timer" : {
      "count" : 48,
      "max" : 0.17933796400000002,
      "mean" : 0.08073926037575666,
      "min" : 0.051570376,
      "p50" : 0.07609099700000001,
      "p75" : 0.08575822300000001,
      "p95" : 0.12182579600000001,
      "p98" : 0.12182579600000001,
      "p99" : 0.12182579600000001,
      "p999" : 0.12182579600000001,
      "stddev" : 0.01800581189658287,
      "m15_rate" : 0.32114088462167645,
      "m1_rate" : 3.507310647418626E-4,
      "m5_rate" : 0.023615166663148782,
      "mean_rate" : 0.031921923608533555,
      "duration_units" : "seconds",
      "rate_units" : "calls/second"
    },
    "eu.domibus.core.message.acknowledge.MessageAcknowledgementDao.deleteMessages.deleteMessageAcknowledgementsByMessageIds.timer" : {
      "count" : 48,
      "max" : 0.012557867,
      "mean" : 0.003066301812688031,
      "min" : 0.0019223250000000001,
      "p50" : 0.002954139,
      "p75" : 0.0031320410000000003,
      "p95" : 0.0042172550000000005,
      "p98" : 0.0042172550000000005,
      "p99" : 0.0042172550000000005,
      "p999" : 0.0042172550000000005,
      "stddev" : 4.698124698241733E-4,
      "m15_rate" : 0.3211379197665133,
      "m1_rate" : 3.507078545080239E-4,
      "m5_rate" : 0.023609010789633574,
      "mean_rate" : 0.03192648489455928,
      "duration_units" : "seconds",
      "rate_units" : "calls/second"
    },
    "eu.domibus.core.message.attempt.MessageAttemptDao.deleteMessages.deleteAttemptsByMessageIds.timer" : {
      "count" : 48,
      "max" : 0.018284944,
      "mean" : 0.003940396445051322,
      "min" : 0.002491633,
      "p50" : 0.0038756500000000004,
      "p75" : 0.0042648550000000006,
      "p95" : 0.005025166,
      "p98" : 0.005025166,
      "p99" : 0.005025166,
      "p999" : 0.005025166,
      "stddev" : 6.628030164107804E-4,
      "m15_rate" : 0.32114088462167645,
      "m1_rate" : 3.507310647418626E-4,
      "m5_rate" : 0.023615166663148782,
      "mean_rate" : 0.031925229573755036,
      "duration_units" : "seconds",
      "rate_units" : "calls/second"
    },
    "eu.domibus.core.message.pull.IncomingPullRequestHandler.incoming_pull_request.timer" : {
      "count" : 6,
      "max" : 0.48937461000000004,
      "mean" : 0.029669991039223322,
      "min" : 0.010040529000000001,
      "p50" : 0.010642337,
      "p75" : 0.014125481,
      "p95" : 0.086060706,
      "p98" : 0.086060706,
      "p99" : 0.086060706,
      "p999" : 0.086060706,
      "stddev" : 0.03195062262596501,
      "m15_rate" : 0.010290617958303674,
      "m1_rate" : 0.008656649433991769,
      "m5_rate" : 0.008865180103639457,
      "mean_rate" : 0.0016106744867667667,
      "duration_units" : "seconds",
      "rate_units" : "calls/second"
    },
    "eu.domibus.core.message.receipt.AS4ReceiptServiceImpl.generateReceipt.timer" : {
      "count" : 165075,
      "max" : 0.154576286,
      "mean" : 0.027476362196313452,
      "min" : 0.01476699,
      "p50" : 0.024019209000000003,
      "p75" : 0.030284190000000002,
      "p95" : 0.049206332000000005,
      "p98" : 0.060848783000000004,
      "p99" : 0.06882848600000001,
      "p999" : 0.15132414400000002,
      "stddev" : 0.011822472438438102,
      "m15_rate" : 58.87159597551621,
      "m1_rate" : 66.05349538317019,
      "m5_rate" : 64.54895657826621,
      "mean_rate" : 57.94201772708006,
      "duration_units" : "seconds",
      "rate_units" : "calls/second"
    },
    "eu.domibus.core.message.retention.MessageRetentionDefaultService.schedule_deleteExpiredMessages.timer" : {
      "count" : 9,
      "max" : 8.5359107,
      "mean" : 8.512278787071287,
      "min" : 0.49070941,
      "p50" : 8.5359107,
      "p75" : 8.5359107,
      "p95" : 8.5359107,
      "p98" : 8.5359107,
      "p99" : 8.5359107,
      "p999" : 8.5359107,
      "stddev" : 0.22730976099638953,
      "m15_rate" : 0.008756486617334167,
      "m1_rate" : 4.337337245694186E-5,
      "m5_rate" : 0.0016102291663362563,
      "mean_rate" : 0.0028779971904264643,
      "duration_units" : "seconds",
      "rate_units" : "calls/second"
    },
    "eu.domibus.core.message.retention.RetentionListener.onMessage.deleteMessages.timer" : {
      "count" : 48,
      "max" : 2.928058402,
      "mean" : 2.1822289503838355,
      "min" : 1.802949369,
      "p50" : 2.130652907,
      "p75" : 2.215224113,
      "p95" : 2.555410669,
      "p98" : 2.555410669,
      "p99" : 2.555410669,
      "p999" : 2.555410669,
      "stddev" : 0.16114734917924792,
      "m15_rate" : 0.24426938114404756,
      "m1_rate" : 3.3651347606901665E-4,
      "m5_rate" : 0.020663859163359218,
      "mean_rate" : 0.031880340923329295,
      "duration_units" : "seconds",
      "rate_units" : "calls/second"
    },
    "eu.domibus.core.message.signal.SignalMessageDao.deleteMessages.deleteReceipts.timer" : {
      "count" : 48,
      "max" : 0.956510324,
      "mean" : 0.4427335798393246,
      "min" : 0.171763664,
      "p50" : 0.431290149,
      "p75" : 0.49691280800000004,
      "p95" : 0.588356106,
      "p98" : 0.588356106,
      "p99" : 0.588356106,
      "p999" : 0.588356106,
      "stddev" : 0.07802231463639989,
      "m15_rate" : 0.32115003785531865,
      "m1_rate" : 3.5447517367313857E-4,
      "m5_rate" : 0.023635733256340337,
      "mean_rate" : 0.031909933498025685,
      "duration_units" : "seconds",
      "rate_units" : "calls/second"
    },
    "eu.domibus.core.message.signal.SignalMessageLogDao.deleteMessages.deleteMessageLogs.timer" : {
      "count" : 48,
      "max" : 0.117430748,
      "mean" : 0.06678146123694577,
      "min" : 0.043149766000000006,
      "p50" : 0.064381743,
      "p75" : 0.07334296,
      "p95" : 0.08124576400000001,
      "p98" : 0.08124576400000001,
      "p99" : 0.08124576400000001,
      "p999" : 0.086399533,
      "stddev" : 0.009675640986655017,
      "m15_rate" : 0.32114088462167645,
      "m1_rate" : 3.507310647418626E-4,
      "m5_rate" : 0.023615166663148782,
      "mean_rate" : 0.03192342372091162,
      "duration_units" : "seconds",
      "rate_units" : "calls/second"
    },
    "eu.domibus.core.plugin.handler.DatabaseMessageHandler.submit.timer" : {
      "count" : 164621,
      "max" : 0.299575843,
      "mean" : 0.08686461869082576,
      "min" : 0.008594011,
      "p50" : 0.07802450400000001,
      "p75" : 0.09828516600000001,
      "p95" : 0.19207137400000002,
      "p98" : 0.22049004100000003,
      "p99" : 0.24926930900000002,
      "p999" : 0.279349991,
      "stddev" : 0.04914479983686646,
      "m15_rate" : 58.851718883026955,
      "m1_rate" : 68.64323567858388,
      "m5_rate" : 64.92146789309365,
      "mean_rate" : 58.52456431841854,
      "duration_units" : "seconds",
      "rate_units" : "calls/second"
    },
    "eu.domibus.core.plugin.notification.BackendNotificationService.notifyMessageReceived.timer" : {
      "count" : 165075,
      "max" : 0.289041706,
      "mean" : 0.05590218150701613,
      "min" : 3.98405E-4,
      "p50" : 0.045118982,
      "p75" : 0.077347096,
      "p95" : 0.16313740200000001,
      "p98" : 0.200018877,
      "p99" : 0.214742166,
      "p999" : 0.233046403,
      "stddev" : 0.04846199245696778,
      "m15_rate" : 58.864886662580965,
      "m1_rate" : 65.99228863824216,
      "m5_rate" : 64.53204150105664,
      "mean_rate" : 57.94022306875929,
      "duration_units" : "seconds",
      "rate_units" : "calls/second"
    },
    "eu.domibus.core.plugin.notification.PluginAsyncNotificationListener.onMessage.timer" : {
      "count" : 164677,
      "max" : 0.377101255,
      "mean" : 0.09229390848818421,
      "min" : 0.00853481,
      "p50" : 0.079378239,
      "p75" : 0.10678947500000001,
      "p95" : 0.201308394,
      "p98" : 0.235400726,
      "p99" : 0.277890177,
      "p999" : 0.377101255,
      "stddev" : 0.05515161629234979,
      "m15_rate" : 58.73852336032147,
      "m1_rate" : 68.83630796360322,
      "m5_rate" : 64.91824342371906,
      "mean_rate" : 57.81103596207064,
      "duration_units" : "seconds",
      "rate_units" : "calls/second"
    },
    "eu.domibus.core.pmode.validation.validators.MessagePropertyValidator.validate.timer" : {
      "count" : 329720,
      "max" : 2.7300000000000003E-5,
      "mean" : 1.4133616191407816E-6,
      "min" : 4.0000000000000003E-7,
      "p50" : 1.3E-6,
      "p75" : 1.5010000000000001E-6,
      "p95" : 2.1000000000000002E-6,
      "p98" : 2.5E-6,
      "p99" : 2.8000000000000003E-6,
      "p999" : 2.7300000000000003E-5,
      "stddev" : 1.3111010963764595E-6,
      "m15_rate" : 117.47958581874938,
      "m1_rate" : 135.69832756810075,
      "m5_rate" : 129.63779325895592,
      "mean_rate" : 115.72664282122204,
      "duration_units" : "seconds",
      "rate_units" : "calls/second"
    },
    "eu.domibus.core.replication.UIMessageDaoImpl.deleteMessages.deleteUIMessagesByMessageIds.timer" : {
      "count" : 96,
      "max" : 0.016420019,
      "mean" : 0.003097008746317386,
      "min" : 0.0017915230000000002,
      "p50" : 0.002941438,
      "p75" : 0.0034107440000000003,
      "p95" : 0.006154580000000001,
      "p98" : 0.006154580000000001,
      "p99" : 0.006154580000000001,
      "p999" : 0.006154580000000001,
      "stddev" : 9.280936958200801E-4,
      "m15_rate" : 0.6422758395330266,
      "m1_rate" : 7.014157090160479E-4,
      "m5_rate" : 0.04721802157926715,
      "mean_rate" : 0.0638517842130594,
      "duration_units" : "seconds",
      "rate_units" : "calls/second"
    },
    "eu.domibus.core.util.SoapUtil.logMessage.timer" : {
      "count" : 165092,
      "max" : 5.9101E-5,
      "mean" : 9.381123855614296E-7,
      "min" : 2.0000000000000002E-7,
      "p50" : 8.000000000000001E-7,
      "p75" : 1.0000000000000002E-6,
      "p95" : 1.5E-6,
      "p98" : 1.601E-6,
      "p99" : 1.8000000000000001E-6,
      "p999" : 2.4601E-5,
      "stddev" : 1.800968358466107E-6,
      "m15_rate" : 58.86493875875138,
      "m1_rate" : 66.00513142907694,
      "m5_rate" : 64.53050928039286,
      "mean_rate" : 57.94468013187415,
      "duration_units" : "seconds",
      "rate_units" : "calls/second"
    },
    "eu.domibus.plugin.jms.JMSPluginImpl.deliverMessage.timer" : {
      "count" : 164677,
      "max" : 0.322287141,
      "mean" : 0.09061869193436166,
      "min" : 0.00854301,
      "p50" : 0.07849211,
      "p75" : 0.104494345,
      "p95" : 0.195461719,
      "p98" : 0.226410417,
      "p99" : 0.24959291600000003,
      "p999" : 0.31929231,
      "stddev" : 0.0522628884957129,
      "m15_rate" : 58.73753977674452,
      "m1_rate" : 68.82264837876541,
      "m5_rate" : 64.91546777747679,
      "mean_rate" : 57.81133938762935,
      "duration_units" : "seconds",
      "rate_units" : "calls/second"
    },
    "eu.domibus.plugin.jms.JMSPluginImpl.receiveMessage.timer" : {
      "count" : 164620,
      "max" : 0.8383725700000001,
      "mean" : 0.15315581160837405,
      "min" : 0.009712525000000001,
      "p50" : 0.147095795,
      "p75" : 0.18315625600000002,
      "p95" : 0.327656922,
      "p98" : 0.359961238,
      "p99" : 0.406595731,
      "p999" : 0.48756316400000005,
      "stddev" : 0.08439481582198395,
      "m15_rate" : 58.85086047588568,
      "m1_rate" : 68.65568249622964,
      "m5_rate" : 64.92281589162903,
      "mean_rate" : 58.52391857610955,
      "duration_units" : "seconds",
      "rate_units" : "calls/second"
    }
  }
}