<?xml version='1.0' encoding='UTF-8'?>
<weblogic-jms xmlns="http://xmlns.oracle.com/weblogic/weblogic-jms" xmlns:sec="http://xmlns.oracle.com/weblogic/security" xmlns:xsi="http://www.w3.org/2001/XMLSchema-instance" xmlns:wls="http://xmlns.oracle.com/weblogic/security/wls" xsi:schemaLocation="http://xmlns.oracle.com/weblogic/weblogic-jms http://xmlns.oracle.com/weblogic/weblogic-jms/1.1/weblogic-jms.xsd">
  <connection-factory name="eDeliveryConnectionFactory">
    <sub-deployment-name>eDeliverySubD</sub-deployment-name>
    <jndi-name>jms/ConnectionFactory</jndi-name>
    <transaction-params>
      <transaction-timeout>3600</transaction-timeout>
      <xa-connection-factory-enabled>true</xa-connection-factory-enabled>
    </transaction-params>
    <load-balancing-params>
      <load-balancing-enabled>true</load-balancing-enabled>
      <server-affinity-enabled>true</server-affinity-enabled>
      <producer-load-balancing-policy>Per-Member</producer-load-balancing-policy>
    </load-balancing-params>
  </connection-factory>
  <uniform-distributed-queue name="DomibusUnknownReceiverQueue">
    <sub-deployment-name>eDeliverySubD</sub-deployment-name>
    <default-targeting-enabled>false</default-targeting-enabled>
    <delivery-params-overrides>
      <redelivery-delay>300000</redelivery-delay>
    </delivery-params-overrides>
    <delivery-failure-params>
      <error-destination>DomibusDLQ</error-destination>
      <redelivery-limit>10</redelivery-limit>
      <expiration-policy>Redirect</expiration-policy>
    </delivery-failure-params>
    <jndi-name>jms/domibus.internal.notification.unknown</jndi-name>
    <load-balancing-policy>Round-Robin</load-balancing-policy>
  </uniform-distributed-queue>
  <uniform-distributed-queue name="DomibusPluginToBackendQueue">
    <sub-deployment-name>eDeliverySubD</sub-deployment-name>
    <default-targeting-enabled>false</default-targeting-enabled>
    <delivery-params-overrides>
      <redelivery-delay>300000</redelivery-delay>
    </delivery-params-overrides>
    <delivery-failure-params>
      <error-destination>DomibusDLQ</error-destination>
      <redelivery-limit>10</redelivery-limit>
      <expiration-policy>Redirect</expiration-policy>
    </delivery-failure-params>
    <jndi-name>jms/domibus.backend.jms.replyQueue</jndi-name>
    <load-balancing-policy>Round-Robin</load-balancing-policy>
  </uniform-distributed-queue>
  <uniform-distributed-queue name="DomibusBusinessMessageInQueue">
    <sub-deployment-name>eDeliverySubD</sub-deployment-name>
    <default-targeting-enabled>false</default-targeting-enabled>
    <delivery-params-overrides>
      <redelivery-delay>300000</redelivery-delay>
    </delivery-params-overrides>
    <delivery-failure-params>
      <error-destination>DomibusDLQ</error-destination>
      <redelivery-limit>10</redelivery-limit>
      <expiration-policy>Redirect</expiration-policy>
    </delivery-failure-params>
    <jndi-name>jms/domibus.backend.jms.inQueue</jndi-name>
    <load-balancing-policy>Round-Robin</load-balancing-policy>
  </uniform-distributed-queue>
  <uniform-distributed-queue name="DomibusNotifyBackendQueue">
    <sub-deployment-name>eDeliverySubD</sub-deployment-name>
    <default-targeting-enabled>false</default-targeting-enabled>
    <delivery-params-overrides>
      <redelivery-delay>300000</redelivery-delay>
    </delivery-params-overrides>
    <delivery-failure-params>
      <error-destination>DomibusDLQ</error-destination>
      <redelivery-limit>10</redelivery-limit>
      <expiration-policy>Redirect</expiration-policy>
    </delivery-failure-params>
    <jndi-name>jms/domibus.internal.notification.queue</jndi-name>
    <load-balancing-policy>Round-Robin</load-balancing-policy>
  </uniform-distributed-queue>
  <uniform-distributed-queue name="DomibusNotifyBackendWebServiceQueue">
    <sub-deployment-name>eDeliverySubD</sub-deployment-name>
    <default-targeting-enabled>false</default-targeting-enabled>
    <delivery-params-overrides>
      <redelivery-delay>300000</redelivery-delay>
    </delivery-params-overrides>
    <delivery-failure-params>
      <error-destination>DomibusDLQ</error-destination>
      <redelivery-limit>10</redelivery-limit>
      <expiration-policy>Redirect</expiration-policy>
    </delivery-failure-params>
    <jndi-name>jms/domibus.notification.webservice</jndi-name>
    <load-balancing-policy>Round-Robin</load-balancing-policy>
  </uniform-distributed-queue>
  <uniform-distributed-queue name="DomibusNotifyBackendJmsQueue">
    <sub-deployment-name>eDeliverySubD</sub-deployment-name>
    <default-targeting-enabled>false</default-targeting-enabled>
    <delivery-params-overrides>
      <redelivery-delay>300000</redelivery-delay>
    </delivery-params-overrides>
    <delivery-failure-params>
      <error-destination>DomibusDLQ</error-destination>
      <redelivery-limit>10</redelivery-limit>
      <expiration-policy>Redirect</expiration-policy>
    </delivery-failure-params>
    <jndi-name>jms/domibus.notification.jms</jndi-name>
    <load-balancing-policy>Round-Robin</load-balancing-policy>
  </uniform-distributed-queue>
  <uniform-distributed-queue name="DomibusBusinessMessageOutQueue">
    <sub-deployment-name>eDeliverySubD</sub-deployment-name>
    <default-targeting-enabled>false</default-targeting-enabled>
    <delivery-params-overrides>
      <redelivery-delay>300000</redelivery-delay>
    </delivery-params-overrides>
    <delivery-failure-params>
      <error-destination>DomibusDLQ</error-destination>
      <redelivery-limit>10</redelivery-limit>
      <expiration-policy>Redirect</expiration-policy>
    </delivery-failure-params>
    <jndi-name>jms/domibus.backend.jms.outQueue</jndi-name>
    <load-balancing-policy>Round-Robin</load-balancing-policy>
  </uniform-distributed-queue>
  <uniform-distributed-queue name="DomibusSendMessageQueue">
    <sub-deployment-name>eDeliverySubD</sub-deployment-name>
    <default-targeting-enabled>false</default-targeting-enabled>
    <delivery-params-overrides>
      <redelivery-delay>1000</redelivery-delay>
    </delivery-params-overrides>
    <delivery-failure-params>
      <redelivery-limit>0</redelivery-limit>
    </delivery-failure-params>
    <jndi-name>jms/domibus.internal.dispatch.queue</jndi-name>
    <load-balancing-policy>Round-Robin</load-balancing-policy>
  </uniform-distributed-queue>
  <uniform-distributed-queue name="DomibusErrorNotifyProducerQueue">
    <sub-deployment-name>eDeliverySubD</sub-deployment-name>
    <default-targeting-enabled>false</default-targeting-enabled>
    <delivery-params-overrides>
      <redelivery-delay>300000</redelivery-delay>
    </delivery-params-overrides>
    <delivery-failure-params>
      <error-destination>DomibusDLQ</error-destination>
      <redelivery-limit>10</redelivery-limit>
      <expiration-policy>Redirect</expiration-policy>
    </delivery-failure-params>
    <jndi-name>jms/domibus.backend.jms.errorNotifyProducer</jndi-name>
    <load-balancing-policy>Round-Robin</load-balancing-policy>
  </uniform-distributed-queue>
  <uniform-distributed-queue name="DomibusErrorNotifyConsumerQueue">
    <sub-deployment-name>eDeliverySubD</sub-deployment-name>
    <default-targeting-enabled>false</default-targeting-enabled>
    <delivery-params-overrides>
      <redelivery-delay>300000</redelivery-delay>
    </delivery-params-overrides>
    <delivery-failure-params>
      <error-destination>DomibusDLQ</error-destination>
      <redelivery-limit>10</redelivery-limit>
      <expiration-policy>Redirect</expiration-policy>
    </delivery-failure-params>
    <jndi-name>jms/domibus.backend.jms.errorNotifyConsumer</jndi-name>
    <load-balancing-policy>Round-Robin</load-balancing-policy>
  </uniform-distributed-queue>
  <uniform-distributed-queue name="DomibusDLQ">
    <sub-deployment-name>eDeliverySubD</sub-deployment-name>
    <default-targeting-enabled>false</default-targeting-enabled>
    <jndi-name>jms/domibus.DLQ</jndi-name>
    <load-balancing-policy>Round-Robin</load-balancing-policy>
  </uniform-distributed-queue>
  <uniform-distributed-queue name="DomibusPullMessageQueue">
    <sub-deployment-name>eDeliverySubD</sub-deployment-name>
    <default-targeting-enabled>false</default-targeting-enabled>
    <delivery-params-overrides>
      <redelivery-delay>1000</redelivery-delay>
    </delivery-params-overrides>
    <delivery-failure-params>
      <redelivery-limit>0</redelivery-limit>
    </delivery-failure-params>
    <jndi-name>jms/domibus.internal.pull.queue</jndi-name>
    <load-balancing-policy>Round-Robin</load-balancing-policy>
  </uniform-distributed-queue>
  <uniform-distributed-queue name="DomibusNotifyBackendFileSystemQueue">
    <sub-deployment-name>eDeliverySubD</sub-deployment-name>
    <default-targeting-enabled>false</default-targeting-enabled>
    <delivery-params-overrides>
      <redelivery-delay>300000</redelivery-delay>
    </delivery-params-overrides>
    <delivery-failure-params>
      <error-destination>DomibusDLQ</error-destination>
      <redelivery-limit>10</redelivery-limit>
      <expiration-policy>Redirect</expiration-policy>
    </delivery-failure-params>
    <jndi-name>jms/domibus.notification.filesystem</jndi-name>
    <load-balancing-policy>Round-Robin</load-balancing-policy>
  </uniform-distributed-queue>
  <uniform-distributed-queue name="DomibusAlertMessageQueue">
    <sub-deployment-name>eDeliverySubD</sub-deployment-name>
    <default-targeting-enabled>false</default-targeting-enabled>
    <delivery-params-overrides>
      <redelivery-delay>1000</redelivery-delay>
    </delivery-params-overrides>
    <delivery-failure-params>
      <redelivery-limit>0</redelivery-limit>
    </delivery-failure-params>
    <jndi-name>jms/domibus.internal.alert.queue</jndi-name>
    <load-balancing-policy>Round-Robin</load-balancing-policy>
  </uniform-distributed-queue>
  <uniform-distributed-queue name="DomibusUIReplicationQueue">
    <sub-deployment-name>eDeliverySubD</sub-deployment-name>
    <default-targeting-enabled>false</default-targeting-enabled>
    <delivery-params-overrides>
      <redelivery-delay>10000</redelivery-delay>
    </delivery-params-overrides>
    <delivery-failure-params>
      <error-destination>DomibusDLQ</error-destination>
      <redelivery-limit>1</redelivery-limit>
      <expiration-policy>Redirect</expiration-policy>
    </delivery-failure-params>
    <jndi-name>jms/domibus.internal.ui.replication.queue</jndi-name>
    <load-balancing-policy>Round-Robin</load-balancing-policy>
  </uniform-distributed-queue>
  <uniform-distributed-queue name="DomibusSendLargeMessageQueue">
    <sub-deployment-name>eDeliverySubD</sub-deployment-name>
    <default-targeting-enabled>false</default-targeting-enabled>
    <delivery-params-overrides>
      <redelivery-delay>1000</redelivery-delay>
    </delivery-params-overrides>
    <delivery-failure-params>
      <redelivery-limit>0</redelivery-limit>
    </delivery-failure-params>
    <jndi-name>jms/domibus.internal.largeMessage.queue</jndi-name>
    <load-balancing-policy>Round-Robin</load-balancing-policy>
  </uniform-distributed-queue>
  <uniform-distributed-queue name="DomibusSplitAndJoinQueueQueue">
    <sub-deployment-name>eDeliverySubD</sub-deployment-name>
    <default-targeting-enabled>false</default-targeting-enabled>
    <delivery-params-overrides>
      <redelivery-delay>60000</redelivery-delay>
    </delivery-params-overrides>
    <delivery-failure-params>
      <error-destination>DomibusDLQ</error-destination>
      <redelivery-limit>3</redelivery-limit>
      <expiration-policy>Redirect</expiration-policy>
    </delivery-failure-params>
    <jndi-name>jms/domibus.internal.splitAndJoin.queue</jndi-name>
    <load-balancing-policy>Round-Robin</load-balancing-policy>
  </uniform-distributed-queue>
  <uniform-distributed-queue name="DomibusPullReceiptQueue">
    <sub-deployment-name>eDeliverySubD</sub-deployment-name>
    <default-targeting-enabled>false</default-targeting-enabled>
    <delivery-params-overrides>
      <redelivery-delay>1000</redelivery-delay>
    </delivery-params-overrides>
    <delivery-failure-params>
      <redelivery-limit>3</redelivery-limit>
    </delivery-failure-params>
    <jndi-name>jms/domibus.internal.pull.receipt.queue</jndi-name>
    <load-balancing-policy>Round-Robin</load-balancing-policy>
  </uniform-distributed-queue>
  <uniform-distributed-queue name="DomibusRetentionMessageQueue">
    <sub-deployment-name>eDeliverySubD</sub-deployment-name>
    <default-targeting-enabled>false</default-targeting-enabled>
    <delivery-params-overrides>
      <redelivery-delay>10000</redelivery-delay>
    </delivery-params-overrides>
    <delivery-failure-params>
      <redelivery-limit>0</redelivery-limit>
    </delivery-failure-params>
    <attach-sender>supports</attach-sender>
    <production-paused-at-startup>false</production-paused-at-startup>
    <insertion-paused-at-startup>false</insertion-paused-at-startup>
    <consumption-paused-at-startup>false</consumption-paused-at-startup>
    <jndi-name>jms/domibus.internal.retentionMessage.queue</jndi-name>
    <default-unit-of-order>false</default-unit-of-order>
    <saf-export-policy>All</saf-export-policy>
    <messaging-performance-preference>25</messaging-performance-preference>
    <unit-of-work-handling-policy>PassThrough</unit-of-work-handling-policy>
    <incomplete-work-expiration-time>-1</incomplete-work-expiration-time>
    <load-balancing-policy>Round-Robin</load-balancing-policy>
    <unit-of-order-routing>Hash</unit-of-order-routing>
    <forward-delay>-1</forward-delay>
    <reset-delivery-count-on-forward>true</reset-delivery-count-on-forward>
  </uniform-distributed-queue>
  <uniform-distributed-queue name="DomibusFSPluginSendQueue">
    <sub-deployment-name>eDeliverySubD</sub-deployment-name>
    <default-targeting-enabled>false</default-targeting-enabled>
    <delivery-failure-params>
      <redelivery-limit>0</redelivery-limit>
    </delivery-failure-params>
    <jndi-name>jms/domibus.fsplugin.send.queue</jndi-name>
    <load-balancing-policy>Round-Robin</load-balancing-policy>
  </uniform-distributed-queue>
  <uniform-distributed-topic name="commandClusterTopic">
    <default-targeting-enabled>true</default-targeting-enabled>
    <delivery-params-overrides>
      <redelivery-delay>10000</redelivery-delay>
    </delivery-params-overrides>
    <delivery-failure-params>
      <redelivery-limit>3</redelivery-limit>
    </delivery-failure-params>
    <jndi-name>jms/domibus.internal.command</jndi-name>
    <load-balancing-policy>Round-Robin</load-balancing-policy>
  </uniform-distributed-topic>
</weblogic-jms>
