{
  "version" : "4.0.0",
  "gauges" : { },
  "counters" : {
    "eu.domibus.core.ebms3.receiver.MSHWebservice.incoming_user_message.counter" : {
      "count" : 25
    },
    "eu.domibus.core.ebms3.receiver.handler.AbstractIncomingMessageHandler.processMessage.counter" : {
      "count" : 25
    },
    "eu.domibus.core.ebms3.receiver.handler.IncomingUserMessageHandler.around_handleNewUserMessage.counter.counter" : {
      "count" : 55
    },
    "eu.domibus.core.ebms3.sender.AbstractUserMessageSender.outgoing_user_message.counter" : {
      "count" : 0
    },
    "eu.domibus.core.ebms3.sender.MessageSenderListener.onMessage.counter" : {
      "count" : 0
    },
    "eu.domibus.core.ebms3.sender.MessageSenderService.sendUserMessage.counter" : {
      "count" : 0
    },
    "eu.domibus.core.ebms3.sender.client.MSHDispatcher.dispatch.counter" : {
      "count" : 0
    },
    "eu.domibus.core.error.ErrorLogDao.deleteMessages.deleteErrorLogsByMessageIdInError.counter" : {
      "count" : 0
    },
    "eu.domibus.core.message.MessageInfoDao.deleteMessages.counter" : {
      "count" : 0
    },
    "eu.domibus.core.message.MessageInfoDao.findSignalMessageIds.counter" : {
      "count" : 0
    },
    "eu.domibus.core.message.MessagingServiceImpl.storeMessage.counter" : {
      "count" : 0
    },
    "eu.domibus.core.message.UserMessageHandlerServiceImpl.handleNewUserMessage.counter" : {
      "count" : 7
    },
    "eu.domibus.core.message.UserMessageLogDao.deleteMessages.deleteMessageLogs.counter" : {
      "count" : 0
    },
    "eu.domibus.core.message.acknowledge.MessageAcknowledgementDao.deleteMessages.deleteMessageAcknowledgementsByMessageIds.counter" : {
      "count" : 0
    },
    "eu.domibus.core.message.attempt.MessageAttemptDao.deleteMessages.deleteAttemptsByMessageIds.counter" : {
      "count" : 0
    },
    "eu.domibus.core.message.pull.IncomingPullRequestHandler.incoming_pull_request.counter" : {
      "count" : 0
    },
    "eu.domibus.core.message.receipt.AS4ReceiptServiceImpl.generateReceipt.counter" : {
      "count" : 0
    },
    "eu.domibus.core.message.retention.MessageRetentionDefaultService.schedule_deleteExpiredMessages.counter" : {
      "count" : 0
    },
    "eu.domibus.core.message.retention.RetentionListener.onMessage.deleteMessages.counter" : {
      "count" : 0
    },
    "eu.domibus.core.message.signal.SignalMessageDao.deleteMessages.deleteReceipts.counter" : {
      "count" : 0
    },
    "eu.domibus.core.message.signal.SignalMessageLogDao.deleteMessages.deleteMessageLogs.counter" : {
      "count" : 0
    },
    "eu.domibus.core.plugin.handler.DatabaseMessageHandler.submit.counter" : {
      "count" : 3
    },
    "eu.domibus.core.plugin.notification.BackendNotificationService.notifyMessageReceived.counter" : {
      "count" : 7
    },
    "eu.domibus.core.plugin.notification.PluginAsyncNotificationListener.onMessage.counter" : {
      "count" : 4
    },
    "eu.domibus.core.pmode.validation.validators.MessagePropertyValidator.validate.counter" : {
      "count" : 0
    },
    "eu.domibus.core.replication.UIMessageDaoImpl.deleteMessages.deleteUIMessagesByMessageIds.counter" : {
      "count" : 0
    },
    "eu.domibus.core.util.SoapUtil.SoapUtil.counter" : {
      "count" : 0
    },
    "eu.domibus.plugin.jms.JMSPluginImpl.deliverMessage.counter" : {
      "count" : 4
    },
    "eu.domibus.plugin.jms.JMSPluginImpl.receiveMessage.counter" : {
      "count" : 8
    }
  },
  "histograms" : { },
  "meters" : { },
  "timers" : {
    "eu.domibus.core.ebms3.receiver.MSHWebservice.incoming_user_message.timer" : {
      "count" : 296260,
      "max" : 1.503815951,
      "mean" : 0.4355186380694948,
      "min" : 0.13184774900000001,
      "p50" : 0.41676122200000004,
      "p75" : 0.488367107,
      "p95" : 0.6515890350000001,
      "p98" : 0.8826369820000001,
      "p99" : 0.9207529170000001,
      "p999" : 1.2840361100000002,
      "stddev" : 0.13418666722120345,
      "m15_rate" : 60.64941799366717,
      "m1_rate" : 61.639706530525935,
      "m5_rate" : 60.78828884729607,
      "mean_rate" : 51.57059457395874,
      "duration_units" : "seconds",
      "rate_units" : "calls/second"
    },
    "eu.domibus.core.ebms3.receiver.handler.AbstractIncomingMessageHandler.processMessage.timer" : {
      "count" : 296247,
      "max" : 1.473787159,
      "mean" : 0.43190975719138436,
      "min" : 0.139998128,
      "p50" : 0.41308764800000003,
      "p75" : 0.47983706800000003,
      "p95" : 0.641634402,
      "p98" : 0.8051556440000001,
      "p99" : 0.9808941790000001,
      "p999" : 1.284187309,
      "stddev" : 0.1299551813036043,
      "m15_rate" : 60.66335453531496,
      "m1_rate" : 61.73053275582654,
      "m5_rate" : 60.80580355051495,
      "mean_rate" : 60.83322418899672,
      "duration_units" : "seconds",
      "rate_units" : "calls/second"
    },
    "eu.domibus.core.ebms3.receiver.handler.IncomingUserMessageHandler.around_handleNewUserMessage.timer.timer" : {
      "count" : 296217,
      "max" : 1.479370721,
      "mean" : 0.42906153268427794,
      "min" : 0.13768781200000002,
      "p50" : 0.41191285600000005,
      "p75" : 0.47853438000000004,
      "p95" : 0.638903528,
      "p98" : 0.770509785,
      "p99" : 0.901196357,
      "p999" : 1.245772584,
      "stddev" : 0.12117495226870537,
      "m15_rate" : 60.6597608466282,
      "m1_rate" : 61.70054086678834,
      "m5_rate" : 60.7998250812239,
      "mean_rate" : 60.82735889895405,
      "duration_units" : "seconds",
      "rate_units" : "calls/second"
    },
    "eu.domibus.core.ebms3.sender.AbstractUserMessageSender.outgoing_user_message.timer" : {
      "count" : 296127,
      "max" : 0.514194626,
      "mean" : 0.06103659554394417,
      "min" : 0.0418281,
      "p50" : 0.058420682,
      "p75" : 0.06447873800000001,
      "p95" : 0.07746894700000001,
      "p98" : 0.09091924900000001,
      "p99" : 0.11710326300000001,
      "p999" : 0.21750914400000002,
      "stddev" : 0.015148070135374317,
      "m15_rate" : 60.989779861168444,
      "m1_rate" : 63.055086814638514,
      "m5_rate" : 61.63060268783583,
      "mean_rate" : 61.273036043692706,
      "duration_units" : "seconds",
      "rate_units" : "calls/second"
    },
    "eu.domibus.core.ebms3.sender.MessageSenderListener.onMessage.timer" : {
      "count" : 296127,
      "max" : 0.44767948900000004,
      "mean" : 0.0896122319897791,
      "min" : 0.048317952000000004,
      "p50" : 0.070081298,
      "p75" : 0.104294255,
      "p95" : 0.177009634,
      "p98" : 0.23507311400000003,
      "p99" : 0.250801207,
      "p999" : 0.293463802,
      "stddev" : 0.04352304345229661,
      "m15_rate" : 60.99263561999054,
      "m1_rate" : 63.093421263692115,
      "m5_rate" : 61.638867527288646,
      "mean_rate" : 61.272033285078756,
      "duration_units" : "seconds",
      "rate_units" : "calls/second"
    },
    "eu.domibus.core.ebms3.sender.MessageSenderService.sendUserMessage.timer" : {
      "count" : 296127,
      "max" : 0.423775261,
      "mean" : 0.08848082697898227,
      "min" : 0.048495553000000004,
      "p50" : 0.06957400300000001,
      "p75" : 0.10145677500000001,
      "p95" : 0.17836252400000002,
      "p98" : 0.21753744400000002,
      "p99" : 0.24414854800000002,
      "p999" : 0.37980208400000004,
      "stddev" : 0.04475685439666057,
      "m15_rate" : 60.991457131301104,
      "m1_rate" : 63.08749809197681,
      "m5_rate" : 61.6356557119914,
      "mean_rate" : 61.27250468825069,
      "duration_units" : "seconds",
      "rate_units" : "calls/second"
    },
    "eu.domibus.core.ebms3.sender.client.MSHDispatcher.dispatch.timer" : {
      "count" : 296127,
      "max" : 0.20523843400000003,
      "mean" : 0.05021923738628572,
      "min" : 0.034062557,
      "p50" : 0.047917457000000004,
      "p75" : 0.05294502,
      "p95" : 0.063627245,
      "p98" : 0.07658925300000001,
      "p99" : 0.10452795000000001,
      "p999" : 0.20523843400000003,
      "stddev" : 0.015152513697981113,
      "m15_rate" : 60.99178357444025,
      "m1_rate" : 63.10222993927183,
      "m5_rate" : 61.63641300869818,
      "mean_rate" : 61.27480433033627,
      "duration_units" : "seconds",
      "rate_units" : "calls/second"
    },
    "eu.domibus.core.error.ErrorLogDao.deleteMessages.deleteErrorLogsByMessageIdInError.timer" : {
      "count" : 120,
      "max" : 0.019309257,
      "mean" : 0.003684239514687513,
      "min" : 0.0021679860000000002,
      "p50" : 0.0032157770000000004,
      "p75" : 0.004338769,
      "p95" : 0.005891559,
      "p98" : 0.005891559,
      "p99" : 0.005891559,
      "p999" : 0.005891559,
      "stddev" : 0.001002137964709637,
      "m15_rate" : 0.04265851093739775,
      "m1_rate" : 1.2260465253506603E-5,
      "m5_rate" : 0.008694206754550226,
      "mean_rate" : 0.03090622924376378,
      "duration_units" : "seconds",
      "rate_units" : "calls/second"
    },
    "eu.domibus.core.message.MessageInfoDao.deleteMessages.timer" : {
      "count" : 240,
      "max" : 3.151192705,
      "mean" : 0.6563624059056767,
      "min" : 0.125853628,
      "p50" : 0.40087242100000003,
      "p75" : 1.042885671,
      "p95" : 1.256020294,
      "p98" : 1.256020294,
      "p99" : 1.322806637,
      "p999" : 1.322806637,
      "stddev" : 0.4263850470271609,
      "m15_rate" : 0.07999539065487087,
      "m1_rate" : 2.475762628418107E-5,
      "m5_rate" : 0.017430852288360044,
      "mean_rate" : 0.06178191671615768,
      "duration_units" : "seconds",
      "rate_units" : "calls/second"
    },
    "eu.domibus.core.message.MessageInfoDao.findSignalMessageIds.timer" : {
      "count" : 120,
      "max" : 0.41663691700000005,
      "mean" : 0.1302024192079368,
      "min" : 0.076689801,
      "p50" : 0.110434135,
      "p75" : 0.126539223,
      "p95" : 0.274168199,
      "p98" : 0.274168199,
      "p99" : 0.274168199,
      "p999" : 0.274168199,
      "stddev" : 0.05336069461026357,
      "m15_rate" : 0.04243786100143892,
      "m1_rate" : 1.1345031930822197E-5,
      "m5_rate" : 0.008567280555183916,
      "mean_rate" : 0.030887944018141083,
      "duration_units" : "seconds",
      "rate_units" : "calls/second"
    },
    "eu.domibus.core.message.MessagingServiceImpl.storeMessage.timer" : {
      "count" : 592433,
      "max" : 0.12826737900000001,
      "mean" : 0.007073385120125748,
      "min" : 0.0030820780000000002,
      "p50" : 0.0053140620000000005,
      "p75" : 0.006960750000000001,
      "p95" : 0.012291412000000002,
      "p98" : 0.01539009,
      "p99" : 0.017110177,
      "p999" : 0.12257862400000001,
      "stddev" : 0.00972089266245429,
      "m15_rate" : 121.60295107052075,
      "m1_rate" : 124.32402815985819,
      "m5_rate" : 122.34560079468478,
      "mean_rate" : 121.65493217457366,
      "duration_units" : "seconds",
      "rate_units" : "calls/second"
    },
    "eu.domibus.core.message.UserMessageHandlerServiceImpl.handleNewUserMessage.timer" : {
      "count" : 296265,
      "max" : 0.475517397,
      "mean" : 0.13240765650058986,
      "min" : 0.02646031,
      "p50" : 0.124296711,
      "p75" : 0.157233975,
      "p95" : 0.24618193600000002,
      "p98" : 0.313347757,
      "p99" : 0.337156185,
      "p999" : 0.472643917,
      "stddev" : 0.061998917838510866,
      "m15_rate" : 60.66109671086833,
      "m1_rate" : 61.64860573125717,
      "m5_rate" : 60.79701487247118,
      "mean_rate" : 60.83719420902765,
      "duration_units" : "seconds",
      "rate_units" : "calls/second"
    },
    "eu.domibus.core.message.UserMessageLogDao.deleteMessages.deleteMessageLogs.timer" : {
      "count" : 120,
      "max" : 0.194769459,
      "mean" : 0.0647246685128074,
      "min" : 0.051178845,
      "p50" : 0.06380545800000001,
      "p75" : 0.074350784,
      "p95" : 0.086014904,
      "p98" : 0.086014904,
      "p99" : 0.086014904,
      "p999" : 0.086014904,
      "stddev" : 0.010488349273071594,
      "m15_rate" : 0.04266825714579565,
      "m1_rate" : 1.229575361752617E-5,
      "m5_rate" : 0.008704054207848025,
      "mean_rate" : 0.030904157248114957,
      "duration_units" : "seconds",
      "rate_units" : "calls/second"
    },
    "eu.domibus.core.message.acknowledge.MessageAcknowledgementDao.deleteMessages.deleteMessageAcknowledgementsByMessageIds.timer" : {
      "count" : 120,
      "max" : 0.014198495,
      "mean" : 0.00300962851200188,
      "min" : 0.001977586,
      "p50" : 0.00290398,
      "p75" : 0.003782174,
      "p95" : 0.004485369,
      "p98" : 0.004485369,
      "p99" : 0.004485369,
      "p999" : 0.004485369,
      "stddev" : 7.265169365828894E-4,
      "m15_rate" : 0.04265487191314975,
      "m1_rate" : 1.2260384419539984E-5,
      "m5_rate" : 0.008691494895167295,
      "mean_rate" : 0.03090657141577183,
      "duration_units" : "seconds",
      "rate_units" : "calls/second"
    },
    "eu.domibus.core.message.attempt.MessageAttemptDao.deleteMessages.deleteAttemptsByMessageIds.timer" : {
      "count" : 120,
      "max" : 0.028946485,
      "mean" : 0.00361141020953298,
      "min" : 0.002153486,
      "p50" : 0.003574475,
      "p75" : 0.00428357,
      "p95" : 0.004766867,
      "p98" : 0.004766867,
      "p99" : 0.004766867,
      "p999" : 0.004766867,
      "stddev" : 6.421967020267273E-4,
      "m15_rate" : 0.04266155930416245,
      "m1_rate" : 1.2295672782860188E-5,
      "m5_rate" : 0.008700897598402254,
      "mean_rate" : 0.03090598994238686,
      "duration_units" : "seconds",
      "rate_units" : "calls/second"
    },
    "eu.domibus.core.message.pull.IncomingPullRequestHandler.incoming_pull_request.timer" : {
      "count" : 13,
      "max" : 0.47321025600000005,
      "mean" : 0.06705810293421274,
      "min" : 0.009397942000000001,
      "p50" : 0.020702972,
      "p75" : 0.09622820900000001,
      "p95" : 0.19203912,
      "p98" : 0.19203912,
      "p99" : 0.19203912,
      "p999" : 0.19203912,
      "stddev" : 0.0696259494293639,
      "m15_rate" : 0.00324783138035632,
      "m1_rate" : 2.6332726446824783E-17,
      "m5_rate" : 1.3242999783310795E-5,
      "mean_rate" : 0.002262937544389165,
      "duration_units" : "seconds",
      "rate_units" : "calls/second"
    },
    "eu.domibus.core.message.receipt.AS4ReceiptServiceImpl.generateReceipt.timer" : {
      "count" : 296254,
      "max" : 0.180044912,
      "mean" : 0.03068761542390507,
      "min" : 0.015289091000000001,
      "p50" : 0.026696909,
      "p75" : 0.034395954,
      "p95" : 0.052016628,
      "p98" : 0.064021242,
      "p99" : 0.079619931,
      "p999" : 0.180044912,
      "stddev" : 0.014113848572899476,
      "m15_rate" : 60.66354251338728,
      "m1_rate" : 61.70452574448072,
      "m5_rate" : 60.80658363648298,
      "mean_rate" : 60.83679670037072,
      "duration_units" : "seconds",
      "rate_units" : "calls/second"
    },
    "eu.domibus.core.message.retention.MessageRetentionDefaultService.schedule_deleteExpiredMessages.timer" : {
      "count" : 21,
      "max" : 10.605950536,
      "mean" : 9.10877738196268,
      "min" : 0.22059636800000001,
      "p50" : 8.485633983000001,
      "p75" : 10.605950536,
      "p95" : 10.605950536,
      "p98" : 10.605950536,
      "p99" : 10.605950536,
      "p999" : 10.605950536,
      "stddev" : 0.9700384833170583,
      "m15_rate" : 0.0030920410809002234,
      "m1_rate" : 1.5426099684853507E-6,
      "m5_rate" : 0.0010899107401294288,
      "mean_rate" : 0.003772104196960328,
      "duration_units" : "seconds",
      "rate_units" : "calls/second"
    },
    "eu.domibus.core.message.retention.RetentionListener.onMessage.deleteMessages.timer" : {
      "count" : 120,
      "max" : 5.081132028000001,
      "mean" : 2.0010800897272567,
      "min" : 1.402168096,
      "p50" : 1.9513894740000002,
      "p75" : 2.261419725,
      "p95" : 2.628124483,
      "p98" : 2.955480128,
      "p99" : 2.955480128,
      "p999" : 2.955480128,
      "stddev" : 0.36606571415288963,
      "m15_rate" : 0.034466638814524525,
      "m1_rate" : 1.176500075522128E-5,
      "m5_rate" : 0.008617063453552464,
      "mean_rate" : 0.030887517358153985,
      "duration_units" : "seconds",
      "rate_units" : "calls/second"
    },
    "eu.domibus.core.message.signal.SignalMessageDao.deleteMessages.deleteReceipts.timer" : {
      "count" : 120,
      "max" : 2.291634637,
      "mean" : 0.3264193916560624,
      "min" : 0.160763337,
      "p50" : 0.196744936,
      "p75" : 0.48608593000000005,
      "p95" : 0.791628713,
      "p98" : 1.2423395940000002,
      "p99" : 1.2423395940000002,
      "p999" : 1.2423395940000002,
      "stddev" : 0.2642677248492003,
      "m15_rate" : 0.04267132651704313,
      "m1_rate" : 1.2295753618310638E-5,
      "m5_rate" : 0.008704512068818485,
      "mean_rate" : 0.030902192734473335,
      "duration_units" : "seconds",
      "rate_units" : "calls/second"
    },
    "eu.domibus.core.message.signal.SignalMessageLogDao.deleteMessages.deleteMessageLogs.timer" : {
      "count" : 120,
      "max" : 0.18694101700000001,
      "mean" : 0.05991468563574673,
      "min" : 0.039609607000000005,
      "p50" : 0.059218789,
      "p75" : 0.072732295,
      "p95" : 0.078874253,
      "p98" : 0.078874253,
      "p99" : 0.078874253,
      "p999" : 0.078874253,
      "stddev" : 0.012679695344010436,
      "m15_rate" : 0.04266376289264107,
      "m1_rate" : 1.229567332389442E-5,
      "m5_rate" : 0.00870172538602389,
      "mean_rate" : 0.030905165658691794,
      "duration_units" : "seconds",
      "rate_units" : "calls/second"
    },
    "eu.domibus.core.plugin.handler.DatabaseMessageHandler.submit.timer" : {
      "count" : 296169,
      "max" : 0.522054068,
      "mean" : 0.11381128043432945,
      "min" : 0.010454725000000002,
      "p50" : 0.096889605,
      "p75" : 0.13831221100000002,
      "p95" : 0.23906959000000003,
      "p98" : 0.276143024,
      "p99" : 0.290792319,
      "p999" : 0.522054068,
      "stddev" : 0.06024686752963004,
      "m15_rate" : 60.99126106040405,
      "m1_rate" : 62.99280580026768,
      "m5_rate" : 61.62790339574361,
      "mean_rate" : 61.27758884932862,
      "duration_units" : "seconds",
      "rate_units" : "calls/second"
    },
    "eu.domibus.core.plugin.notification.BackendNotificationService.notifyMessageReceived.timer" : {
      "count" : 296254,
      "max" : 0.436996572,
      "mean" : 0.07728160873442476,
      "min" : 4.53297E-4,
      "p50" : 0.07001309900000001,
      "p75" : 0.10256226700000001,
      "p95" : 0.17193197000000002,
      "p98" : 0.219900528,
      "p99" : 0.269844568,
      "p999" : 0.43600247900000005,
      "stddev" : 0.05436741672304854,
      "m15_rate" : 60.660873083376394,
      "m1_rate" : 61.65055257086431,
      "m5_rate" : 60.79781268295268,
      "mean_rate" : 60.83584491891904,
      "duration_units" : "seconds",
      "rate_units" : "calls/second"
    },
    "eu.domibus.core.plugin.notification.PluginAsyncNotificationListener.onMessage.timer" : {
      "count" : 296203,
      "max" : 0.570264019,
      "mean" : 0.12314228228844987,
      "min" : 0.009456732,
      "p50" : 0.10654353800000001,
      "p75" : 0.150107024,
      "p95" : 0.238128693,
      "p98" : 0.30081164400000004,
      "p99" : 0.35083138900000005,
      "p999" : 0.570264019,
      "stddev" : 0.06631187289159743,
      "m15_rate" : 60.961431366753054,
      "m1_rate" : 62.63290298992692,
      "m5_rate" : 61.56367948632464,
      "mean_rate" : 60.831673598436176,
      "duration_units" : "seconds",
      "rate_units" : "calls/second"
    },
    "eu.domibus.core.pmode.validation.validators.MessagePropertyValidator.validate.timer" : {
      "count" : 592434,
      "max" : 0.001325891,
      "mean" : 2.4239624759023014E-6,
      "min" : 5.000000000000001E-7,
      "p50" : 1.1E-6,
      "p75" : 1.4000000000000001E-6,
      "p95" : 2.3E-6,
      "p98" : 2.7E-6,
      "p99" : 3.2000000000000003E-6,
      "p999" : 1.83E-5,
      "stddev" : 3.823659465704204E-5,
      "m15_rate" : 121.60353083394708,
      "m1_rate" : 124.33442694190087,
      "m5_rate" : 122.34744868337084,
      "mean_rate" : 121.65479524747461,
      "duration_units" : "seconds",
      "rate_units" : "calls/second"
    },
    "eu.domibus.core.replication.UIMessageDaoImpl.deleteMessages.deleteUIMessagesByMessageIds.timer" : {
      "count" : 240,
      "max" : 0.021387842,
      "mean" : 0.0029823240483465995,
      "min" : 0.0017442870000000002,
      "p50" : 0.002600082,
      "p75" : 0.0033390760000000003,
      "p95" : 0.004623468,
      "p98" : 0.005409663,
      "p99" : 0.00862454,
      "p999" : 0.00862454,
      "stddev" : 0.0011493858773045306,
      "m15_rate" : 0.0853170218747955,
      "m1_rate" : 2.4520930507013207E-5,
      "m5_rate" : 0.01738841350910045,
      "mean_rate" : 0.061812718266302843,
      "duration_units" : "seconds",
      "rate_units" : "calls/second"
    },
    "eu.domibus.core.util.SoapUtil.logMessage.timer" : {
      "count" : 296262,
      "max" : 1.8099E-5,
      "mean" : 7.521920078207342E-7,
      "min" : 2.0000000000000002E-7,
      "p50" : 7.000000000000001E-7,
      "p75" : 8.000000000000001E-7,
      "p95" : 1.3E-6,
      "p98" : 1.5E-6,
      "p99" : 1.6000000000000001E-6,
      "p999" : 1.1000000000000001E-5,
      "stddev" : 6.686317240268494E-7,
      "m15_rate" : 60.66035648267141,
      "m1_rate" : 61.64304833724285,
      "m5_rate" : 60.79545499896779,
      "mean_rate" : 60.836591565632204,
      "duration_units" : "seconds",
      "rate_units" : "calls/second"
    },
    "eu.domibus.plugin.jms.JMSPluginImpl.deliverMessage.timer" : {
      "count" : 296203,
      "max" : 0.569161126,
      "mean" : 0.12088577064338416,
      "min" : 0.009230734,
      "p50" : 0.10644463800000001,
      "p75" : 0.148805335,
      "p95" : 0.23440892400000002,
      "p98" : 0.280448494,
      "p99" : 0.31475275,
      "p999" : 0.569161126,
      "stddev" : 0.06265102372917974,
      "m15_rate" : 60.96069801374207,
      "m1_rate" : 62.62550530140165,
      "m5_rate" : 61.56143475240382,
      "mean_rate" : 60.83181742955417,
      "duration_units" : "seconds",
      "rate_units" : "calls/second"
    },
    "eu.domibus.plugin.jms.JMSPluginImpl.receiveMessage.timer" : {
      "count" : 296164,
      "max" : 0.7823708,
      "mean" : 0.20808564188565848,
      "min" : 0.011668916000000001,
      "p50" : 0.195534802,
      "p75" : 0.245327345,
      "p95" : 0.36287878900000003,
      "p98" : 0.409883266,
      "p99" : 0.611118732,
      "p999" : 0.7823708,
      "stddev" : 0.09252537699693661,
      "m15_rate" : 60.98865396963849,
      "m1_rate" : 63.002006519853715,
      "m5_rate" : 61.62324919382587,
      "mean_rate" : 61.27606707515616,
      "duration_units" : "seconds",
      "rate_units" : "calls/second"
    }
  }
}