{
  "version" : "4.0.0",
  "gauges" : { },
  "counters" : {
    "eu.domibus.core.ebms3.receiver.MSHWebservice.incoming_user_message.counter" : {
      "count" : 30
    },
    "eu.domibus.core.ebms3.receiver.handler.AbstractIncomingMessageHandler.processMessage.counter" : {
      "count" : 30
    },
    "eu.domibus.core.ebms3.receiver.handler.IncomingUserMessageHandler.around_handleNewUserMessage.counter.counter" : {
      "count" : 60
    },
    "eu.domibus.core.ebms3.sender.AbstractUserMessageSender.outgoing_user_message.counter" : {
      "count" : 3
    },
    "eu.domibus.core.ebms3.sender.MessageSenderListener.onMessage.counter" : {
      "count" : 5
    },
    "eu.domibus.core.ebms3.sender.MessageSenderService.sendUserMessage.counter" : {
      "count" : 5
    },
    "eu.domibus.core.ebms3.sender.client.MSHDispatcher.dispatch.counter" : {
      "count" : 2
    },
    "eu.domibus.core.error.ErrorLogDao.deleteMessages.deleteErrorLogsByMessageIdInError.counter" : {
      "count" : 0
    },
    "eu.domibus.core.message.MessageInfoDao.deleteMessages.counter" : {
      "count" : 0
    },
    "eu.domibus.core.message.MessageInfoDao.findSignalMessageIds.counter" : {
      "count" : 0
    },
    "eu.domibus.core.message.MessagingServiceImpl.storeMessage.counter" : {
      "count" : 0
    },
    "eu.domibus.core.message.UserMessageHandlerServiceImpl.handleNewUserMessage.counter" : {
      "count" : 10
    },
    "eu.domibus.core.message.UserMessageLogDao.deleteMessages.deleteMessageLogs.counter" : {
      "count" : 0
    },
    "eu.domibus.core.message.acknowledge.MessageAcknowledgementDao.deleteMessages.deleteMessageAcknowledgementsByMessageIds.counter" : {
      "count" : 0
    },
    "eu.domibus.core.message.attempt.MessageAttemptDao.deleteMessages.deleteAttemptsByMessageIds.counter" : {
      "count" : 0
    },
    "eu.domibus.core.message.pull.IncomingPullRequestHandler.incoming_pull_request.counter" : {
      "count" : 0
    },
    "eu.domibus.core.message.receipt.AS4ReceiptServiceImpl.generateReceipt.counter" : {
      "count" : 0
    },
    "eu.domibus.core.message.retention.MessageRetentionDefaultService.schedule_deleteExpiredMessages.counter" : {
      "count" : 0
    },
    "eu.domibus.core.message.retention.RetentionListener.onMessage.deleteMessages.counter" : {
      "count" : 0
    },
    "eu.domibus.core.message.signal.SignalMessageDao.deleteMessages.deleteReceipts.counter" : {
      "count" : 0
    },
    "eu.domibus.core.message.signal.SignalMessageLogDao.deleteMessages.deleteMessageLogs.counter" : {
      "count" : 0
    },
    "eu.domibus.core.plugin.handler.DatabaseMessageHandler.submit.counter" : {
      "count" : 5
    },
    "eu.domibus.core.plugin.notification.BackendNotificationService.notifyMessageReceived.counter" : {
      "count" : 5
    },
    "eu.domibus.core.plugin.notification.PluginAsyncNotificationListener.onMessage.counter" : {
      "count" : 3
    },
    "eu.domibus.core.pmode.validation.validators.MessagePropertyValidator.validate.counter" : {
      "count" : 0
    },
    "eu.domibus.core.replication.UIMessageDaoImpl.deleteMessages.deleteUIMessagesByMessageIds.counter" : {
      "count" : 0
    },
    "eu.domibus.core.util.SoapUtil.SoapUtil.counter" : {
      "count" : 0
    },
    "eu.domibus.plugin.jms.JMSPluginImpl.deliverMessage.counter" : {
      "count" : 3
    },
    "eu.domibus.plugin.jms.JMSPluginImpl.receiveMessage.counter" : {
      "count" : 21
    }
  },
  "histograms" : { },
  "meters" : { },
  "timers" : {
    "eu.domibus.core.ebms3.receiver.MSHWebservice.incoming_user_message.timer" : {
      "count" : 297855,
      "max" : 1.206686862,
      "mean" : 0.43473279394497577,
      "min" : 0.133544283,
      "p50" : 0.42252497400000005,
      "p75" : 0.48541171800000005,
      "p95" : 0.614626823,
      "p98" : 0.741267023,
      "p99" : 0.9315066750000001,
      "p999" : 1.206686862,
      "stddev" : 0.11920056512384175,
      "m15_rate" : 62.32491488589528,
      "m1_rate" : 65.20126147738316,
      "m5_rate" : 63.297412721816265,
      "mean_rate" : 51.845568774053945,
      "duration_units" : "seconds",
      "rate_units" : "calls/second"
    },
    "eu.domibus.core.ebms3.receiver.handler.AbstractIncomingMessageHandler.processMessage.timer" : {
      "count" : 297847,
      "max" : 1.082417859,
      "mean" : 0.4397768765504318,
      "min" : 0.14831657,
      "p50" : 0.427554769,
      "p75" : 0.48822700700000005,
      "p95" : 0.6295476160000001,
      "p98" : 0.790199387,
      "p99" : 0.876362018,
      "p999" : 1.082417859,
      "stddev" : 0.11304300209897673,
      "m15_rate" : 62.24834871914829,
      "m1_rate" : 64.11093390998154,
      "m5_rate" : 63.052635398475815,
      "mean_rate" : 61.164719668192404,
      "duration_units" : "seconds",
      "rate_units" : "calls/second"
    },
    "eu.domibus.core.ebms3.receiver.handler.IncomingUserMessageHandler.around_handleNewUserMessage.timer.timer" : {
      "count" : 297817,
      "max" : 1.198484468,
      "mean" : 0.4411796893286919,
      "min" : 0.120803092,
      "p50" : 0.429706674,
      "p75" : 0.48967722100000005,
      "p95" : 0.628428521,
      "p98" : 0.807210372,
      "p99" : 1.054669281,
      "p999" : 1.198484468,
      "stddev" : 0.12498362873173732,
      "m15_rate" : 62.246236379791355,
      "m1_rate" : 64.09718613332025,
      "m5_rate" : 63.052635236374684,
      "mean_rate" : 61.1588133045353,
      "duration_units" : "seconds",
      "rate_units" : "calls/second"
    },
    "eu.domibus.core.ebms3.sender.AbstractUserMessageSender.outgoing_user_message.timer" : {
      "count" : 297857,
      "max" : 0.22985901500000003,
      "mean" : 0.060645293613444645,
      "min" : 0.041416666000000005,
      "p50" : 0.056918757,
      "p75" : 0.062835852,
      "p95" : 0.080947239,
      "p98" : 0.106849519,
      "p99" : 0.16254427400000002,
      "p999" : 0.209410131,
      "stddev" : 0.017807631453578943,
      "m15_rate" : 62.28778809615564,
      "m1_rate" : 62.35995533896035,
      "m5_rate" : 62.82942430203422,
      "mean_rate" : 61.625361042608894,
      "duration_units" : "seconds",
      "rate_units" : "calls/second"
    },
    "eu.domibus.core.ebms3.sender.MessageSenderListener.onMessage.timer" : {
      "count" : 297858,
      "max" : 0.352021214,
      "mean" : 0.08855682662361164,
      "min" : 0.046642760000000005,
      "p50" : 0.06949224700000001,
      "p75" : 0.104826422,
      "p95" : 0.17150736600000002,
      "p98" : 0.20287084600000002,
      "p99" : 0.26105800100000004,
      "p999" : 0.315251059,
      "stddev" : 0.043169659667670876,
      "m15_rate" : 62.2819880357333,
      "m1_rate" : 62.29008831974748,
      "m5_rate" : 62.81208514772438,
      "mean_rate" : 61.624551393753,
      "duration_units" : "seconds",
      "rate_units" : "calls/second"
    },
    "eu.domibus.core.ebms3.sender.MessageSenderService.sendUserMessage.timer" : {
      "count" : 297858,
      "max" : 0.400447895,
      "mean" : 0.09097240976461338,
      "min" : 0.047227664,
      "p50" : 0.072259245,
      "p75" : 0.106826319,
      "p95" : 0.17597336100000002,
      "p98" : 0.230463822,
      "p99" : 0.28322918,
      "p999" : 0.400447895,
      "stddev" : 0.045825787852437384,
      "m15_rate" : 62.28020527527017,
      "m1_rate" : 62.26060288534707,
      "m5_rate" : 62.80680152821973,
      "mean_rate" : 61.624866303921486,
      "duration_units" : "seconds",
      "rate_units" : "calls/second"
    },
    "eu.domibus.core.ebms3.sender.client.MSHDispatcher.dispatch.timer" : {
      "count" : 297858,
      "max" : 0.346261819,
      "mean" : 0.05024271416061919,
      "min" : 0.03417047,
      "p50" : 0.047646465000000006,
      "p75" : 0.052807959,
      "p95" : 0.06545755,
      "p98" : 0.08314863600000001,
      "p99" : 0.14747368900000002,
      "p999" : 0.196670846,
      "stddev" : 0.016186857229316183,
      "m15_rate" : 62.293977472464306,
      "m1_rate" : 62.47207297186381,
      "m5_rate" : 62.848818795984215,
      "mean_rate" : 61.62595397326655,
      "duration_units" : "seconds",
      "rate_units" : "calls/second"
    },
    "eu.domibus.core.error.ErrorLogDao.deleteMessages.deleteErrorLogsByMessageIdInError.timer" : {
      "count" : 127,
      "max" : 0.033840284000000005,
      "mean" : 0.0031951709257587286,
      "min" : 0.0021967,
      "p50" : 0.0033158970000000004,
      "p75" : 0.0035671970000000002,
      "p95" : 0.004059097,
      "p98" : 0.004074398,
      "p99" : 0.004235796,
      "p999" : 0.004235796,
      "stddev" : 5.231261298623725E-4,
      "m15_rate" : 0.05712272860672403,
      "m1_rate" : 0.042143122525190466,
      "m5_rate" : 0.06436378707973471,
      "mean_rate" : 0.030350504371682192,
      "duration_units" : "seconds",
      "rate_units" : "calls/second"
    },
    "eu.domibus.core.message.MessageInfoDao.deleteMessages.timer" : {
      "count" : 254,
      "max" : 3.677401197,
      "mean" : 0.7739691836040176,
      "min" : 0.036752078,
      "p50" : 0.45950472400000003,
      "p75" : 1.218012802,
      "p95" : 1.4584497090000001,
      "p98" : 1.505299497,
      "p99" : 1.517693806,
      "p999" : 1.8163894340000002,
      "stddev" : 0.5092953254003894,
      "m15_rate" : 0.11364166802847658,
      "m1_rate" : 0.07810926617364385,
      "m5_rate" : 0.12679352143022196,
      "mean_rate" : 0.0606889083616947,
      "duration_units" : "seconds",
      "rate_units" : "calls/second"
    },
    "eu.domibus.core.message.MessageInfoDao.findSignalMessageIds.timer" : {
      "count" : 127,
      "max" : 0.656096059,
      "mean" : 0.17563752850636308,
      "min" : 0.023439886,
      "p50" : 0.17982325300000002,
      "p75" : 0.247077598,
      "p95" : 0.257624589,
      "p98" : 0.257624589,
      "p99" : 0.280826997,
      "p999" : 0.656096059,
      "stddev" : 0.07343549065291125,
      "m15_rate" : 0.05677317668208873,
      "m1_rate" : 0.03836590209904203,
      "m5_rate" : 0.06317185012100571,
      "mean_rate" : 0.030342393707569457,
      "duration_units" : "seconds",
      "rate_units" : "calls/second"
    },
    "eu.domibus.core.message.MessagingServiceImpl.storeMessage.timer" : {
      "count" : 595775,
      "max" : 0.34716493000000004,
      "mean" : 0.008055530299151618,
      "min" : 0.0028223980000000003,
      "p50" : 0.005435296,
      "p75" : 0.007256095000000001,
      "p95" : 0.014413289000000001,
      "p98" : 0.018028185000000002,
      "p99" : 0.083078337,
      "p999" : 0.12236260700000001,
      "stddev" : 0.015456970611509238,
      "m15_rate" : 124.52535332494176,
      "m1_rate" : 126.39201781967127,
      "m5_rate" : 125.87971770916141,
      "mean_rate" : 122.34700700612133,
      "duration_units" : "seconds",
      "rate_units" : "calls/second"
    },
    "eu.domibus.core.message.UserMessageHandlerServiceImpl.handleNewUserMessage.timer" : {
      "count" : 297867,
      "max" : 0.5269876,
      "mean" : 0.13293185180863606,
      "min" : 0.027128576,
      "p50" : 0.12668500500000002,
      "p75" : 0.155210774,
      "p95" : 0.23572162100000002,
      "p98" : 0.28354218400000003,
      "p99" : 0.350372934,
      "p999" : 0.5269876,
      "stddev" : 0.059184026553075565,
      "m15_rate" : 62.25606084917076,
      "m1_rate" : 64.17617210731257,
      "m5_rate" : 63.07471010130701,
      "mean_rate" : 61.169060165582096,
      "duration_units" : "seconds",
      "rate_units" : "calls/second"
    },
    "eu.domibus.core.message.UserMessageLogDao.deleteMessages.deleteMessageLogs.timer" : {
      "count" : 127,
      "max" : 5.7534777120000005,
      "mean" : 0.06779722230353326,
      "min" : 0.01622689,
      "p50" : 0.066397439,
      "p75" : 0.072711337,
      "p95" : 0.083103732,
      "p98" : 0.10826790600000001,
      "p99" : 0.10826790600000001,
      "p999" : 0.10826790600000001,
      "stddev" : 0.01087450134711026,
      "m15_rate" : 0.05712272860672403,
      "m1_rate" : 0.042143122525190466,
      "m5_rate" : 0.06436378707973471,
      "mean_rate" : 0.030350095896799066,
      "duration_units" : "seconds",
      "rate_units" : "calls/second"
    },
    "eu.domibus.core.message.acknowledge.MessageAcknowledgementDao.deleteMessages.deleteMessageAcknowledgementsByMessageIds.timer" : {
      "count" : 127,
      "max" : 0.09631374200000001,
      "mean" : 0.002961437685926843,
      "min" : 0.0018722010000000002,
      "p50" : 0.0028377980000000003,
      "p75" : 0.003411397,
      "p95" : 0.004209696000000001,
      "p98" : 0.005659095,
      "p99" : 0.005659095,
      "p999" : 0.005659095,
      "stddev" : 7.649362350142743E-4,
      "m15_rate" : 0.05711717412033157,
      "m1_rate" : 0.04185783295995584,
      "m5_rate" : 0.06432330983319044,
      "mean_rate" : 0.03035075660856662,
      "duration_units" : "seconds",
      "rate_units" : "calls/second"
    },
    "eu.domibus.core.message.attempt.MessageAttemptDao.deleteMessages.deleteAttemptsByMessageIds.timer" : {
      "count" : 127,
      "max" : 0.011950792,
      "mean" : 0.0029871391101279825,
      "min" : 0.002119298,
      "p50" : 0.0030016970000000002,
      "p75" : 0.003601897,
      "p95" : 0.004087896000000001,
      "p98" : 0.0041712960000000006,
      "p99" : 0.0041712960000000006,
      "p999" : 0.007929397000000001,
      "stddev" : 7.359075201183134E-4,
      "m15_rate" : 0.05712272860672403,
      "m1_rate" : 0.042143122525190466,
      "m5_rate" : 0.06436378707973471,
      "mean_rate" : 0.030350409317747448,
      "duration_units" : "seconds",
      "rate_units" : "calls/second"
    },
    "eu.domibus.core.message.pull.IncomingPullRequestHandler.incoming_pull_request.timer" : {
      "count" : 8,
      "max" : 0.42838590000000004,
      "mean" : 0.0656841031432932,
      "min" : 0.009123302,
      "p50" : 0.010902902,
      "p75" : 0.011355402,
      "p95" : 0.238127149,
      "p98" : 0.238127149,
      "p99" : 0.238127149,
      "p999" : 0.238127149,
      "stddev" : 0.09759101659360121,
      "m15_rate" : 0.001770223240349411,
      "m1_rate" : 2.070628908308437E-17,
      "m5_rate" : 1.055647078141992E-5,
      "mean_rate" : 0.001392505358363523,
      "duration_units" : "seconds",
      "rate_units" : "calls/second"
    },
    "eu.domibus.core.message.receipt.AS4ReceiptServiceImpl.generateReceipt.timer" : {
      "count" : 297864,
      "max" : 0.147338288,
      "mean" : 0.030012428939323453,
      "min" : 0.016027787,
      "p50" : 0.02612238,
      "p75" : 0.032942774,
      "p95" : 0.051437059,
      "p98" : 0.070458345,
      "p99" : 0.114603113,
      "p999" : 0.147338288,
      "stddev" : 0.014881468540158859,
      "m15_rate" : 62.25104791654484,
      "m1_rate" : 64.13503965531206,
      "m5_rate" : 63.061286038736,
      "mean_rate" : 61.17035378374333,
      "duration_units" : "seconds",
      "rate_units" : "calls/second"
    },
    "eu.domibus.core.message.retention.MessageRetentionDefaultService.schedule_deleteExpiredMessages.timer" : {
      "count" : 20,
      "max" : 10.202125951000001,
      "mean" : 8.641184587181892,
      "min" : 0.225089898,
      "p50" : 9.593632439,
      "p75" : 9.593632439,
      "p95" : 9.593632439,
      "p98" : 10.202125951000001,
      "p99" : 10.202125951000001,
      "p999" : 10.202125951000001,
      "stddev" : 1.4503058075122792,
      "m15_rate" : 0.005975196700463291,
      "m1_rate" : 0.005112619023225554,
      "m5_rate" : 0.008021609414676405,
      "mean_rate" : 0.0037125206337850526,
      "duration_units" : "seconds",
      "rate_units" : "calls/second"
    },
    "eu.domibus.core.message.retention.RetentionListener.onMessage.deleteMessages.timer" : {
      "count" : 127,
      "max" : 7.329803948,
      "mean" : 2.1646752485467644,
      "min" : 0.354285887,
      "p50" : 2.228627178,
      "p75" : 2.253771758,
      "p95" : 2.4123679250000003,
      "p98" : 2.4416332880000002,
      "p99" : 2.4819501240000004,
      "p999" : 2.4819501240000004,
      "stddev" : 0.18155060564210304,
      "m15_rate" : 0.05686227187408233,
      "m1_rate" : 0.039598217083326975,
      "m5_rate" : 0.06354765513993746,
      "mean_rate" : 0.030342035139993482,
      "duration_units" : "seconds",
      "rate_units" : "calls/second"
    },
    "eu.domibus.core.message.signal.SignalMessageDao.deleteMessages.deleteReceipts.timer" : {
      "count" : 127,
      "max" : 2.067616572,
      "mean" : 0.21294807603693516,
      "min" : 0.024995185000000003,
      "p50" : 0.209935228,
      "p75" : 0.23939110400000002,
      "p95" : 0.252881693,
      "p98" : 0.309881732,
      "p99" : 0.309881732,
      "p999" : 0.309881732,
      "stddev" : 0.030171771750572864,
      "m15_rate" : 0.05711416000603208,
      "m1_rate" : 0.04185783295995584,
      "m5_rate" : 0.06432324515342364,
      "mean_rate" : 0.030349776510345542,
      "duration_units" : "seconds",
      "rate_units" : "calls/second"
    },
    "eu.domibus.core.message.signal.SignalMessageLogDao.deleteMessages.deleteMessageLogs.timer" : {
      "count" : 127,
      "max" : 0.097585853,
      "mean" : 0.05842052973311112,
      "min" : 0.007286096000000001,
      "p50" : 0.05769275200000001,
      "p75" : 0.060313251000000005,
      "p95" : 0.07578683,
      "p98" : 0.090678222,
      "p99" : 0.090678222,
      "p999" : 0.090678222,
      "stddev" : 0.010573634547501997,
      "m15_rate" : 0.05712272860672403,
      "m1_rate" : 0.042143122525190466,
      "m5_rate" : 0.06436378707973471,
      "mean_rate" : 0.030350265385973126,
      "duration_units" : "seconds",
      "rate_units" : "calls/second"
    },
    "eu.domibus.core.plugin.handler.DatabaseMessageHandler.submit.timer" : {
      "count" : 297902,
      "max" : 0.45074655,
      "mean" : 0.11563515206701168,
      "min" : 0.009606092,
      "p50" : 0.100046222,
      "p75" : 0.143691591,
      "p95" : 0.22977212700000002,
      "p98" : 0.264071186,
      "p99" : 0.292596572,
      "p999" : 0.45074655,
      "stddev" : 0.05745334199053339,
      "m15_rate" : 62.29499460158281,
      "m1_rate" : 62.45283155047876,
      "m5_rate" : 62.84732859148896,
      "mean_rate" : 61.631202804358004,
      "duration_units" : "seconds",
      "rate_units" : "calls/second"
    },
    "eu.domibus.core.plugin.notification.BackendNotificationService.notifyMessageReceived.timer" : {
      "count" : 297864,
      "max" : 0.312158458,
      "mean" : 0.08500061929666372,
      "min" : 4.046E-4,
      "p50" : 0.07991943900000001,
      "p75" : 0.10604411700000001,
      "p95" : 0.173767168,
      "p98" : 0.21785383500000002,
      "p99" : 0.23969261300000003,
      "p999" : 0.312158458,
      "stddev" : 0.04720197701611943,
      "m15_rate" : 62.25400133961958,
      "m1_rate" : 64.16770348302313,
      "m5_rate" : 63.0692169250493,
      "mean_rate" : 61.16938136111492,
      "duration_units" : "seconds",
      "rate_units" : "calls/second"
    },
    "eu.domibus.core.plugin.notification.PluginAsyncNotificationListener.onMessage.timer" : {
      "count" : 297960,
      "max" : 0.446727452,
      "mean" : 0.12616720573435491,
      "min" : 0.009737891,
      "p50" : 0.11426551300000001,
      "p75" : 0.154535577,
      "p95" : 0.23367812300000002,
      "p98" : 0.26270809700000003,
      "p99" : 0.28881897500000003,
      "p999" : 0.38885118300000004,
      "stddev" : 0.05380078425959621,
      "m15_rate" : 62.29314321519406,
      "m1_rate" : 62.30505139435799,
      "m5_rate" : 62.83609905140211,
      "mean_rate" : 61.19400916226991,
      "duration_units" : "seconds",
      "rate_units" : "calls/second"
    },
    "eu.domibus.core.pmode.validation.validators.MessagePropertyValidator.validate.timer" : {
      "count" : 595775,
      "max" : 2.6069900000000003E-4,
      "mean" : 1.7875421287778168E-6,
      "min" : 5.000000000000001E-7,
      "p50" : 1.2000000000000002E-6,
      "p75" : 1.4000000000000001E-6,
      "p95" : 2.2E-6,
      "p98" : 2.6E-6,
      "p99" : 3.0E-6,
      "p999" : 2.6069900000000003E-4,
      "stddev" : 1.0642384584367915E-5,
      "m15_rate" : 124.52607789579955,
      "m1_rate" : 126.41755671528831,
      "m5_rate" : 125.8824761352819,
      "mean_rate" : 122.34665543705299,
      "duration_units" : "seconds",
      "rate_units" : "calls/second"
    },
    "eu.domibus.core.replication.UIMessageDaoImpl.deleteMessages.deleteUIMessagesByMessageIds.timer" : {
      "count" : 254,
      "max" : 0.014376792000000001,
      "mean" : 0.0028544558882494563,
      "min" : 7.569E-4,
      "p50" : 0.002368598,
      "p75" : 0.003032697,
      "p95" : 0.003549697,
      "p98" : 0.013717088,
      "p99" : 0.013717088,
      "p999" : 0.014046687,
      "stddev" : 0.0017374351510642937,
      "m15_rate" : 0.11423434824066314,
      "m1_rate" : 0.08371566591991168,
      "m5_rate" : 0.12864661966638088,
      "mean_rate" : 0.06070125917604664,
      "duration_units" : "seconds",
      "rate_units" : "calls/second"
    },
    "eu.domibus.core.util.SoapUtil.logMessage.timer" : {
      "count" : 297869,
      "max" : 1.79E-5,
      "mean" : 7.292369080580333E-7,
      "min" : 2.0000000000000002E-7,
      "p50" : 7.000000000000001E-7,
      "p75" : 7.000000000000001E-7,
      "p95" : 1.1E-6,
      "p98" : 1.4000000000000001E-6,
      "p99" : 1.6000000000000001E-6,
      "p999" : 9.600000000000001E-6,
      "stddev" : 6.763474032421693E-7,
      "m15_rate" : 62.25363252556465,
      "m1_rate" : 64.1504139152878,
      "m5_rate" : 63.06766861513872,
      "mean_rate" : 61.1694951873958,
      "duration_units" : "seconds",
      "rate_units" : "calls/second"
    },
    "eu.domibus.plugin.jms.JMSPluginImpl.deliverMessage.timer" : {
      "count" : 297960,
      "max" : 0.48680080200000003,
      "mean" : 0.1240025305356371,
      "min" : 0.009122292,
      "p50" : 0.112263315,
      "p75" : 0.150429886,
      "p95" : 0.22330033100000002,
      "p98" : 0.256411597,
      "p99" : 0.288554976,
      "p999" : 0.386297999,
      "stddev" : 0.0521531448659573,
      "m15_rate" : 62.292294008840116,
      "m1_rate" : 62.28260377001071,
      "m5_rate" : 62.83366474168033,
      "mean_rate" : 61.194163961657594,
      "duration_units" : "seconds",
      "rate_units" : "calls/second"
    },
    "eu.domibus.plugin.jms.JMSPluginImpl.receiveMessage.timer" : {
      "count" : 297886,
      "max" : 0.7352079290000001,
      "mean" : 0.2081916176963958,
      "min" : 0.010673891000000001,
      "p50" : 0.19730625000000002,
      "p75" : 0.25098071,
      "p95" : 0.34544253,
      "p98" : 0.388662598,
      "p99" : 0.47125021500000003,
      "p999" : 0.7352079290000001,
      "stddev" : 0.08246557578815804,
      "m15_rate" : 62.29264993811277,
      "m1_rate" : 62.41064073710989,
      "m5_rate" : 62.84180546642037,
      "mean_rate" : 61.62779218690063,
      "duration_units" : "seconds",
      "rate_units" : "calls/second"
    }
  }
}