{
  "version" : "4.0.0",
  "gauges" : { },
  "counters" : {
    "eu.domibus.core.ebms3.receiver.MSHWebservice.incoming_user_message.counter" : {
      "count" : 14
    },
    "eu.domibus.core.ebms3.receiver.handler.AbstractIncomingMessageHandler.processMessage.counter" : {
      "count" : 14
    },
    "eu.domibus.core.ebms3.receiver.handler.IncomingUserMessageHandler.around_handleNewUserMessage.counter.counter" : {
      "count" : 44
    },
    "eu.domibus.core.ebms3.sender.AbstractUserMessageSender.outgoing_user_message.counter" : {
      "count" : 7
    },
    "eu.domibus.core.ebms3.sender.MessageSenderListener.onMessage.counter" : {
      "count" : 7
    },
    "eu.domibus.core.ebms3.sender.MessageSenderService.sendUserMessage.counter" : {
      "count" : 7
    },
    "eu.domibus.core.ebms3.sender.client.MSHDispatcher.dispatch.counter" : {
      "count" : 7
    },
    "eu.domibus.core.error.ErrorLogDao.deleteMessages.deleteErrorLogsByMessageIdInError.counter" : {
      "count" : 0
    },
    "eu.domibus.core.message.MessageInfoDao.deleteMessages.counter" : {
      "count" : 0
    },
    "eu.domibus.core.message.MessageInfoDao.findSignalMessageIds.counter" : {
      "count" : 0
    },
    "eu.domibus.core.message.MessagingServiceImpl.storeMessage.counter" : {
      "count" : 0
    },
    "eu.domibus.core.message.UserMessageHandlerServiceImpl.handleNewUserMessage.counter" : {
      "count" : 0
    },
    "eu.domibus.core.message.UserMessageLogDao.deleteMessages.deleteMessageLogs.counter" : {
      "count" : 0
    },
    "eu.domibus.core.message.acknowledge.MessageAcknowledgementDao.deleteMessages.deleteMessageAcknowledgementsByMessageIds.counter" : {
      "count" : 0
    },
    "eu.domibus.core.message.attempt.MessageAttemptDao.deleteMessages.deleteAttemptsByMessageIds.counter" : {
      "count" : 0
    },
    "eu.domibus.core.message.pull.IncomingPullRequestHandler.incoming_pull_request.counter" : {
      "count" : 0
    },
    "eu.domibus.core.message.receipt.AS4ReceiptServiceImpl.generateReceipt.counter" : {
      "count" : 0
    },
    "eu.domibus.core.message.retention.MessageRetentionDefaultService.schedule_deleteExpiredMessages.counter" : {
      "count" : 0
    },
    "eu.domibus.core.message.retention.RetentionListener.onMessage.deleteMessages.counter" : {
      "count" : 0
    },
    "eu.domibus.core.message.signal.SignalMessageDao.deleteMessages.deleteReceipts.counter" : {
      "count" : 0
    },
    "eu.domibus.core.message.signal.SignalMessageLogDao.deleteMessages.deleteMessageLogs.counter" : {
      "count" : 0
    },
    "eu.domibus.core.plugin.handler.DatabaseMessageHandler.submit.counter" : {
      "count" : 0
    },
    "eu.domibus.core.plugin.notification.BackendNotificationService.notifyMessageReceived.counter" : {
      "count" : 0
    },
    "eu.domibus.core.plugin.notification.PluginAsyncNotificationListener.onMessage.counter" : {
      "count" : 0
    },
    "eu.domibus.core.pmode.validation.validators.MessagePropertyValidator.validate.counter" : {
      "count" : 0
    },
    "eu.domibus.core.replication.UIMessageDaoImpl.deleteMessages.deleteUIMessagesByMessageIds.counter" : {
      "count" : 0
    },
    "eu.domibus.core.util.SoapUtil.SoapUtil.counter" : {
      "count" : 0
    },
    "eu.domibus.plugin.jms.JMSPluginImpl.deliverMessage.counter" : {
      "count" : 0
    },
    "eu.domibus.plugin.jms.JMSPluginImpl.receiveMessage.counter" : {
      "count" : 0
    }
  },
  "histograms" : { },
  "meters" : { },
  "timers" : {
    "eu.domibus.core.ebms3.receiver.MSHWebservice.incoming_user_message.timer" : {
      "count" : 285886,
      "max" : 1.106642422,
      "mean" : 0.4094938311828229,
      "min" : 0.142270437,
      "p50" : 0.41594520900000004,
      "p75" : 0.48422041400000004,
      "p95" : 0.636001036,
      "p98" : 0.773403438,
      "p99" : 0.9269894700000001,
      "p999" : 1.106642422,
      "stddev" : 0.14222942454300136,
      "m15_rate" : 60.03301002383273,
      "m1_rate" : 60.07861551650061,
      "m5_rate" : 60.395066838214255,
      "mean_rate" : 49.762701559654154,
      "duration_units" : "seconds",
      "rate_units" : "calls/second"
    },
    "eu.domibus.core.ebms3.receiver.handler.AbstractIncomingMessageHandler.processMessage.timer" : {
      "count" : 285878,
      "max" : 1.083175221,
      "mean" : 0.40381259785153945,
      "min" : 0.119769628,
      "p50" : 0.402475342,
      "p75" : 0.48072912700000003,
      "p95" : 0.639232165,
      "p98" : 0.732550825,
      "p99" : 0.881555006,
      "p999" : 1.083175221,
      "stddev" : 0.14335289482863417,
      "m15_rate" : 60.03457548417257,
      "m1_rate" : 59.96639549943244,
      "m5_rate" : 60.37385496349828,
      "mean_rate" : 58.7038937275043,
      "duration_units" : "seconds",
      "rate_units" : "calls/second"
    },
    "eu.domibus.core.ebms3.receiver.handler.IncomingUserMessageHandler.around_handleNewUserMessage.timer.timer" : {
      "count" : 285848,
      "max" : 1.082364045,
      "mean" : 0.40653308339703154,
      "min" : 0.11890004600000001,
      "p50" : 0.406277706,
      "p75" : 0.48132556400000004,
      "p95" : 0.6338804650000001,
      "p98" : 0.7883479560000001,
      "p99" : 0.8757790620000001,
      "p999" : 1.082364045,
      "stddev" : 0.14321504245358635,
      "m15_rate" : 60.03074779051069,
      "m1_rate" : 59.95030550082578,
      "m5_rate" : 60.36792651271832,
      "mean_rate" : 58.69814671821887,
      "duration_units" : "seconds",
      "rate_units" : "calls/second"
    },
    "eu.domibus.core.ebms3.sender.AbstractUserMessageSender.outgoing_user_message.timer" : {
      "count" : 285951,
      "max" : 0.437801877,
      "mean" : 0.05719544084632938,
      "min" : 0.040580706,
      "p50" : 0.054836843,
      "p75" : 0.05986591300000001,
      "p95" : 0.071259181,
      "p98" : 0.09147028700000001,
      "p99" : 0.124955016,
      "p999" : 0.22868394500000003,
      "stddev" : 0.01472597644568525,
      "m15_rate" : 60.1325999185449,
      "m1_rate" : 60.81562116389851,
      "m5_rate" : 60.560497245102056,
      "mean_rate" : 59.172847938598196,
      "duration_units" : "seconds",
      "rate_units" : "calls/second"
    },
    "eu.domibus.core.ebms3.sender.MessageSenderListener.onMessage.timer" : {
      "count" : 285951,
      "max" : 0.379961847,
      "mean" : 0.08374533923848707,
      "min" : 0.044248456000000005,
      "p50" : 0.064213721,
      "p75" : 0.09416373700000001,
      "p95" : 0.18027841900000002,
      "p98" : 0.22099233000000001,
      "p99" : 0.246262202,
      "p999" : 0.379961847,
      "stddev" : 0.04641174983874674,
      "m15_rate" : 60.134524470345134,
      "m1_rate" : 60.84350653605791,
      "m5_rate" : 60.566740653353094,
      "mean_rate" : 59.171739348990215,
      "duration_units" : "seconds",
      "rate_units" : "calls/second"
    },
    "eu.domibus.core.ebms3.sender.MessageSenderService.sendUserMessage.timer" : {
      "count" : 285951,
      "max" : 0.352169838,
      "mean" : 0.08317616879348337,
      "min" : 0.044782708000000004,
      "p50" : 0.064568554,
      "p75" : 0.094304644,
      "p95" : 0.16999814100000002,
      "p98" : 0.191239246,
      "p99" : 0.21266974700000002,
      "p999" : 0.352169838,
      "stddev" : 0.04125811343694589,
      "m15_rate" : 60.13342421311729,
      "m1_rate" : 60.83085037222577,
      "m5_rate" : 60.563525664266635,
      "mean_rate" : 59.17193480043237,
      "duration_units" : "seconds",
      "rate_units" : "calls/second"
    },
    "eu.domibus.core.ebms3.sender.client.MSHDispatcher.dispatch.timer" : {
      "count" : 285951,
      "max" : 0.21511917700000002,
      "mean" : 0.05119396567042395,
      "min" : 0.033809972,
      "p50" : 0.047438850000000005,
      "p75" : 0.052797853000000006,
      "p95" : 0.06865884600000001,
      "p98" : 0.11666754300000001,
      "p99" : 0.15996480200000002,
      "p999" : 0.21511917700000002,
      "stddev" : 0.019059670976902025,
      "m15_rate" : 60.12760989478413,
      "m1_rate" : 60.73247906070399,
      "m5_rate" : 60.54479331162799,
      "mean_rate" : 59.17364955671561,
      "duration_units" : "seconds",
      "rate_units" : "calls/second"
    },
    "eu.domibus.core.error.ErrorLogDao.deleteMessages.deleteErrorLogsByMessageIdInError.timer" : {
      "count" : 145,
      "max" : 0.009879216000000001,
      "mean" : 0.00339701793301904,
      "min" : 0.002116796,
      "p50" : 0.003268407,
      "p75" : 0.003578636,
      "p95" : 0.004857656,
      "p98" : 0.004857656,
      "p99" : 0.004857656,
      "p999" : 0.004857656,
      "stddev" : 7.123085252100967E-4,
      "m15_rate" : 0.033508820914612485,
      "m1_rate" : 0.0701921872619463,
      "m5_rate" : 0.03452406059696546,
      "mean_rate" : 0.03415691038000003,
      "duration_units" : "seconds",
      "rate_units" : "calls/second"
    },
    "eu.domibus.core.message.MessageInfoDao.deleteMessages.timer" : {
      "count" : 290,
      "max" : 4.068851689000001,
      "mean" : 0.8341879963382701,
      "min" : 0.031121386,
      "p50" : 0.39432009300000004,
      "p75" : 1.0052354030000001,
      "p95" : 4.068851689000001,
      "p98" : 4.068851689000001,
      "p99" : 4.068851689000001,
      "p999" : 4.068851689000001,
      "stddev" : 0.959482064915124,
      "m15_rate" : 0.06698862241573483,
      "m1_rate" : 0.13824389706937973,
      "m5_rate" : 0.06889465695251237,
      "mean_rate" : 0.06831054546359525,
      "duration_units" : "seconds",
      "rate_units" : "calls/second"
    },
    "eu.domibus.core.message.MessageInfoDao.findSignalMessageIds.timer" : {
      "count" : 145,
      "max" : 0.39977460600000003,
      "mean" : 0.14187584781700371,
      "min" : 0.04497007,
      "p50" : 0.081073614,
      "p75" : 0.100504728,
      "p95" : 0.39977460600000003,
      "p98" : 0.39977460600000003,
      "p99" : 0.39977460600000003,
      "p999" : 0.39977460600000003,
      "stddev" : 0.11138029190787455,
      "m15_rate" : 0.03345300278284811,
      "m1_rate" : 0.06727266979496054,
      "m5_rate" : 0.034277889894398464,
      "mean_rate" : 0.03415478844608317,
      "duration_units" : "seconds",
      "rate_units" : "calls/second"
    },
    "eu.domibus.core.message.MessagingServiceImpl.storeMessage.timer" : {
      "count" : 571859,
      "max" : 0.13971543,
      "mean" : 0.005511077208144161,
      "min" : 0.002472232,
      "p50" : 0.004400013,
      "p75" : 0.005432409,
      "p95" : 0.010167353,
      "p98" : 0.013613376000000002,
      "p99" : 0.015479753,
      "p999" : 0.11129483800000001,
      "stddev" : 0.0070992470701394085,
      "m15_rate" : 120.15781853747036,
      "m1_rate" : 120.83252918676821,
      "m5_rate" : 120.95041894025884,
      "mean_rate" : 117.43014270015452,
      "duration_units" : "seconds",
      "rate_units" : "calls/second"
    },
    "eu.domibus.core.message.UserMessageHandlerServiceImpl.handleNewUserMessage.timer" : {
      "count" : 285892,
      "max" : 0.44831186,
      "mean" : 0.11441863447864095,
      "min" : 0.020025678,
      "p50" : 0.115634552,
      "p75" : 0.14845413400000002,
      "p95" : 0.23653770000000002,
      "p98" : 0.276746759,
      "p99" : 0.320010934,
      "p999" : 0.44831186,
      "stddev" : 0.06418206730875643,
      "m15_rate" : 60.02666265705808,
      "m1_rate" : 59.83448842571983,
      "m5_rate" : 60.34883585398718,
      "mean_rate" : 58.70716747018296,
      "duration_units" : "seconds",
      "rate_units" : "calls/second"
    },
    "eu.domibus.core.message.UserMessageLogDao.deleteMessages.deleteMessageLogs.timer" : {
      "count" : 145,
      "max" : 0.22589054700000002,
      "mean" : 0.06834497119650515,
      "min" : 0.013553057,
      "p50" : 0.06417002100000001,
      "p75" : 0.094390254,
      "p95" : 0.09445896200000001,
      "p98" : 0.09445896200000001,
      "p99" : 0.09445896200000001,
      "p999" : 0.09445896200000001,
      "stddev" : 0.018662167327437012,
      "m15_rate" : 0.033508820914612485,
      "m1_rate" : 0.0701921872619463,
      "m5_rate" : 0.03452406059696546,
      "mean_rate" : 0.034156550971519976,
      "duration_units" : "seconds",
      "rate_units" : "calls/second"
    },
    "eu.domibus.core.message.acknowledge.MessageAcknowledgementDao.deleteMessages.deleteMessageAcknowledgementsByMessageIds.timer" : {
      "count" : 145,
      "max" : 0.011262844000000001,
      "mean" : 0.002757987649920896,
      "min" : 0.0017853650000000001,
      "p50" : 0.002814964,
      "p75" : 0.0028955720000000003,
      "p95" : 0.004117286,
      "p98" : 0.004117286,
      "p99" : 0.004117286,
      "p999" : 0.004117286,
      "stddev" : 7.107700758722833E-4,
      "m15_rate" : 0.033508820914612485,
      "m1_rate" : 0.0701921872619463,
      "m5_rate" : 0.03452406059696546,
      "mean_rate" : 0.03415706899589895,
      "duration_units" : "seconds",
      "rate_units" : "calls/second"
    },
    "eu.domibus.core.message.attempt.MessageAttemptDao.deleteMessages.deleteAttemptsByMessageIds.timer" : {
      "count" : 145,
      "max" : 0.009724302,
      "mean" : 0.003285495260478174,
      "min" : 0.002092094,
      "p50" : 0.003049786,
      "p75" : 0.0034271220000000003,
      "p95" : 0.005280295,
      "p98" : 0.005280295,
      "p99" : 0.005280295,
      "p999" : 0.005280295,
      "stddev" : 8.307470134202743E-4,
      "m15_rate" : 0.033508820914612485,
      "m1_rate" : 0.0701921872619463,
      "m5_rate" : 0.03452406059696546,
      "mean_rate" : 0.03415682900092533,
      "duration_units" : "seconds",
      "rate_units" : "calls/second"
    },
    "eu.domibus.core.message.pull.IncomingPullRequestHandler.incoming_pull_request.timer" : {
      "count" : 8,
      "max" : 0.5287768500000001,
      "mean" : 0.013826028,
      "min" : 0.01362466,
      "p50" : 0.014027396000000001,
      "p75" : 0.014027396000000001,
      "p95" : 0.014027396000000001,
      "p98" : 0.014027396000000001,
      "p99" : 0.014027396000000001,
      "p999" : 0.014027396000000001,
      "stddev" : 2.01368E-4,
      "m15_rate" : 0.0022555843681799992,
      "m1_rate" : 1.0353144541542186E-17,
      "m5_rate" : 5.282257015227877E-6,
      "mean_rate" : 0.0013925189612770139,
      "duration_units" : "seconds",
      "rate_units" : "calls/second"
    },
    "eu.domibus.core.message.receipt.AS4ReceiptServiceImpl.generateReceipt.timer" : {
      "count" : 285881,
      "max" : 0.1844706,
      "mean" : 0.02971004006098952,
      "min" : 0.014937001,
      "p50" : 0.023418297,
      "p75" : 0.031203237,
      "p95" : 0.055732529,
      "p98" : 0.116063283,
      "p99" : 0.177978791,
      "p999" : 0.1844706,
      "stddev" : 0.022293980745751063,
      "m15_rate" : 60.02014701222983,
      "m1_rate" : 59.739605636471474,
      "m5_rate" : 60.33019805394269,
      "mean_rate" : 58.706562534120316,
      "duration_units" : "seconds",
      "rate_units" : "calls/second"
    },
    "eu.domibus.core.message.retention.MessageRetentionDefaultService.schedule_deleteExpiredMessages.timer" : {
      "count" : 23,
      "max" : 10.347208436,
      "mean" : 10.339563420869078,
      "min" : 0.47981724000000003,
      "p50" : 10.347208436,
      "p75" : 10.347208436,
      "p95" : 10.347208436,
      "p98" : 10.347208436,
      "p99" : 10.347208436,
      "p999" : 10.347208436,
      "stddev" : 0.115346174388296,
      "m15_rate" : 0.004555771752808451,
      "m1_rate" : 0.00972124978908357,
      "m5_rate" : 0.0043910598486418305,
      "mean_rate" : 0.004317480534932056,
      "duration_units" : "seconds",
      "rate_units" : "calls/second"
    },
    "eu.domibus.core.message.retention.RetentionListener.onMessage.deleteMessages.timer" : {
      "count" : 145,
      "max" : 6.701729759,
      "mean" : 2.541822478541944,
      "min" : 0.313984819,
      "p50" : 1.710701894,
      "p75" : 3.143875742,
      "p95" : 6.701729759,
      "p98" : 6.701729759,
      "p99" : 6.701729759,
      "p999" : 6.701729759,
      "stddev" : 1.738359463128423,
      "m15_rate" : 0.033521092703419623,
      "m1_rate" : 0.07019395905756987,
      "m5_rate" : 0.03454684381506793,
      "mean_rate" : 0.03415466101051101,
      "duration_units" : "seconds",
      "rate_units" : "calls/second"
    },
    "eu.domibus.core.message.signal.SignalMessageDao.deleteMessages.deleteReceipts.timer" : {
      "count" : 145,
      "max" : 2.1517271360000003,
      "mean" : 0.5115793208723274,
      "min" : 0.026139125000000003,
      "p50" : 0.18700254400000002,
      "p75" : 0.680257517,
      "p95" : 2.1517271360000003,
      "p98" : 2.1517271360000003,
      "p99" : 2.1517271360000003,
      "p999" : 2.1517271360000003,
      "stddev" : 0.6768992378714496,
      "m15_rate" : 0.033508820914612485,
      "m1_rate" : 0.0701921872619463,
      "m5_rate" : 0.03452406059696546,
      "mean_rate" : 0.034156336391089566,
      "duration_units" : "seconds",
      "rate_units" : "calls/second"
    },
    "eu.domibus.core.message.signal.SignalMessageLogDao.deleteMessages.deleteMessageLogs.timer" : {
      "count" : 145,
      "max" : 0.21624372800000002,
      "mean" : 0.0606469096440597,
      "min" : 0.020845633000000002,
      "p50" : 0.065111309,
      "p75" : 0.072675717,
      "p95" : 0.094137731,
      "p98" : 0.094137731,
      "p99" : 0.094137731,
      "p999" : 0.094137731,
      "stddev" : 0.018069227204102315,
      "m15_rate" : 0.033508820914612485,
      "m1_rate" : 0.0701921872619463,
      "m5_rate" : 0.03452406059696546,
      "mean_rate" : 0.034156657007039425,
      "duration_units" : "seconds",
      "rate_units" : "calls/second"
    },
    "eu.domibus.core.plugin.handler.DatabaseMessageHandler.submit.timer" : {
      "count" : 285978,
      "max" : 0.620819144,
      "mean" : 0.10499223180690517,
      "min" : 0.0074556990000000005,
      "p50" : 0.095615166,
      "p75" : 0.137749527,
      "p95" : 0.23934064200000002,
      "p98" : 0.288092713,
      "p99" : 0.328229488,
      "p999" : 0.620819144,
      "stddev" : 0.07338933370498417,
      "m15_rate" : 60.11864855414025,
      "m1_rate" : 60.55857229208047,
      "m5_rate" : 60.513708254351776,
      "mean_rate" : 59.17428044680627,
      "duration_units" : "seconds",
      "rate_units" : "calls/second"
    },
    "eu.domibus.core.plugin.notification.BackendNotificationService.notifyMessageReceived.timer" : {
      "count" : 285881,
      "max" : 0.31321438300000004,
      "mean" : 0.0680667118295884,
      "min" : 3.53433E-4,
      "p50" : 0.06697428100000001,
      "p75" : 0.10098107,
      "p95" : 0.15091415500000002,
      "p98" : 0.191369644,
      "p99" : 0.22017468,
      "p999" : 0.31321438300000004,
      "stddev" : 0.05252091345406449,
      "m15_rate" : 60.02189076310497,
      "m1_rate" : 59.76353556875855,
      "m5_rate" : 60.33577389601594,
      "mean_rate" : 58.705739803955204,
      "duration_units" : "seconds",
      "rate_units" : "calls/second"
    },
    "eu.domibus.core.plugin.notification.PluginAsyncNotificationListener.onMessage.timer" : {
      "count" : 285990,
      "max" : 0.613866891,
      "mean" : 0.10696405118105107,
      "min" : 0.007923845,
      "p50" : 0.09768266,
      "p75" : 0.13125630800000002,
      "p95" : 0.236469796,
      "p98" : 0.27368237500000003,
      "p99" : 0.296921154,
      "p999" : 0.613866891,
      "stddev" : 0.07018886653204559,
      "m15_rate" : 60.097674715121244,
      "m1_rate" : 60.23080877677961,
      "m5_rate" : 60.461017057843,
      "mean_rate" : 58.735147412783355,
      "duration_units" : "seconds",
      "rate_units" : "calls/second"
    },
    "eu.domibus.core.pmode.validation.validators.MessagePropertyValidator.validate.timer" : {
      "count" : 571859,
      "max" : 2.1822100000000002E-4,
      "mean" : 1.7543281703482824E-6,
      "min" : 4.0000000000000003E-7,
      "p50" : 1.3E-6,
      "p75" : 1.6000000000000001E-6,
      "p95" : 2.2E-6,
      "p98" : 2.401E-6,
      "p99" : 2.9E-6,
      "p999" : 2.1822100000000002E-4,
      "stddev" : 8.345157971673949E-6,
      "m15_rate" : 120.15825799007025,
      "m1_rate" : 120.84435057506366,
      "m5_rate" : 120.95177665781137,
      "mean_rate" : 117.4298649896283,
      "duration_units" : "seconds",
      "rate_units" : "calls/second"
    },
    "eu.domibus.core.replication.UIMessageDaoImpl.deleteMessages.deleteUIMessagesByMessageIds.timer" : {
      "count" : 290,
      "max" : 0.009789008,
      "mean" : 0.002621108532769875,
      "min" : 8.60079E-4,
      "p50" : 0.0026551490000000003,
      "p75" : 0.0028635680000000004,
      "p95" : 0.003566535,
      "p98" : 0.003566535,
      "p99" : 0.003566535,
      "p999" : 0.003566535,
      "stddev" : 4.7836718071684383E-4,
      "m15_rate" : 0.06701764182922497,
      "m1_rate" : 0.1403843745238926,
      "m5_rate" : 0.06904812119393092,
      "mean_rate" : 0.06831393546089255,
      "duration_units" : "seconds",
      "rate_units" : "calls/second"
    },
    "eu.domibus.core.util.SoapUtil.logMessage.timer" : {
      "count" : 285881,
      "max" : 1.6402E-5,
      "mean" : 8.152968141999205E-7,
      "min" : 2.0000000000000002E-7,
      "p50" : 7.000000000000001E-7,
      "p75" : 1.0000000000000002E-6,
      "p95" : 1.4000000000000001E-6,
      "p98" : 1.5010000000000001E-6,
      "p99" : 1.7E-6,
      "p999" : 6.0E-6,
      "stddev" : 4.0100063781816314E-7,
      "m15_rate" : 60.02117953080358,
      "m1_rate" : 59.75918883502044,
      "m5_rate" : 60.333272603096795,
      "mean_rate" : 58.70493302646606,
      "duration_units" : "seconds",
      "rate_units" : "calls/second"
    },
    "eu.domibus.plugin.jms.JMSPluginImpl.deliverMessage.timer" : {
      "count" : 285990,
      "max" : 0.623327579,
      "mean" : 0.11071528549306263,
      "min" : 0.008186969,
      "p50" : 0.09781627400000001,
      "p75" : 0.135926449,
      "p95" : 0.24672655200000002,
      "p98" : 0.29219920600000004,
      "p99" : 0.304192734,
      "p999" : 0.623327579,
      "stddev" : 0.07433457029154515,
      "m15_rate" : 60.0966313122322,
      "m1_rate" : 60.21905761325525,
      "m5_rate" : 60.458345174192,
      "mean_rate" : 58.73532664457834,
      "duration_units" : "seconds",
      "rate_units" : "calls/second"
    },
    "eu.domibus.plugin.jms.JMSPluginImpl.receiveMessage.timer" : {
      "count" : 285978,
      "max" : 0.814718511,
      "mean" : 0.1846989604033383,
      "min" : 0.0074327970000000005,
      "p50" : 0.183206281,
      "p75" : 0.24226972300000002,
      "p95" : 0.354139415,
      "p98" : 0.407758053,
      "p99" : 0.47762470700000004,
      "p999" : 0.5721174720000001,
      "stddev" : 0.10367397198764404,
      "m15_rate" : 60.12387376588051,
      "m1_rate" : 60.647189111223895,
      "m5_rate" : 60.52969796872767,
      "mean_rate" : 59.174184451418625,
      "duration_units" : "seconds",
      "rate_units" : "calls/second"
    }
  }
}