{
  "version" : "4.0.0",
  "gauges" : { },
  "counters" : {
    "eu.domibus.core.ebms3.receiver.MSHWebservice.incoming_user_message.counter" : {
      "count" : 20
    },
    "eu.domibus.core.ebms3.receiver.handler.AbstractIncomingMessageHandler.processMessage.counter" : {
      "count" : 20
    },
    "eu.domibus.core.ebms3.receiver.handler.IncomingUserMessageHandler.around_handleNewUserMessage.counter.counter" : {
      "count" : 50
    },
    "eu.domibus.core.ebms3.sender.AbstractUserMessageSender.outgoing_user_message.counter" : {
      "count" : 1
    },
    "eu.domibus.core.ebms3.sender.MessageSenderListener.onMessage.counter" : {
      "count" : 1
    },
    "eu.domibus.core.ebms3.sender.MessageSenderService.sendUserMessage.counter" : {
      "count" : 1
    },
    "eu.domibus.core.ebms3.sender.client.MSHDispatcher.dispatch.counter" : {
      "count" : 1
    },
    "eu.domibus.core.error.ErrorLogDao.deleteMessages.deleteErrorLogsByMessageIdInError.counter" : {
      "count" : 0
    },
    "eu.domibus.core.message.MessageInfoDao.deleteMessages.counter" : {
      "count" : 0
    },
    "eu.domibus.core.message.MessageInfoDao.findSignalMessageIds.counter" : {
      "count" : 0
    },
    "eu.domibus.core.message.MessagingServiceImpl.storeMessage.counter" : {
      "count" : 2
    },
    "eu.domibus.core.message.UserMessageHandlerServiceImpl.handleNewUserMessage.counter" : {
      "count" : 3
    },
    "eu.domibus.core.message.UserMessageLogDao.deleteMessages.deleteMessageLogs.counter" : {
      "count" : 0
    },
    "eu.domibus.core.message.acknowledge.MessageAcknowledgementDao.deleteMessages.deleteMessageAcknowledgementsByMessageIds.counter" : {
      "count" : 0
    },
    "eu.domibus.core.message.attempt.MessageAttemptDao.deleteMessages.deleteAttemptsByMessageIds.counter" : {
      "count" : 0
    },
    "eu.domibus.core.message.pull.IncomingPullRequestHandler.incoming_pull_request.counter" : {
      "count" : 0
    },
    "eu.domibus.core.message.receipt.AS4ReceiptServiceImpl.generateReceipt.counter" : {
      "count" : 3
    },
    "eu.domibus.core.message.retention.MessageRetentionDefaultService.schedule_deleteExpiredMessages.counter" : {
      "count" : 0
    },
    "eu.domibus.core.message.retention.RetentionListener.onMessage.deleteMessages.counter" : {
      "count" : 0
    },
    "eu.domibus.core.message.signal.SignalMessageDao.deleteMessages.deleteReceipts.counter" : {
      "count" : 0
    },
    "eu.domibus.core.message.signal.SignalMessageLogDao.deleteMessages.deleteMessageLogs.counter" : {
      "count" : 0
    },
    "eu.domibus.core.plugin.handler.DatabaseMessageHandler.submit.counter" : {
      "count" : 13
    },
    "eu.domibus.core.plugin.notification.BackendNotificationService.notifyMessageReceived.counter" : {
      "count" : 0
    },
    "eu.domibus.core.plugin.notification.PluginAsyncNotificationListener.onMessage.counter" : {
      "count" : 0
    },
    "eu.domibus.core.pmode.validation.validators.MessagePropertyValidator.validate.counter" : {
      "count" : 0
    },
    "eu.domibus.core.replication.UIMessageDaoImpl.deleteMessages.deleteUIMessagesByMessageIds.counter" : {
      "count" : 0
    },
    "eu.domibus.core.util.SoapUtil.SoapUtil.counter" : {
      "count" : 0
    },
    "eu.domibus.plugin.jms.JMSPluginImpl.deliverMessage.counter" : {
      "count" : 0
    },
    "eu.domibus.plugin.jms.JMSPluginImpl.receiveMessage.counter" : {
      "count" : 13
    }
  },
  "histograms" : { },
  "meters" : { },
  "timers" : {
    "eu.domibus.core.ebms3.receiver.MSHWebservice.incoming_user_message.timer" : {
      "count" : 286162,
      "max" : 1.2454314340000001,
      "mean" : 0.4447914887453869,
      "min" : 0.143290317,
      "p50" : 0.428074296,
      "p75" : 0.502205205,
      "p95" : 0.6411985530000001,
      "p98" : 0.786074012,
      "p99" : 0.9669070670000001,
      "p999" : 1.2454314340000001,
      "stddev" : 0.1269022313507385,
      "m15_rate" : 59.607330178869326,
      "m1_rate" : 62.72720138353041,
      "m5_rate" : 60.876792217583755,
      "mean_rate" : 58.782675931316,
      "duration_units" : "seconds",
      "rate_units" : "calls/second"
    },
    "eu.domibus.core.ebms3.receiver.handler.AbstractIncomingMessageHandler.processMessage.timer" : {
      "count" : 286157,
      "max" : 1.102840676,
      "mean" : 0.4442176031924122,
      "min" : 0.11816802400000001,
      "p50" : 0.429629684,
      "p75" : 0.49705084800000005,
      "p95" : 0.654572774,
      "p98" : 0.8821772410000001,
      "p99" : 0.9460046310000001,
      "p999" : 1.043468756,
      "stddev" : 0.1268611939398184,
      "m15_rate" : 59.60582615764481,
      "m1_rate" : 62.72456935900574,
      "m5_rate" : 60.87531465226608,
      "mean_rate" : 58.78167995317814,
      "duration_units" : "seconds",
      "rate_units" : "calls/second"
    },
    "eu.domibus.core.ebms3.receiver.handler.IncomingUserMessageHandler.around_handleNewUserMessage.timer.timer" : {
      "count" : 286127,
      "max" : 1.455775057,
      "mean" : 0.44548082655235727,
      "min" : 0.145578693,
      "p50" : 0.431471076,
      "p75" : 0.49853543300000003,
      "p95" : 0.626618518,
      "p98" : 0.737045151,
      "p99" : 0.9732106110000001,
      "p999" : 1.455775057,
      "stddev" : 0.12552472781639284,
      "m15_rate" : 59.61203876393966,
      "m1_rate" : 62.78946515956035,
      "m5_rate" : 60.893763311035926,
      "mean_rate" : 58.78275395478367,
      "duration_units" : "seconds",
      "rate_units" : "calls/second"
    },
    "eu.domibus.core.ebms3.sender.AbstractUserMessageSender.outgoing_user_message.timer" : {
      "count" : 286276,
      "max" : 0.19394354700000002,
      "mean" : 0.06345223711395155,
      "min" : 0.042736759000000006,
      "p50" : 0.058905032,
      "p75" : 0.065187282,
      "p95" : 0.085303108,
      "p98" : 0.155289867,
      "p99" : 0.17618439800000002,
      "p999" : 0.187121599,
      "stddev" : 0.01987579744777485,
      "m15_rate" : 59.63139942577092,
      "m1_rate" : 63.12617999413737,
      "m5_rate" : 60.93197108528672,
      "mean_rate" : 59.23401002912451,
      "duration_units" : "seconds",
      "rate_units" : "calls/second"
    },
    "eu.domibus.core.ebms3.sender.MessageSenderListener.onMessage.timer" : {
      "count" : 286276,
      "max" : 0.400790703,
      "mean" : 0.09112550917116823,
      "min" : 0.049903804,
      "p50" : 0.071546116,
      "p75" : 0.105725155,
      "p95" : 0.17868386800000002,
      "p98" : 0.23131369300000001,
      "p99" : 0.261789112,
      "p999" : 0.400790703,
      "stddev" : 0.04522959793315871,
      "m15_rate" : 59.634690089012935,
      "m1_rate" : 63.17316036520714,
      "m5_rate" : 60.942223665847706,
      "mean_rate" : 59.23333531268177,
      "duration_units" : "seconds",
      "rate_units" : "calls/second"
    },
    "eu.domibus.core.ebms3.sender.MessageSenderService.sendUserMessage.timer" : {
      "count" : 286276,
      "max" : 0.347040432,
      "mean" : 0.08905674934017939,
      "min" : 0.04765562,
      "p50" : 0.070618838,
      "p75" : 0.09644873400000001,
      "p95" : 0.17765279,
      "p98" : 0.22080412700000002,
      "p99" : 0.266199283,
      "p999" : 0.347040432,
      "stddev" : 0.04364168041228017,
      "m15_rate" : 59.63372693696649,
      "m1_rate" : 63.16390907602793,
      "m5_rate" : 60.939622824413114,
      "mean_rate" : 59.23353268427162,
      "duration_units" : "seconds",
      "rate_units" : "calls/second"
    },
    "eu.domibus.core.ebms3.sender.client.MSHDispatcher.dispatch.timer" : {
      "count" : 286276,
      "max" : 0.21213201,
      "mean" : 0.051006922882365885,
      "min" : 0.033361226,
      "p50" : 0.048001517,
      "p75" : 0.053525876,
      "p95" : 0.067711457,
      "p98" : 0.089820385,
      "p99" : 0.149273916,
      "p999" : 0.21213201,
      "stddev" : 0.015375113069016807,
      "m15_rate" : 59.64265775699852,
      "m1_rate" : 63.27995882904246,
      "m5_rate" : 60.964183438730636,
      "mean_rate" : 59.236802628108265,
      "duration_units" : "seconds",
      "rate_units" : "calls/second"
    },
    "eu.domibus.core.error.ErrorLogDao.deleteMessages.deleteErrorLogsByMessageIdInError.timer" : {
      "count" : 96,
      "max" : 0.014922433,
      "mean" : 0.0037284159645156003,
      "min" : 0.0021022890000000002,
      "p50" : 0.0030996780000000002,
      "p75" : 0.0043661690000000005,
      "p95" : 0.005849760000000001,
      "p98" : 0.005849760000000001,
      "p99" : 0.005849760000000001,
      "p999" : 0.005849760000000001,
      "stddev" : 0.0011635723280721494,
      "m15_rate" : 0.05296113515822837,
      "m1_rate" : 5.713132844090193E-4,
      "m5_rate" : 0.0214662693026817,
      "mean_rate" : 0.02592153949368044,
      "duration_units" : "seconds",
      "rate_units" : "calls/second"
    },
    "eu.domibus.core.message.MessageInfoDao.deleteMessages.timer" : {
      "count" : 192,
      "max" : 3.2207716320000004,
      "mean" : 0.633677033243863,
      "min" : 0.127043337,
      "p50" : 0.438426937,
      "p75" : 1.0053936780000001,
      "p95" : 1.0729646910000001,
      "p98" : 1.1849660080000002,
      "p99" : 1.249943543,
      "p999" : 1.2875642900000002,
      "stddev" : 0.38906978189878416,
      "m15_rate" : 0.10539196103176421,
      "m1_rate" : 0.0010657436960814389,
      "m5_rate" : 0.042376434384603215,
      "mean_rate" : 0.05181694014092505,
      "duration_units" : "seconds",
      "rate_units" : "calls/second"
    },
    "eu.domibus.core.message.MessageInfoDao.findSignalMessageIds.timer" : {
      "count" : 96,
      "max" : 0.5832753740000001,
      "mean" : 0.11974195956218645,
      "min" : 0.07371184600000001,
      "p50" : 0.11329090800000001,
      "p75" : 0.135529653,
      "p95" : 0.173127887,
      "p98" : 0.361765369,
      "p99" : 0.361765369,
      "p999" : 0.37185719500000003,
      "stddev" : 0.047694905210478325,
      "m15_rate" : 0.052672367633137845,
      "m1_rate" : 5.265233190319319E-4,
      "m5_rate" : 0.021129684739236942,
      "mean_rate" : 0.025906499031555306,
      "duration_units" : "seconds",
      "rate_units" : "calls/second"
    },
    "eu.domibus.core.message.MessagingServiceImpl.storeMessage.timer" : {
      "count" : 572494,
      "max" : 0.11047931400000001,
      "mean" : 0.006919213510006447,
      "min" : 0.003340472,
      "p50" : 0.005867453000000001,
      "p75" : 0.007646038000000001,
      "p95" : 0.012316601,
      "p98" : 0.015455776000000001,
      "p99" : 0.017178263000000003,
      "p999" : 0.10567915100000001,
      "stddev" : 0.004929070273741711,
      "m15_rate" : 119.23712705309269,
      "m1_rate" : 126.11058312105563,
      "m5_rate" : 121.88270903343336,
      "mean_rate" : 117.61545490307553,
      "duration_units" : "seconds",
      "rate_units" : "calls/second"
    },
    "eu.domibus.core.message.UserMessageHandlerServiceImpl.handleNewUserMessage.timer" : {
      "count" : 286174,
      "max" : 0.460808865,
      "mean" : 0.13569854375865503,
      "min" : 0.028327766,
      "p50" : 0.129669158,
      "p75" : 0.168529855,
      "p95" : 0.24815392300000003,
      "p98" : 0.296378648,
      "p99" : 0.31187197,
      "p999" : 0.444634454,
      "stddev" : 0.05944021661761867,
      "m15_rate" : 59.623263067897476,
      "m1_rate" : 62.883632420734564,
      "m5_rate" : 60.91841679904648,
      "mean_rate" : 58.792393034177444,
      "duration_units" : "seconds",
      "rate_units" : "calls/second"
    },
    "eu.domibus.core.message.UserMessageLogDao.deleteMessages.deleteMessageLogs.timer" : {
      "count" : 96,
      "max" : 0.20956110500000003,
      "mean" : 0.066039366778416,
      "min" : 0.046302247000000005,
      "p50" : 0.06619493700000001,
      "p75" : 0.077128762,
      "p95" : 0.081961427,
      "p98" : 0.09102676300000001,
      "p99" : 0.097568716,
      "p999" : 0.10865793900000001,
      "stddev" : 0.011995689693798653,
      "m15_rate" : 0.05296485844180265,
      "m1_rate" : 5.720204465398246E-4,
      "m5_rate" : 0.021478460815054966,
      "mean_rate" : 0.02591991857405168,
      "duration_units" : "seconds",
      "rate_units" : "calls/second"
    },
    "eu.domibus.core.message.acknowledge.MessageAcknowledgementDao.deleteMessages.deleteMessageAcknowledgementsByMessageIds.timer" : {
      "count" : 96,
      "max" : 0.022106401,
      "mean" : 0.003263510314362281,
      "min" : 0.0019260870000000002,
      "p50" : 0.002718781,
      "p75" : 0.004022072000000001,
      "p95" : 0.005333463,
      "p98" : 0.005333463,
      "p99" : 0.005333463,
      "p999" : 0.005333463,
      "stddev" : 0.0010922485369984421,
      "m15_rate" : 0.05296113515822837,
      "m1_rate" : 5.713132844090193E-4,
      "m5_rate" : 0.0214662693026817,
      "mean_rate" : 0.025921809814723352,
      "duration_units" : "seconds",
      "rate_units" : "calls/second"
    },
    "eu.domibus.core.message.attempt.MessageAttemptDao.deleteMessages.deleteAttemptsByMessageIds.timer" : {
      "count" : 96,
      "max" : 0.016787625,
      "mean" : 0.0034424460164337606,
      "min" : 0.002407283,
      "p50" : 0.003359677,
      "p75" : 0.003917472,
      "p95" : 0.004759667,
      "p98" : 0.004759667,
      "p99" : 0.004759667,
      "p999" : 0.0058765580000000005,
      "stddev" : 7.59639794879707E-4,
      "m15_rate" : 0.05296113515822837,
      "m1_rate" : 5.713132844090193E-4,
      "m5_rate" : 0.0214662693026817,
      "mean_rate" : 0.02592141528998956,
      "duration_units" : "seconds",
      "rate_units" : "calls/second"
    },
    "eu.domibus.core.message.pull.IncomingPullRequestHandler.incoming_pull_request.timer" : {
      "count" : 5,
      "max" : 0.149561412,
      "mean" : 0.08450584117088691,
      "min" : 0.010796407000000001,
      "p50" : 0.10678628100000001,
      "p75" : 0.148605321,
      "p95" : 0.149561412,
      "p98" : 0.149561412,
      "p99" : 0.149561412,
      "p999" : 0.149561412,
      "stddev" : 0.06280453752499261,
      "m15_rate" : 0.09275647414967815,
      "m1_rate" : 3.237154882158847E-16,
      "m5_rate" : 7.980547663697517E-4,
      "mean_rate" : 0.0023308957185347004,
      "duration_units" : "seconds",
      "rate_units" : "calls/second"
    },
    "eu.domibus.core.message.receipt.AS4ReceiptServiceImpl.generateReceipt.timer" : {
      "count" : 286162,
      "max" : 0.15340857600000002,
      "mean" : 0.029900267491839293,
      "min" : 0.016408869,
      "p50" : 0.026698586000000003,
      "p75" : 0.032630141,
      "p95" : 0.049979401,
      "p98" : 0.061344812000000006,
      "p99" : 0.072267724,
      "p999" : 0.15340857600000002,
      "stddev" : 0.01266416458780914,
      "m15_rate" : 59.623990440107214,
      "m1_rate" : 62.888037615512374,
      "m5_rate" : 60.91752039183373,
      "mean_rate" : 58.792231788345255,
      "duration_units" : "seconds",
      "rate_units" : "calls/second"
    },
    "eu.domibus.core.message.retention.MessageRetentionDefaultService.schedule_deleteExpiredMessages.timer" : {
      "count" : 18,
      "max" : 9.979755262000001,
      "mean" : 8.215585728853672,
      "min" : 0.22445804700000002,
      "p50" : 7.846554492,
      "p75" : 7.846554492,
      "p95" : 9.979755262000001,
      "p98" : 9.979755262000001,
      "p99" : 9.979755262000001,
      "p999" : 9.979755262000001,
      "stddev" : 0.7688788901399934,
      "m15_rate" : 0.003699803525033518,
      "m1_rate" : 7.12606900021386E-5,
      "m5_rate" : 0.002677595684940813,
      "mean_rate" : 0.0031320476177163683,
      "duration_units" : "seconds",
      "rate_units" : "calls/second"
    },
    "eu.domibus.core.message.retention.RetentionListener.onMessage.deleteMessages.timer" : {
      "count" : 96,
      "max" : 5.641026311,
      "mean" : 1.8222742019539377,
      "min" : 1.544505672,
      "p50" : 1.7897558990000002,
      "p75" : 1.8744548070000002,
      "p95" : 2.097792419,
      "p98" : 2.207932349,
      "p99" : 2.207932349,
      "p999" : 2.5121917000000002,
      "stddev" : 0.16996696125321759,
      "m15_rate" : 0.052721388665717794,
      "m1_rate" : 5.427266373350424E-4,
      "m5_rate" : 0.02124263943693777,
      "mean_rate" : 0.025906273347526584,
      "duration_units" : "seconds",
      "rate_units" : "calls/second"
    },
    "eu.domibus.core.message.signal.SignalMessageDao.deleteMessages.deleteReceipts.timer" : {
      "count" : 96,
      "max" : 1.861955083,
      "mean" : 0.20667395551378087,
      "min" : 0.1548962,
      "p50" : 0.197717219,
      "p75" : 0.228492304,
      "p95" : 0.233371767,
      "p98" : 0.241761206,
      "p99" : 0.265510242,
      "p999" : 0.265510242,
      "stddev" : 0.02116205012085332,
      "m15_rate" : 0.052968845491230675,
      "m1_rate" : 5.722805969493229E-4,
      "m5_rate" : 0.021488472600899325,
      "mean_rate" : 0.02591797386458165,
      "duration_units" : "seconds",
      "rate_units" : "calls/second"
    },
    "eu.domibus.core.message.signal.SignalMessageLogDao.deleteMessages.deleteMessageLogs.timer" : {
      "count" : 96,
      "max" : 0.268937464,
      "mean" : 0.06115948820792823,
      "min" : 0.040056338000000004,
      "p50" : 0.058018694,
      "p75" : 0.075298373,
      "p95" : 0.08895657900000001,
      "p98" : 0.090294569,
      "p99" : 0.10522416300000001,
      "p999" : 0.10522416300000001,
      "stddev" : 0.0160821034454995,
      "m15_rate" : 0.05296485844180265,
      "m1_rate" : 5.720204465398246E-4,
      "m5_rate" : 0.021478460815054966,
      "mean_rate" : 0.025920830574650867,
      "duration_units" : "seconds",
      "rate_units" : "calls/second"
    },
    "eu.domibus.core.plugin.handler.DatabaseMessageHandler.submit.timer" : {
      "count" : 286316,
      "max" : 0.452188181,
      "mean" : 0.12074355031604295,
      "min" : 0.011180807000000001,
      "p50" : 0.103908369,
      "p75" : 0.149077715,
      "p95" : 0.23261577700000002,
      "p98" : 0.26819685000000004,
      "p99" : 0.299400924,
      "p999" : 0.44875970800000003,
      "stddev" : 0.059052926414789805,
      "m15_rate" : 59.65142069584479,
      "m1_rate" : 63.34967298069207,
      "m5_rate" : 60.98542877510348,
      "mean_rate" : 59.23773125320643,
      "duration_units" : "seconds",
      "rate_units" : "calls/second"
    },
    "eu.domibus.core.plugin.notification.BackendNotificationService.notifyMessageReceived.timer" : {
      "count" : 286165,
      "max" : 0.391293969,
      "mean" : 0.0794480033036477,
      "min" : 4.7669600000000003E-4,
      "p50" : 0.07342461700000001,
      "p75" : 0.103658251,
      "p95" : 0.161174715,
      "p98" : 0.20190168600000002,
      "p99" : 0.23428774000000002,
      "p999" : 0.391293969,
      "stddev" : 0.04831944714101012,
      "m15_rate" : 59.61762251149057,
      "m1_rate" : 62.806043204685956,
      "m5_rate" : 60.903047558424795,
      "mean_rate" : 58.791654098438684,
      "duration_units" : "seconds",
      "rate_units" : "calls/second"
    },
    "eu.domibus.core.plugin.notification.PluginAsyncNotificationListener.onMessage.timer" : {
      "count" : 286345,
      "max" : 0.554855862,
      "mean" : 0.12317866692110967,
      "min" : 0.01075681,
      "p50" : 0.111007719,
      "p75" : 0.144211751,
      "p95" : 0.2379659,
      "p98" : 0.302838996,
      "p99" : 0.33532812500000003,
      "p999" : 0.554855862,
      "stddev" : 0.06081909912810579,
      "m15_rate" : 59.643244421442645,
      "m1_rate" : 63.17437752219614,
      "m5_rate" : 60.97810843234343,
      "mean_rate" : 58.835037526927,
      "duration_units" : "seconds",
      "rate_units" : "calls/second"
    },
    "eu.domibus.core.pmode.validation.validators.MessagePropertyValidator.validate.timer" : {
      "count" : 572494,
      "max" : 9.8199E-5,
      "mean" : 1.8211939014276856E-6,
      "min" : 5.000000000000001E-7,
      "p50" : 1.3E-6,
      "p75" : 1.5E-6,
      "p95" : 2.8000000000000003E-6,
      "p98" : 3.3E-6,
      "p99" : 1.0E-5,
      "p999" : 9.8199E-5,
      "stddev" : 4.814268752947381E-6,
      "m15_rate" : 119.23765676611181,
      "m1_rate" : 126.13074141329861,
      "m5_rate" : 121.88500363570925,
      "mean_rate" : 117.6150746939342,
      "duration_units" : "seconds",
      "rate_units" : "calls/second"
    },
    "eu.domibus.core.replication.UIMessageDaoImpl.deleteMessages.deleteUIMessagesByMessageIds.timer" : {
      "count" : 192,
      "max" : 0.018841515,
      "mean" : 0.0031289287977223504,
      "min" : 0.0017871900000000001,
      "p50" : 0.0025008820000000003,
      "p75" : 0.003467476,
      "p95" : 0.007596346,
      "p98" : 0.007596346,
      "p99" : 0.007596346,
      "p999" : 0.007596346,
      "stddev" : 0.0014137112365997895,
      "m15_rate" : 0.10592227031645673,
      "m1_rate" : 0.0011426265688180386,
      "m5_rate" : 0.0429325386053634,
      "mean_rate" : 0.051843241975614136,
      "duration_units" : "seconds",
      "rate_units" : "calls/second"
    },
    "eu.domibus.core.util.SoapUtil.logMessage.timer" : {
      "count" : 286165,
      "max" : 7.120000000000001E-5,
      "mean" : 1.1952030296092476E-6,
      "min" : 3.0000000000000004E-7,
      "p50" : 8.000000000000001E-7,
      "p75" : 9.000000000000001E-7,
      "p95" : 1.6000000000000001E-6,
      "p98" : 1.9E-6,
      "p99" : 4.9000000000000005E-6,
      "p999" : 7.120000000000001E-5,
      "stddev" : 3.805057677136335E-6,
      "m15_rate" : 59.61843059372229,
      "m1_rate" : 62.81200207632753,
      "m5_rate" : 60.905484382603824,
      "mean_rate" : 58.7905857988811,
      "duration_units" : "seconds",
      "rate_units" : "calls/second"
    },
    "eu.domibus.plugin.jms.JMSPluginImpl.deliverMessage.timer" : {
      "count" : 286345,
      "max" : 0.54761342,
      "mean" : 0.12167774127847289,
      "min" : 0.010682811,
      "p50" : 0.107981642,
      "p75" : 0.140156086,
      "p95" : 0.229467165,
      "p98" : 0.294258846,
      "p99" : 0.33438703200000003,
      "p999" : 0.54761342,
      "stddev" : 0.06035499091942089,
      "m15_rate" : 59.64772185828578,
      "m1_rate" : 63.23938280767634,
      "m5_rate" : 60.9915637365398,
      "mean_rate" : 58.83519823435898,
      "duration_units" : "seconds",
      "rate_units" : "calls/second"
    },
    "eu.domibus.plugin.jms.JMSPluginImpl.receiveMessage.timer" : {
      "count" : 286316,
      "max" : 0.7657839750000001,
      "mean" : 0.2107070046727634,
      "min" : 0.012203699,
      "p50" : 0.20137769700000002,
      "p75" : 0.24935431400000002,
      "p95" : 0.348084702,
      "p98" : 0.408663037,
      "p99" : 0.46085831400000005,
      "p999" : 0.7657839750000001,
      "stddev" : 0.08160709812441669,
      "m15_rate" : 59.63096150712619,
      "m1_rate" : 63.05311554889904,
      "m5_rate" : 60.92480724679262,
      "mean_rate" : 59.23700107579538,
      "duration_units" : "seconds",
      "rate_units" : "calls/second"
    }
  }
}