{
  "version" : "4.0.0",
  "gauges" : { },
  "counters" : {
    "eu.domibus.core.ebms3.receiver.MSHWebservice.incoming_user_message.counter" : {
      "count" : 5
    },
    "eu.domibus.core.ebms3.receiver.handler.AbstractIncomingMessageHandler.processMessage.counter" : {
      "count" : 5
    },
    "eu.domibus.core.ebms3.receiver.handler.IncomingUserMessageHandler.around_handleNewUserMessage.counter.counter" : {
      "count" : 35
    },
    "eu.domibus.core.ebms3.sender.AbstractUserMessageSender.outgoing_user_message.counter" : {
      "count" : 0
    },
    "eu.domibus.core.ebms3.sender.MessageSenderListener.onMessage.counter" : {
      "count" : 0
    },
    "eu.domibus.core.ebms3.sender.MessageSenderService.sendUserMessage.counter" : {
      "count" : 0
    },
    "eu.domibus.core.ebms3.sender.client.MSHDispatcher.dispatch.counter" : {
      "count" : 0
    },
    "eu.domibus.core.error.ErrorLogDao.deleteMessages.deleteErrorLogsByMessageIdInError.counter" : {
      "count" : 0
    },
    "eu.domibus.core.message.MessageInfoDao.deleteMessages.counter" : {
      "count" : 0
    },
    "eu.domibus.core.message.MessageInfoDao.findSignalMessageIds.counter" : {
      "count" : 0
    },
    "eu.domibus.core.message.MessagingServiceImpl.storeMessage.counter" : {
      "count" : 0
    },
    "eu.domibus.core.message.UserMessageHandlerServiceImpl.handleNewUserMessage.counter" : {
      "count" : 2
    },
    "eu.domibus.core.message.UserMessageLogDao.deleteMessages.deleteMessageLogs.counter" : {
      "count" : 0
    },
    "eu.domibus.core.message.acknowledge.MessageAcknowledgementDao.deleteMessages.deleteMessageAcknowledgementsByMessageIds.counter" : {
      "count" : 0
    },
    "eu.domibus.core.message.attempt.MessageAttemptDao.deleteMessages.deleteAttemptsByMessageIds.counter" : {
      "count" : 0
    },
    "eu.domibus.core.message.pull.IncomingPullRequestHandler.incoming_pull_request.counter" : {
      "count" : 0
    },
    "eu.domibus.core.message.receipt.AS4ReceiptServiceImpl.generateReceipt.counter" : {
      "count" : 2
    },
    "eu.domibus.core.message.retention.MessageRetentionDefaultService.schedule_deleteExpiredMessages.counter" : {
      "count" : 0
    },
    "eu.domibus.core.message.retention.RetentionListener.onMessage.deleteMessages.counter" : {
      "count" : 0
    },
    "eu.domibus.core.message.signal.SignalMessageDao.deleteMessages.deleteReceipts.counter" : {
      "count" : 0
    },
    "eu.domibus.core.message.signal.SignalMessageLogDao.deleteMessages.deleteMessageLogs.counter" : {
      "count" : 0
    },
    "eu.domibus.core.plugin.handler.DatabaseMessageHandler.submit.counter" : {
      "count" : 0
    },
    "eu.domibus.core.plugin.notification.BackendNotificationService.notifyMessageReceived.counter" : {
      "count" : 0
    },
    "eu.domibus.core.plugin.notification.PluginAsyncNotificationListener.onMessage.counter" : {
      "count" : 0
    },
    "eu.domibus.core.pmode.validation.validators.MessagePropertyValidator.validate.counter" : {
      "count" : 0
    },
    "eu.domibus.core.replication.UIMessageDaoImpl.deleteMessages.deleteUIMessagesByMessageIds.counter" : {
      "count" : 0
    },
    "eu.domibus.core.util.SoapUtil.SoapUtil.counter" : {
      "count" : 0
    },
    "eu.domibus.plugin.jms.JMSPluginImpl.deliverMessage.counter" : {
      "count" : 0
    },
    "eu.domibus.plugin.jms.JMSPluginImpl.receiveMessage.counter" : {
      "count" : 0
    }
  },
  "histograms" : { },
  "meters" : { },
  "timers" : {
    "eu.domibus.core.ebms3.receiver.MSHWebservice.incoming_user_message.timer" : {
      "count" : 287320,
      "max" : 1.0424294060000001,
      "mean" : 0.4136175858387387,
      "min" : 0.116402717,
      "p50" : 0.416857087,
      "p75" : 0.483308322,
      "p95" : 0.618479039,
      "p98" : 0.736187229,
      "p99" : 0.9536131840000001,
      "p999" : 1.0424294060000001,
      "stddev" : 0.13648148773399135,
      "m15_rate" : 60.21699335509899,
      "m1_rate" : 59.20428342546417,
      "m5_rate" : 60.0110969265142,
      "mean_rate" : 50.010825835566315,
      "duration_units" : "seconds",
      "rate_units" : "calls/second"
    },
    "eu.domibus.core.ebms3.receiver.handler.AbstractIncomingMessageHandler.processMessage.timer" : {
      "count" : 287314,
      "max" : 1.2018385550000001,
      "mean" : 0.4179545213379169,
      "min" : 0.099360795,
      "p50" : 0.418322399,
      "p75" : 0.493262154,
      "p95" : 0.634337343,
      "p98" : 0.863365037,
      "p99" : 0.9908857550000001,
      "p999" : 1.102471068,
      "stddev" : 0.15055076800991057,
      "m15_rate" : 60.32440128444903,
      "m1_rate" : 60.5365592090412,
      "m5_rate" : 60.28413108090205,
      "mean_rate" : 59.00684512998023,
      "duration_units" : "seconds",
      "rate_units" : "calls/second"
    },
    "eu.domibus.core.ebms3.receiver.handler.IncomingUserMessageHandler.around_handleNewUserMessage.timer.timer" : {
      "count" : 287284,
      "max" : 1.1017056570000001,
      "mean" : 0.41300044325201063,
      "min" : 0.122115791,
      "p50" : 0.40940367600000005,
      "p75" : 0.48151530400000003,
      "p95" : 0.621961885,
      "p98" : 0.783290224,
      "p99" : 0.9654872310000001,
      "p999" : 1.1017056570000001,
      "stddev" : 0.143270322502525,
      "m15_rate" : 60.321250216376946,
      "m1_rate" : 60.522008564241965,
      "m5_rate" : 60.28007678802713,
      "mean_rate" : 59.00098064434294,
      "duration_units" : "seconds",
      "rate_units" : "calls/second"
    },
    "eu.domibus.core.ebms3.sender.AbstractUserMessageSender.outgoing_user_message.timer" : {
      "count" : 286577,
      "max" : 0.5121197710000001,
      "mean" : 0.05827110779246357,
      "min" : 0.04184723,
      "p50" : 0.054900996,
      "p75" : 0.06033456500000001,
      "p95" : 0.075786461,
      "p98" : 0.11142151300000001,
      "p99" : 0.15058310900000002,
      "p999" : 0.385544488,
      "stddev" : 0.019377169807507543,
      "m15_rate" : 60.25528007431566,
      "m1_rate" : 61.90798399565281,
      "m5_rate" : 60.420819794087514,
      "mean_rate" : 59.30246947713711,
      "duration_units" : "seconds",
      "rate_units" : "calls/second"
    },
    "eu.domibus.core.ebms3.sender.MessageSenderListener.onMessage.timer" : {
      "count" : 286577,
      "max" : 0.44467521800000004,
      "mean" : 0.08321395051246282,
      "min" : 0.043416247000000005,
      "p50" : 0.06442811500000001,
      "p75" : 0.09512600700000001,
      "p95" : 0.16852873000000002,
      "p98" : 0.21627754200000002,
      "p99" : 0.25059637500000004,
      "p999" : 0.324461102,
      "stddev" : 0.0437011231960713,
      "m15_rate" : 60.26125502093017,
      "m1_rate" : 61.99805348587912,
      "m5_rate" : 60.4414166733568,
      "mean_rate" : 59.30096857411366,
      "duration_units" : "seconds",
      "rate_units" : "calls/second"
    },
    "eu.domibus.core.ebms3.sender.MessageSenderService.sendUserMessage.timer" : {
      "count" : 286577,
      "max" : 0.32440380100000005,
      "mean" : 0.08284198755160227,
      "min" : 0.045324875,
      "p50" : 0.064151314,
      "p75" : 0.09302148,
      "p95" : 0.17159927500000002,
      "p98" : 0.20528410300000002,
      "p99" : 0.217167254,
      "p999" : 0.294477722,
      "stddev" : 0.0410489763716632,
      "m15_rate" : 60.260790342495326,
      "m1_rate" : 61.963683632069774,
      "m5_rate" : 60.43650773100924,
      "mean_rate" : 59.30123790045362,
      "duration_units" : "seconds",
      "rate_units" : "calls/second"
    },
    "eu.domibus.core.ebms3.sender.client.MSHDispatcher.dispatch.timer" : {
      "count" : 286577,
      "max" : 0.39004214600000003,
      "mean" : 0.049998613152882926,
      "min" : 0.032739416,
      "p50" : 0.047269299,
      "p75" : 0.052265161000000004,
      "p95" : 0.065720634,
      "p98" : 0.087887514,
      "p99" : 0.13364299300000002,
      "p999" : 0.39004214600000003,
      "stddev" : 0.019108016270212202,
      "m15_rate" : 60.252147007243146,
      "m1_rate" : 61.84829472872883,
      "m5_rate" : 60.4099018127647,
      "mean_rate" : 59.30433594590385,
      "duration_units" : "seconds",
      "rate_units" : "calls/second"
    },
    "eu.domibus.core.error.ErrorLogDao.deleteMessages.deleteErrorLogsByMessageIdInError.timer" : {
      "count" : 72,
      "max" : 0.014011987,
      "mean" : 0.0034556957629500802,
      "min" : 0.002016627,
      "p50" : 0.003359644,
      "p75" : 0.0037009480000000003,
      "p95" : 0.004264955,
      "p98" : 0.005081866,
      "p99" : 0.005081866,
      "p999" : 0.005081866,
      "stddev" : 4.909158715528681E-4,
      "m15_rate" : 0.03969726338741098,
      "m1_rate" : 5.514663760880151E-10,
      "m5_rate" : 0.0010257373062586349,
      "mean_rate" : 0.020434219191180308,
      "duration_units" : "seconds",
      "rate_units" : "calls/second"
    },
    "eu.domibus.core.message.MessageInfoDao.deleteMessages.timer" : {
      "count" : 144,
      "max" : 1.349967211,
      "mean" : 0.6660902693426077,
      "min" : 0.135606679,
      "p50" : 0.453628699,
      "p75" : 1.076422996,
      "p95" : 1.178819124,
      "p98" : 1.25438471,
      "p99" : 1.25438471,
      "p999" : 1.25438471,
      "stddev" : 0.41498574478301203,
      "m15_rate" : 0.07897097121435782,
      "m1_rate" : 1.0336785814134223E-9,
      "m5_rate" : 0.0020240813812883603,
      "mean_rate" : 0.040846957164549356,
      "duration_units" : "seconds",
      "rate_units" : "calls/second"
    },
    "eu.domibus.core.message.MessageInfoDao.findSignalMessageIds.timer" : {
      "count" : 72,
      "max" : 0.39905192700000003,
      "mean" : 0.14293418142265496,
      "min" : 0.086860029,
      "p50" : 0.135877867,
      "p75" : 0.187959644,
      "p95" : 0.24027582400000003,
      "p98" : 0.24027582400000003,
      "p99" : 0.24027582400000003,
      "p999" : 0.24027582400000003,
      "stddev" : 0.05123925319549547,
      "m15_rate" : 0.03947636627079213,
      "m1_rate" : 5.033760165535285E-10,
      "m5_rate" : 0.001007775103872059,
      "mean_rate" : 0.020422036098916338,
      "duration_units" : "seconds",
      "rate_units" : "calls/second"
    },
    "eu.domibus.core.message.MessagingServiceImpl.storeMessage.timer" : {
      "count" : 573910,
      "max" : 0.14282540500000002,
      "mean" : 0.006489598701871102,
      "min" : 0.0028221360000000003,
      "p50" : 0.005002263000000001,
      "p75" : 0.006341981,
      "p95" : 0.010775436000000001,
      "p98" : 0.013755374,
      "p99" : 0.043100847000000005,
      "p999" : 0.13768344500000002,
      "stddev" : 0.00908651087923764,
      "m15_rate" : 120.53732834446184,
      "m1_rate" : 122.16380149325921,
      "m5_rate" : 120.6619194781427,
      "mean_rate" : 117.86719567151036,
      "duration_units" : "seconds",
      "rate_units" : "calls/second"
    },
    "eu.domibus.core.message.UserMessageHandlerServiceImpl.handleNewUserMessage.timer" : {
      "count" : 287317,
      "max" : 0.423572151,
      "mean" : 0.11917751376437638,
      "min" : 0.02230149,
      "p50" : 0.12001491600000001,
      "p75" : 0.150272405,
      "p95" : 0.238421719,
      "p98" : 0.281868075,
      "p99" : 0.31258176200000004,
      "p999" : 0.422584238,
      "stddev" : 0.06288580745738742,
      "m15_rate" : 60.31595472985391,
      "m1_rate" : 60.380938114301976,
      "m5_rate" : 60.25734504120886,
      "mean_rate" : 59.00773305296667,
      "duration_units" : "seconds",
      "rate_units" : "calls/second"
    },
    "eu.domibus.core.message.UserMessageLogDao.deleteMessages.deleteMessageLogs.timer" : {
      "count" : 72,
      "max" : 0.17933796400000002,
      "mean" : 0.0742920339749443,
      "min" : 0.051570376,
      "p50" : 0.075921087,
      "p75" : 0.081274856,
      "p95" : 0.090948582,
      "p98" : 0.090948582,
      "p99" : 0.090948582,
      "p999" : 0.090948582,
      "stddev" : 0.010940126609419839,
      "m15_rate" : 0.039697962728798344,
      "m1_rate" : 5.51466385123797E-10,
      "m5_rate" : 0.001025818094272787,
      "mean_rate" : 0.020433204106817444,
      "duration_units" : "seconds",
      "rate_units" : "calls/second"
    },
    "eu.domibus.core.message.acknowledge.MessageAcknowledgementDao.deleteMessages.deleteMessageAcknowledgementsByMessageIds.timer" : {
      "count" : 72,
      "max" : 0.012557867,
      "mean" : 0.0029497319436435653,
      "min" : 0.0019223250000000001,
      "p50" : 0.0032042420000000004,
      "p75" : 0.003315943,
      "p95" : 0.0036398470000000003,
      "p98" : 0.004024052,
      "p99" : 0.004024052,
      "p999" : 0.004024052,
      "stddev" : 5.540962516004432E-4,
      "m15_rate" : 0.039696949153069795,
      "m1_rate" : 5.514663760879594E-10,
      "m5_rate" : 0.001025729977335341,
      "mean_rate" : 0.020434449853198148,
      "duration_units" : "seconds",
      "rate_units" : "calls/second"
    },
    "eu.domibus.core.message.attempt.MessageAttemptDao.deleteMessages.deleteAttemptsByMessageIds.timer" : {
      "count" : 72,
      "max" : 0.018284944,
      "mean" : 0.0034392135285265775,
      "min" : 0.002432932,
      "p50" : 0.0035765470000000002,
      "p75" : 0.003991952,
      "p95" : 0.004374557,
      "p98" : 0.004888564000000001,
      "p99" : 0.004888564000000001,
      "p999" : 0.004888564000000001,
      "stddev" : 6.497556698820716E-4,
      "m15_rate" : 0.03969726338741098,
      "m1_rate" : 5.514663760880151E-10,
      "m5_rate" : 0.0010257373062586349,
      "mean_rate" : 0.020434106920737997,
      "duration_units" : "seconds",
      "rate_units" : "calls/second"
    },
    "eu.domibus.core.message.pull.IncomingPullRequestHandler.incoming_pull_request.timer" : {
      "count" : 6,
      "max" : 0.48937461000000004,
      "mean" : 0.029669991039223322,
      "min" : 0.010040529000000001,
      "p50" : 0.010642337,
      "p75" : 0.014125481,
      "p95" : 0.086060706,
      "p98" : 0.086060706,
      "p99" : 0.086060706,
      "p999" : 0.086060706,
      "stddev" : 0.03195062262596501,
      "m15_rate" : 0.0010906656063023408,
      "m1_rate" : 2.070628908308437E-17,
      "m5_rate" : 1.0554509414238254E-5,
      "mean_rate" : 0.001044358214254334,
      "duration_units" : "seconds",
      "rate_units" : "calls/second"
    },
    "eu.domibus.core.message.receipt.AS4ReceiptServiceImpl.generateReceipt.timer" : {
      "count" : 287304,
      "max" : 0.16090373800000002,
      "mean" : 0.029482192339354594,
      "min" : 0.015699599,
      "p50" : 0.025616633000000003,
      "p75" : 0.033168721000000005,
      "p95" : 0.052244563,
      "p98" : 0.068086462,
      "p99" : 0.07468184800000001,
      "p999" : 0.16090373800000002,
      "stddev" : 0.01343471037176004,
      "m15_rate" : 60.309697281416696,
      "m1_rate" : 60.310114159868846,
      "m5_rate" : 60.23903688844477,
      "mean_rate" : 59.007062060894626,
      "duration_units" : "seconds",
      "rate_units" : "calls/second"
    },
    "eu.domibus.core.message.retention.MessageRetentionDefaultService.schedule_deleteExpiredMessages.timer" : {
      "count" : 12,
      "max" : 8.5359107,
      "mean" : 7.713260540013697,
      "min" : 0.49070941,
      "p50" : 7.733054849,
      "p75" : 7.733054849,
      "p95" : 7.733054849,
      "p98" : 7.733054849,
      "p99" : 7.733054849,
      "p999" : 7.733054849,
      "stddev" : 0.031124288287437043,
      "m15_rate" : 0.001635533762057849,
      "m1_rate" : 6.839017885186746E-11,
      "m5_rate" : 1.2649168142383577E-4,
      "mean_rate" : 0.0023313725790572487,
      "duration_units" : "seconds",
      "rate_units" : "calls/second"
    },
    "eu.domibus.core.message.retention.RetentionListener.onMessage.deleteMessages.timer" : {
      "count" : 72,
      "max" : 3.193579025,
      "mean" : 2.1716134813094494,
      "min" : 1.6076448980000002,
      "p50" : 1.9931020160000001,
      "p75" : 2.142419557,
      "p95" : 3.193579025,
      "p98" : 3.193579025,
      "p99" : 3.193579025,
      "p999" : 3.193579025,
      "stddev" : 0.47191136695328145,
      "m15_rate" : 0.03152876605368931,
      "m1_rate" : 5.223074720083082E-10,
      "m5_rate" : 0.001011019597130322,
      "mean_rate" : 0.020421836761111877,
      "duration_units" : "seconds",
      "rate_units" : "calls/second"
    },
    "eu.domibus.core.message.signal.SignalMessageDao.deleteMessages.deleteReceipts.timer" : {
      "count" : 72,
      "max" : 1.7183214420000001,
      "mean" : 0.4461558537570317,
      "min" : 0.16203479,
      "p50" : 0.22687455,
      "p75" : 0.264688541,
      "p95" : 1.7183214420000001,
      "p98" : 1.7183214420000001,
      "p99" : 1.7183214420000001,
      "p999" : 1.7183214420000001,
      "stddev" : 0.494959438647531,
      "m15_rate" : 0.03969893284712948,
      "m1_rate" : 5.514663851327523E-10,
      "m5_rate" : 0.001025842579990947,
      "mean_rate" : 0.020429927827471762,
      "duration_units" : "seconds",
      "rate_units" : "calls/second"
    },
    "eu.domibus.core.message.signal.SignalMessageLogDao.deleteMessages.deleteMessageLogs.timer" : {
      "count" : 72,
      "max" : 0.153381093,
      "mean" : 0.0691243162824369,
      "min" : 0.043149766000000006,
      "p50" : 0.062948818,
      "p75" : 0.07629519200000001,
      "p95" : 0.10035830500000001,
      "p98" : 0.153381093,
      "p99" : 0.153381093,
      "p999" : 0.153381093,
      "stddev" : 0.022444759944507925,
      "m15_rate" : 0.039697962728798344,
      "m1_rate" : 5.51466385123797E-10,
      "m5_rate" : 0.001025818094272787,
      "mean_rate" : 0.020433613322509644,
      "duration_units" : "seconds",
      "rate_units" : "calls/second"
    },
    "eu.domibus.core.plugin.handler.DatabaseMessageHandler.submit.timer" : {
      "count" : 286604,
      "max" : 0.713279791,
      "mean" : 0.10251612264448806,
      "min" : 0.007937103000000001,
      "p50" : 0.0947357,
      "p75" : 0.12867653,
      "p95" : 0.22193811100000002,
      "p98" : 0.275473491,
      "p99" : 0.32206148,
      "p999" : 0.567730994,
      "stddev" : 0.06468807309765627,
      "m15_rate" : 60.24695313240516,
      "m1_rate" : 61.70178263250811,
      "m5_rate" : 60.38933296494598,
      "mean_rate" : 59.303175979532455,
      "duration_units" : "seconds",
      "rate_units" : "calls/second"
    },
    "eu.domibus.core.plugin.notification.BackendNotificationService.notifyMessageReceived.timer" : {
      "count" : 287306,
      "max" : 0.404931374,
      "mean" : 0.07039249279980989,
      "min" : 3.9070500000000003E-4,
      "p50" : 0.074073839,
      "p75" : 0.10209129400000001,
      "p95" : 0.150059901,
      "p98" : 0.19474577,
      "p99" : 0.23720190600000002,
      "p999" : 0.347131999,
      "stddev" : 0.0512287427702382,
      "m15_rate" : 60.3100134882568,
      "m1_rate" : 60.31041601291119,
      "m5_rate" : 60.23996574306751,
      "mean_rate" : 59.006401588216676,
      "duration_units" : "seconds",
      "rate_units" : "calls/second"
    },
    "eu.domibus.core.plugin.notification.PluginAsyncNotificationListener.onMessage.timer" : {
      "count" : 286609,
      "max" : 0.617876305,
      "mean" : 0.10685289880183886,
      "min" : 0.008469207000000001,
      "p50" : 0.10095388100000001,
      "p75" : 0.129811742,
      "p95" : 0.22875629800000002,
      "p98" : 0.27453568,
      "p99" : 0.28769894900000004,
      "p999" : 0.415547565,
      "stddev" : 0.06399275434920483,
      "m15_rate" : 60.206398817399084,
      "m1_rate" : 61.17585741505431,
      "m5_rate" : 60.30138993421305,
      "mean_rate" : 58.86951373410396,
      "duration_units" : "seconds",
      "rate_units" : "calls/second"
    },
    "eu.domibus.core.pmode.validation.validators.MessagePropertyValidator.validate.timer" : {
      "count" : 573910,
      "max" : 1.64802E-4,
      "mean" : 1.6588705514857712E-6,
      "min" : 4.0000000000000003E-7,
      "p50" : 1.3E-6,
      "p75" : 1.6000000000000001E-6,
      "p95" : 2.4000000000000003E-6,
      "p98" : 2.7E-6,
      "p99" : 3.3E-6,
      "p999" : 5.0501E-5,
      "stddev" : 5.201118970290183E-6,
      "m15_rate" : 120.53666644146824,
      "m1_rate" : 122.15274588642241,
      "m5_rate" : 120.6595844542147,
      "mean_rate" : 117.86691195691232,
      "duration_units" : "seconds",
      "rate_units" : "calls/second"
    },
    "eu.domibus.core.replication.UIMessageDaoImpl.deleteMessages.deleteUIMessagesByMessageIds.timer" : {
      "count" : 144,
      "max" : 0.016420019,
      "mean" : 0.0030840776518170692,
      "min" : 0.0017087220000000002,
      "p50" : 0.0028291370000000002,
      "p75" : 0.003229842,
      "p95" : 0.005851676,
      "p98" : 0.008503110000000001,
      "p99" : 0.008503110000000001,
      "p999" : 0.008503110000000001,
      "stddev" : 0.001377207414252146,
      "m15_rate" : 0.07939389830613959,
      "m1_rate" : 1.1029327521759187E-9,
      "m5_rate" : 0.002051459954670682,
      "mean_rate" : 0.040868572562013886,
      "duration_units" : "seconds",
      "rate_units" : "calls/second"
    },
    "eu.domibus.core.util.SoapUtil.logMessage.timer" : {
      "count" : 287307,
      "max" : 9.270200000000001E-5,
      "mean" : 9.61648972717688E-7,
      "min" : 3.0000000000000004E-7,
      "p50" : 8.000000000000001E-7,
      "p75" : 1.0000000000000002E-6,
      "p95" : 1.4000000000000001E-6,
      "p98" : 1.6000000000000001E-6,
      "p99" : 1.8000000000000001E-6,
      "p999" : 6.5000000000000004E-6,
      "stddev" : 2.8050339387815606E-6,
      "m15_rate" : 60.30892798673769,
      "m1_rate" : 60.276291352405174,
      "m5_rate" : 60.23564620894398,
      "mean_rate" : 59.005706116106175,
      "duration_units" : "seconds",
      "rate_units" : "calls/second"
    },
    "eu.domibus.plugin.jms.JMSPluginImpl.deliverMessage.timer" : {
      "count" : 286609,
      "max" : 0.45114341900000005,
      "mean" : 0.1083859284548197,
      "min" : 0.008281805,
      "p50" : 0.098092644,
      "p75" : 0.135333017,
      "p95" : 0.222984028,
      "p98" : 0.27203894700000003,
      "p99" : 0.287428746,
      "p999" : 0.45114341900000005,
      "stddev" : 0.06528819013644174,
      "m15_rate" : 60.20549882073624,
      "m1_rate" : 61.174074854998636,
      "m5_rate" : 60.29940051575541,
      "mean_rate" : 58.869693563854995,
      "duration_units" : "seconds",
      "rate_units" : "calls/second"
    },
    "eu.domibus.plugin.jms.JMSPluginImpl.receiveMessage.timer" : {
      "count" : 286604,
      "max" : 0.7097940920000001,
      "mean" : 0.18657416604994037,
      "min" : 0.008488811,
      "p50" : 0.18690007,
      "p75" : 0.23461817100000001,
      "p95" : 0.359284453,
      "p98" : 0.452216924,
      "p99" : 0.49406106000000005,
      "p999" : 0.7097940920000001,
      "stddev" : 0.10509166417396978,
      "m15_rate" : 60.253071333332954,
      "m1_rate" : 61.81615971509396,
      "m5_rate" : 60.409660475977375,
      "mean_rate" : 59.30300245119181,
      "duration_units" : "seconds",
      "rate_units" : "calls/second"
    }
  }
}