{
  "version" : "4.0.0",
  "gauges" : { },
  "counters" : {
    "eu.domibus.core.ebms3.receiver.MSHWebservice.incoming_user_message.counter" : {
      "count" : 30
    },
    "eu.domibus.core.ebms3.receiver.handler.AbstractIncomingMessageHandler.processMessage.counter" : {
      "count" : 30
    },
    "eu.domibus.core.ebms3.receiver.handler.IncomingUserMessageHandler.around_handleNewUserMessage.counter.counter" : {
      "count" : 60
    },
    "eu.domibus.core.ebms3.sender.AbstractUserMessageSender.outgoing_user_message.counter" : {
      "count" : 0
    },
    "eu.domibus.core.ebms3.sender.MessageSenderListener.onMessage.counter" : {
      "count" : 0
    },
    "eu.domibus.core.ebms3.sender.MessageSenderService.sendUserMessage.counter" : {
      "count" : 0
    },
    "eu.domibus.core.ebms3.sender.client.MSHDispatcher.dispatch.counter" : {
      "count" : 0
    },
    "eu.domibus.core.error.ErrorLogDao.deleteMessages.deleteErrorLogsByMessageIdInError.counter" : {
      "count" : 0
    },
    "eu.domibus.core.message.MessageInfoDao.deleteMessages.counter" : {
      "count" : 0
    },
    "eu.domibus.core.message.MessageInfoDao.findSignalMessageIds.counter" : {
      "count" : 0
    },
    "eu.domibus.core.message.MessagingServiceImpl.storeMessage.counter" : {
      "count" : 0
    },
    "eu.domibus.core.message.UserMessageHandlerServiceImpl.handleNewUserMessage.counter" : {
      "count" : 3
    },
    "eu.domibus.core.message.UserMessageLogDao.deleteMessages.deleteMessageLogs.counter" : {
      "count" : 0
    },
    "eu.domibus.core.message.acknowledge.MessageAcknowledgementDao.deleteMessages.deleteMessageAcknowledgementsByMessageIds.counter" : {
      "count" : 0
    },
    "eu.domibus.core.message.attempt.MessageAttemptDao.deleteMessages.deleteAttemptsByMessageIds.counter" : {
      "count" : 0
    },
    "eu.domibus.core.message.pull.IncomingPullRequestHandler.incoming_pull_request.counter" : {
      "count" : 0
    },
    "eu.domibus.core.message.receipt.AS4ReceiptServiceImpl.generateReceipt.counter" : {
      "count" : 0
    },
    "eu.domibus.core.message.retention.MessageRetentionDefaultService.schedule_deleteExpiredMessages.counter" : {
      "count" : 0
    },
    "eu.domibus.core.message.retention.RetentionListener.onMessage.deleteMessages.counter" : {
      "count" : 0
    },
    "eu.domibus.core.message.signal.SignalMessageDao.deleteMessages.deleteReceipts.counter" : {
      "count" : 0
    },
    "eu.domibus.core.message.signal.SignalMessageLogDao.deleteMessages.deleteMessageLogs.counter" : {
      "count" : 0
    },
    "eu.domibus.core.plugin.handler.DatabaseMessageHandler.submit.counter" : {
      "count" : 0
    },
    "eu.domibus.core.plugin.notification.BackendNotificationService.notifyMessageReceived.counter" : {
      "count" : 3
    },
    "eu.domibus.core.plugin.notification.PluginAsyncNotificationListener.onMessage.counter" : {
      "count" : 18
    },
    "eu.domibus.core.pmode.validation.validators.MessagePropertyValidator.validate.counter" : {
      "count" : 0
    },
    "eu.domibus.core.replication.UIMessageDaoImpl.deleteMessages.deleteUIMessagesByMessageIds.counter" : {
      "count" : 0
    },
    "eu.domibus.core.util.SoapUtil.SoapUtil.counter" : {
      "count" : 0
    },
    "eu.domibus.plugin.jms.JMSPluginImpl.deliverMessage.counter" : {
      "count" : 18
    },
    "eu.domibus.plugin.jms.JMSPluginImpl.receiveMessage.counter" : {
      "count" : 0
    }
  },
  "histograms" : { },
  "meters" : { },
  "timers" : {
    "eu.domibus.core.ebms3.receiver.MSHWebservice.incoming_user_message.timer" : {
      "count" : 254617,
      "max" : 1.653733125,
      "mean" : 0.5283983999290511,
      "min" : 0.134478756,
      "p50" : 0.5087365220000001,
      "p75" : 0.592886694,
      "p95" : 0.915879282,
      "p98" : 1.068938728,
      "p99" : 1.121862109,
      "p999" : 1.653733125,
      "stddev" : 0.1746005088083868,
      "m15_rate" : 61.145428724812035,
      "m1_rate" : 59.587861478791886,
      "m5_rate" : 61.48421452473034,
      "mean_rate" : 50.30762447421041,
      "duration_units" : "seconds",
      "rate_units" : "calls/second"
    },
    "eu.domibus.core.ebms3.receiver.handler.AbstractIncomingMessageHandler.processMessage.timer" : {
      "count" : 254609,
      "max" : 1.6537041250000002,
      "mean" : 0.51624752524925,
      "min" : 0.135110755,
      "p50" : 0.504078424,
      "p75" : 0.5831410960000001,
      "p95" : 0.759928237,
      "p98" : 0.9798494590000001,
      "p99" : 1.068927628,
      "p999" : 1.6537041250000002,
      "stddev" : 0.15462085848753357,
      "m15_rate" : 61.16646727269046,
      "m1_rate" : 59.613086204687896,
      "m5_rate" : 61.48780341491103,
      "mean_rate" : 60.82761830223713,
      "duration_units" : "seconds",
      "rate_units" : "calls/second"
    },
    "eu.domibus.core.ebms3.receiver.handler.IncomingUserMessageHandler.around_handleNewUserMessage.timer.timer" : {
      "count" : 254579,
      "max" : 1.3461839320000002,
      "mean" : 0.511863077895704,
      "min" : 0.133984254,
      "p50" : 0.5053855260000001,
      "p75" : 0.5806085980000001,
      "p95" : 0.743952441,
      "p98" : 0.9790839590000001,
      "p99" : 1.012718548,
      "p999" : 1.3461839320000002,
      "stddev" : 0.1475348309367533,
      "m15_rate" : 61.16157968473944,
      "m1_rate" : 59.58716721588497,
      "m5_rate" : 61.48338654482638,
      "mean_rate" : 60.82074524577736,
      "duration_units" : "seconds",
      "rate_units" : "calls/second"
    },
    "eu.domibus.core.ebms3.sender.AbstractUserMessageSender.outgoing_user_message.timer" : {
      "count" : 254518,
      "max" : 0.474699637,
      "mean" : 0.06010582127745007,
      "min" : 0.039315387,
      "p50" : 0.055974181000000005,
      "p75" : 0.061012379000000005,
      "p95" : 0.074325874,
      "p98" : 0.134616054,
      "p99" : 0.19006583400000002,
      "p999" : 0.392405463,
      "stddev" : 0.026503994328186,
      "m15_rate" : 61.200481480492,
      "m1_rate" : 58.71636806375303,
      "m5_rate" : 61.274011136805015,
      "mean_rate" : 61.33688979175062,
      "duration_units" : "seconds",
      "rate_units" : "calls/second"
    },
    "eu.domibus.core.ebms3.sender.MessageSenderListener.onMessage.timer" : {
      "count" : 254518,
      "max" : 0.40050276,
      "mean" : 0.09104092790592785,
      "min" : 0.045911584000000005,
      "p50" : 0.06566577700000001,
      "p75" : 0.10524256300000001,
      "p95" : 0.194417833,
      "p98" : 0.248580713,
      "p99" : 0.288185099,
      "p999" : 0.40050276,
      "stddev" : 0.053080938814897685,
      "m15_rate" : 61.20610467660157,
      "m1_rate" : 58.80352882706386,
      "m5_rate" : 61.29250967222287,
      "mean_rate" : 61.335711875837184,
      "duration_units" : "seconds",
      "rate_units" : "calls/second"
    },
    "eu.domibus.core.ebms3.sender.MessageSenderService.sendUserMessage.timer" : {
      "count" : 254518,
      "max" : 0.40044586000000004,
      "mean" : 0.09078620756884294,
      "min" : 0.047724183,
      "p50" : 0.064231778,
      "p75" : 0.11000346200000001,
      "p95" : 0.193561433,
      "p98" : 0.22972252,
      "p99" : 0.290058499,
      "p999" : 0.40044586000000004,
      "stddev" : 0.05333906036656389,
      "m15_rate" : 61.20425311470591,
      "m1_rate" : 58.774613043195444,
      "m5_rate" : 61.286677714176164,
      "mean_rate" : 61.33607629828855,
      "duration_units" : "seconds",
      "rate_units" : "calls/second"
    },
    "eu.domibus.core.ebms3.sender.client.MSHDispatcher.dispatch.timer" : {
      "count" : 254518,
      "max" : 0.19369113300000002,
      "mean" : 0.04897021009062324,
      "min" : 0.033491488,
      "p50" : 0.046191884,
      "p75" : 0.051448683,
      "p95" : 0.06270647900000001,
      "p98" : 0.083666772,
      "p99" : 0.146418249,
      "p999" : 0.187804935,
      "stddev" : 0.01621633372106299,
      "m15_rate" : 61.19780860279417,
      "m1_rate" : 58.68862651584062,
      "m5_rate" : 61.26633103833545,
      "mean_rate" : 61.33733734542339,
      "duration_units" : "seconds",
      "rate_units" : "calls/second"
    },
    "eu.domibus.core.error.ErrorLogDao.deleteMessages.deleteErrorLogsByMessageIdInError.timer" : {
      "count" : 95,
      "max" : 0.033840284000000005,
      "mean" : 0.003096945851787638,
      "min" : 0.0021967,
      "p50" : 0.0030160990000000004,
      "p75" : 0.003440799,
      "p95" : 0.0044410990000000004,
      "p98" : 0.0044410990000000004,
      "p99" : 0.0044410990000000004,
      "p999" : 0.0044410990000000004,
      "stddev" : 6.332473242966711E-4,
      "m15_rate" : 0.05985865588219887,
      "m1_rate" : 0.1415017184872776,
      "m5_rate" : 0.053041766553888696,
      "mean_rate" : 0.02713818259750318,
      "duration_units" : "seconds",
      "rate_units" : "calls/second"
    },
    "eu.domibus.core.message.MessageInfoDao.deleteMessages.timer" : {
      "count" : 190,
      "max" : 3.677401197,
      "mean" : 0.7615920176207245,
      "min" : 0.036752078,
      "p50" : 0.38677156500000004,
      "p75" : 1.37852642,
      "p95" : 1.5213642710000002,
      "p98" : 1.6100551390000002,
      "p99" : 1.6100551390000002,
      "p999" : 1.6100551390000002,
      "stddev" : 0.5581115276907179,
      "m15_rate" : 0.11971471458030847,
      "m1_rate" : 0.28379974429851446,
      "m5_rate" : 0.10616771230439205,
      "mean_rate" : 0.05426343190436178,
      "duration_units" : "seconds",
      "rate_units" : "calls/second"
    },
    "eu.domibus.core.message.MessageInfoDao.findSignalMessageIds.timer" : {
      "count" : 95,
      "max" : 0.44835958400000003,
      "mean" : 0.1648539469940742,
      "min" : 0.023439886,
      "p50" : 0.139532751,
      "p75" : 0.194338534,
      "p95" : 0.32001998800000003,
      "p98" : 0.32001998800000003,
      "p99" : 0.32001998800000003,
      "p999" : 0.32001998800000003,
      "stddev" : 0.08232745310131202,
      "m15_rate" : 0.059830751398563024,
      "m1_rate" : 0.1404184376982854,
      "m5_rate" : 0.05297148033407751,
      "mean_rate" : 0.02712951400162409,
      "duration_units" : "seconds",
      "rate_units" : "calls/second"
    },
    "eu.domibus.core.message.MessagingServiceImpl.storeMessage.timer" : {
      "count" : 509180,
      "max" : 0.16157484300000002,
      "mean" : 0.006820170179554304,
      "min" : 0.003200099,
      "p50" : 0.005107298000000001,
      "p75" : 0.006311197,
      "p95" : 0.010916696,
      "p98" : 0.015442595000000002,
      "p99" : 0.016624495,
      "p999" : 0.16157484300000002,
      "stddev" : 0.011517364852886408,
      "m15_rate" : 122.31122013033777,
      "m1_rate" : 117.87795726725987,
      "m5_rate" : 122.664988931097,
      "mean_rate" : 121.64723939933845,
      "duration_units" : "seconds",
      "rate_units" : "calls/second"
    },
    "eu.domibus.core.message.UserMessageHandlerServiceImpl.handleNewUserMessage.timer" : {
      "count" : 254636,
      "max" : 0.549242809,
      "mean" : 0.14517735989044164,
      "min" : 0.024359392,
      "p50" : 0.14345815,
      "p75" : 0.17176624000000001,
      "p95" : 0.25990411,
      "p98" : 0.30971529200000003,
      "p99" : 0.35279777700000003,
      "p999" : 0.549242809,
      "stddev" : 0.06819839191011419,
      "m15_rate" : 61.16577857278092,
      "m1_rate" : 59.521535092905246,
      "m5_rate" : 61.48348805132605,
      "mean_rate" : 60.83433975207546,
      "duration_units" : "seconds",
      "rate_units" : "calls/second"
    },
    "eu.domibus.core.message.UserMessageLogDao.deleteMessages.deleteMessageLogs.timer" : {
      "count" : 95,
      "max" : 5.7534777120000005,
      "mean" : 0.06500832073280031,
      "min" : 0.01622689,
      "p50" : 0.06365957700000001,
      "p75" : 0.069711876,
      "p95" : 0.097725667,
      "p98" : 0.107568363,
      "p99" : 0.107568363,
      "p999" : 0.107568363,
      "stddev" : 0.013884426333243865,
      "m15_rate" : 0.05985865588219887,
      "m1_rate" : 0.1415017184872776,
      "m5_rate" : 0.053041766553888696,
      "mean_rate" : 0.02713774650881817,
      "duration_units" : "seconds",
      "rate_units" : "calls/second"
    },
    "eu.domibus.core.message.acknowledge.MessageAcknowledgementDao.deleteMessages.deleteMessageAcknowledgementsByMessageIds.timer" : {
      "count" : 95,
      "max" : 0.09631374200000001,
      "mean" : 0.0025852538299140624,
      "min" : 0.0018722010000000002,
      "p50" : 0.0024432990000000003,
      "p75" : 0.003046899,
      "p95" : 0.0035242990000000003,
      "p98" : 0.0035242990000000003,
      "p99" : 0.0035242990000000003,
      "p999" : 0.0035242990000000003,
      "stddev" : 5.449478532763769E-4,
      "m15_rate" : 0.05985865588219887,
      "m1_rate" : 0.1415017184872776,
      "m5_rate" : 0.053041766553888696,
      "mean_rate" : 0.027138452690851838,
      "duration_units" : "seconds",
      "rate_units" : "calls/second"
    },
    "eu.domibus.core.message.attempt.MessageAttemptDao.deleteMessages.deleteAttemptsByMessageIds.timer" : {
      "count" : 95,
      "max" : 0.011950792,
      "mean" : 0.002806237663030804,
      "min" : 0.0021241990000000002,
      "p50" : 0.002683499,
      "p75" : 0.0032935990000000004,
      "p95" : 0.003661998,
      "p98" : 0.0037071990000000004,
      "p99" : 0.0037071990000000004,
      "p999" : 0.0037071990000000004,
      "stddev" : 5.201611900335493E-4,
      "m15_rate" : 0.05985865588219887,
      "m1_rate" : 0.1415017184872776,
      "m5_rate" : 0.053041766553888696,
      "mean_rate" : 0.027138081489960216,
      "duration_units" : "seconds",
      "rate_units" : "calls/second"
    },
    "eu.domibus.core.message.pull.IncomingPullRequestHandler.incoming_pull_request.timer" : {
      "count" : 8,
      "max" : 0.42838590000000004,
      "mean" : 0.0656841031432932,
      "min" : 0.009123302,
      "p50" : 0.010902902,
      "p75" : 0.011355402,
      "p95" : 0.238127149,
      "p98" : 0.238127149,
      "p99" : 0.238127149,
      "p999" : 0.238127149,
      "stddev" : 0.09759101659360121,
      "m15_rate" : 0.0037894344041903773,
      "m1_rate" : 1.880605093438317E-12,
      "m5_rate" : 1.0355183923058853E-4,
      "mean_rate" : 0.001580653097906541,
      "duration_units" : "seconds",
      "rate_units" : "calls/second"
    },
    "eu.domibus.core.message.receipt.AS4ReceiptServiceImpl.generateReceipt.timer" : {
      "count" : 254633,
      "max" : 0.11980085900000001,
      "mean" : 0.0282285283448177,
      "min" : 0.015335895,
      "p50" : 0.025682792000000003,
      "p75" : 0.031335089,
      "p95" : 0.047068884000000005,
      "p98" : 0.055310681,
      "p99" : 0.061655578,
      "p999" : 0.08306477100000001,
      "stddev" : 0.00937969362036881,
      "m15_rate" : 61.16834593536876,
      "m1_rate" : 59.5922598945833,
      "m5_rate" : 61.49314506437938,
      "mean_rate" : 60.83583217392759,
      "duration_units" : "seconds",
      "rate_units" : "calls/second"
    },
    "eu.domibus.core.message.retention.MessageRetentionDefaultService.schedule_deleteExpiredMessages.timer" : {
      "count" : 16,
      "max" : 9.692360929000001,
      "mean" : 9.653824286040228,
      "min" : 0.225089898,
      "p50" : 9.692360929000001,
      "p75" : 9.692360929000001,
      "p95" : 9.692360929000001,
      "p98" : 9.692360929000001,
      "p99" : 9.692360929000001,
      "p999" : 9.692360929000001,
      "stddev" : 0.07546100912812237,
      "m15_rate" : 0.005034831610323119,
      "m1_rate" : 0.01852821718286406,
      "m5_rate" : 0.006698277041442669,
      "mean_rate" : 0.0034018423162658446,
      "duration_units" : "seconds",
      "rate_units" : "calls/second"
    },
    "eu.domibus.core.message.retention.RetentionListener.onMessage.deleteMessages.timer" : {
      "count" : 95,
      "max" : 7.329803948,
      "mean" : 2.2508240912350717,
      "min" : 0.354285887,
      "p50" : 2.167235646,
      "p75" : 2.393589368,
      "p95" : 3.079264529,
      "p98" : 3.079264529,
      "p99" : 3.079264529,
      "p999" : 3.079264529,
      "stddev" : 0.4040897860764846,
      "m15_rate" : 0.059901740540958016,
      "m1_rate" : 0.1437814341106249,
      "m5_rate" : 0.053265951736203285,
      "mean_rate" : 0.02712913124071186,
      "duration_units" : "seconds",
      "rate_units" : "calls/second"
    },
    "eu.domibus.core.message.signal.SignalMessageDao.deleteMessages.deleteReceipts.timer" : {
      "count" : 95,
      "max" : 2.067616572,
      "mean" : 0.34359328242759124,
      "min" : 0.024995185000000003,
      "p50" : 0.19124363400000002,
      "p75" : 0.392820365,
      "p95" : 1.1888467870000001,
      "p98" : 1.1888467870000001,
      "p99" : 1.1888467870000001,
      "p999" : 1.1888467870000001,
      "stddev" : 0.3222478715801626,
      "m15_rate" : 0.05985223945419042,
      "m1_rate" : 0.14150171848727755,
      "m5_rate" : 0.053041142575898086,
      "mean_rate" : 0.027137405011872052,
      "duration_units" : "seconds",
      "rate_units" : "calls/second"
    },
    "eu.domibus.core.message.signal.SignalMessageLogDao.deleteMessages.deleteMessageLogs.timer" : {
      "count" : 95,
      "max" : 0.097585853,
      "mean" : 0.05643724538034998,
      "min" : 0.007286096000000001,
      "p50" : 0.05631018,
      "p75" : 0.066555877,
      "p95" : 0.076197373,
      "p98" : 0.076197373,
      "p99" : 0.076197373,
      "p999" : 0.076197373,
      "stddev" : 0.011873892234350794,
      "m15_rate" : 0.05985865588219887,
      "m1_rate" : 0.1415017184872776,
      "m5_rate" : 0.053041766553888696,
      "mean_rate" : 0.027137927554367038,
      "duration_units" : "seconds",
      "rate_units" : "calls/second"
    },
    "eu.domibus.core.plugin.handler.DatabaseMessageHandler.submit.timer" : {
      "count" : 254544,
      "max" : 0.819040815,
      "mean" : 0.1478471564041983,
      "min" : 0.009942697,
      "p50" : 0.125307156,
      "p75" : 0.18636923700000002,
      "p95" : 0.30327849500000004,
      "p98" : 0.37120107100000005,
      "p99" : 0.44662804500000003,
      "p999" : 0.819040815,
      "stddev" : 0.08635667372198501,
      "m15_rate" : 61.206331548634765,
      "m1_rate" : 58.71734047669564,
      "m5_rate" : 61.28911691342487,
      "mean_rate" : 61.33913567363968,
      "duration_units" : "seconds",
      "rate_units" : "calls/second"
    },
    "eu.domibus.core.plugin.notification.BackendNotificationService.notifyMessageReceived.timer" : {
      "count" : 254633,
      "max" : 0.32395128700000003,
      "mean" : 0.09996580587729982,
      "min" : 4.335E-4,
      "p50" : 0.09845796500000001,
      "p75" : 0.13376875400000002,
      "p95" : 0.206980128,
      "p98" : 0.252928612,
      "p99" : 0.281094603,
      "p999" : 0.32395128700000003,
      "stddev" : 0.06141884034076551,
      "m15_rate" : 61.17057367673636,
      "m1_rate" : 59.62129716270369,
      "m5_rate" : 61.50055416289457,
      "mean_rate" : 60.834708211283186,
      "duration_units" : "seconds",
      "rate_units" : "calls/second"
    },
    "eu.domibus.core.plugin.notification.PluginAsyncNotificationListener.onMessage.timer" : {
      "count" : 254602,
      "max" : 0.558593405,
      "mean" : 0.1488465488884105,
      "min" : 0.010338097000000001,
      "p50" : 0.12784235600000002,
      "p75" : 0.19049823300000002,
      "p95" : 0.283064401,
      "p98" : 0.31692299,
      "p99" : 0.37369887,
      "p999" : 0.558593405,
      "stddev" : 0.07276516069844244,
      "m15_rate" : 61.15861990209101,
      "m1_rate" : 58.054692338593426,
      "m5_rate" : 61.14929952789993,
      "mean_rate" : 60.83298525356533,
      "duration_units" : "seconds",
      "rate_units" : "calls/second"
    },
    "eu.domibus.core.pmode.validation.validators.MessagePropertyValidator.validate.timer" : {
      "count" : 509180,
      "max" : 3.8700000000000006E-5,
      "mean" : 1.4243543306935478E-6,
      "min" : 5.000000000000001E-7,
      "p50" : 1.1E-6,
      "p75" : 1.3E-6,
      "p95" : 2.2E-6,
      "p98" : 2.6E-6,
      "p99" : 2.9E-6,
      "p999" : 3.8700000000000006E-5,
      "stddev" : 2.5501109242378636E-6,
      "m15_rate" : 122.31177924385275,
      "m1_rate" : 117.87762666698043,
      "m5_rate" : 122.66593242238795,
      "mean_rate" : 121.64684406635563,
      "duration_units" : "seconds",
      "rate_units" : "calls/second"
    },
    "eu.domibus.core.replication.UIMessageDaoImpl.deleteMessages.deleteUIMessagesByMessageIds.timer" : {
      "count" : 190,
      "max" : 0.014376792000000001,
      "mean" : 0.0025361196467384413,
      "min" : 7.569E-4,
      "p50" : 0.002197999,
      "p75" : 0.0029102990000000003,
      "p95" : 0.004389198,
      "p98" : 0.004660099,
      "p99" : 0.004660099,
      "p999" : 0.004660099,
      "stddev" : 7.10424619246596E-4,
      "m15_rate" : 0.11971731176439775,
      "m1_rate" : 0.2830034369745552,
      "m5_rate" : 0.10608353310777739,
      "mean_rate" : 0.05427663977803163,
      "duration_units" : "seconds",
      "rate_units" : "calls/second"
    },
    "eu.domibus.core.util.SoapUtil.logMessage.timer" : {
      "count" : 254636,
      "max" : 2.6700000000000002E-5,
      "mean" : 7.672478444036172E-7,
      "min" : 3.0000000000000004E-7,
      "p50" : 7.000000000000001E-7,
      "p75" : 7.000000000000001E-7,
      "p95" : 1.2000000000000002E-6,
      "p98" : 1.5E-6,
      "p99" : 1.6000000000000001E-6,
      "p999" : 2.6700000000000002E-5,
      "stddev" : 1.2432377905505205E-6,
      "m15_rate" : 61.172781365514965,
      "m1_rate" : 59.62486345775932,
      "m5_rate" : 61.50615234972412,
      "mean_rate" : 60.834374403456096,
      "duration_units" : "seconds",
      "rate_units" : "calls/second"
    },
    "eu.domibus.plugin.jms.JMSPluginImpl.deliverMessage.timer" : {
      "count" : 254602,
      "max" : 0.558208005,
      "mean" : 0.14635339970967062,
      "min" : 0.009107797,
      "p50" : 0.125153757,
      "p75" : 0.18788953400000002,
      "p95" : 0.28251890100000004,
      "p98" : 0.35695517600000004,
      "p99" : 0.37073967100000005,
      "p999" : 0.558208005,
      "stddev" : 0.0744093591137505,
      "m15_rate" : 61.157699504911726,
      "m1_rate" : 58.045982084626736,
      "m5_rate" : 61.14661385518324,
      "mean_rate" : 60.83316980990776,
      "duration_units" : "seconds",
      "rate_units" : "calls/second"
    },
    "eu.domibus.plugin.jms.JMSPluginImpl.receiveMessage.timer" : {
      "count" : 254544,
      "max" : 1.0732889270000001,
      "mean" : 0.2605137172800814,
      "min" : 0.010906197000000001,
      "p50" : 0.242230715,
      "p75" : 0.308126293,
      "p95" : 0.45954224000000005,
      "p98" : 0.5777038990000001,
      "p99" : 0.6514663740000001,
      "p999" : 1.0732889270000001,
      "stddev" : 0.11930187345731927,
      "m15_rate" : 61.201917757011486,
      "m1_rate" : 58.68466135895795,
      "m5_rate" : 61.27725804854626,
      "mean_rate" : 61.339026567253256,
      "duration_units" : "seconds",
      "rate_units" : "calls/second"
    }
  }
}