{
  "version" : "4.0.0",
  "gauges" : { },
  "counters" : {
    "eu.domibus.core.ebms3.receiver.MSHWebservice.incoming_user_message.counter" : {
      "count" : 30
    },
    "eu.domibus.core.ebms3.receiver.handler.AbstractIncomingMessageHandler.processMessage.counter" : {
      "count" : 30
    },
    "eu.domibus.core.ebms3.receiver.handler.IncomingUserMessageHandler.around_handleNewUserMessage.counter.counter" : {
      "count" : 60
    },
    "eu.domibus.core.ebms3.sender.AbstractUserMessageSender.outgoing_user_message.counter" : {
      "count" : 2
    },
    "eu.domibus.core.ebms3.sender.MessageSenderListener.onMessage.counter" : {
      "count" : 5
    },
    "eu.domibus.core.ebms3.sender.MessageSenderService.sendUserMessage.counter" : {
      "count" : 5
    },
    "eu.domibus.core.ebms3.sender.client.MSHDispatcher.dispatch.counter" : {
      "count" : 2
    },
    "eu.domibus.core.error.ErrorLogDao.deleteMessages.deleteErrorLogsByMessageIdInError.counter" : {
      "count" : 0
    },
    "eu.domibus.core.message.MessageInfoDao.deleteMessages.counter" : {
      "count" : 0
    },
    "eu.domibus.core.message.MessageInfoDao.findSignalMessageIds.counter" : {
      "count" : 0
    },
    "eu.domibus.core.message.MessagingServiceImpl.storeMessage.counter" : {
      "count" : 0
    },
    "eu.domibus.core.message.UserMessageHandlerServiceImpl.handleNewUserMessage.counter" : {
      "count" : 22
    },
    "eu.domibus.core.message.UserMessageLogDao.deleteMessages.deleteMessageLogs.counter" : {
      "count" : 0
    },
    "eu.domibus.core.message.acknowledge.MessageAcknowledgementDao.deleteMessages.deleteMessageAcknowledgementsByMessageIds.counter" : {
      "count" : 0
    },
    "eu.domibus.core.message.attempt.MessageAttemptDao.deleteMessages.deleteAttemptsByMessageIds.counter" : {
      "count" : 0
    },
    "eu.domibus.core.message.pull.IncomingPullRequestHandler.incoming_pull_request.counter" : {
      "count" : 0
    },
    "eu.domibus.core.message.receipt.AS4ReceiptServiceImpl.generateReceipt.counter" : {
      "count" : 12
    },
    "eu.domibus.core.message.retention.MessageRetentionDefaultService.schedule_deleteExpiredMessages.counter" : {
      "count" : 0
    },
    "eu.domibus.core.message.retention.RetentionListener.onMessage.deleteMessages.counter" : {
      "count" : 0
    },
    "eu.domibus.core.message.signal.SignalMessageDao.deleteMessages.deleteReceipts.counter" : {
      "count" : 0
    },
    "eu.domibus.core.message.signal.SignalMessageLogDao.deleteMessages.deleteMessageLogs.counter" : {
      "count" : 0
    },
    "eu.domibus.core.plugin.handler.DatabaseMessageHandler.submit.counter" : {
      "count" : 11
    },
    "eu.domibus.core.plugin.notification.BackendNotificationService.notifyMessageReceived.counter" : {
      "count" : 7
    },
    "eu.domibus.core.plugin.notification.PluginAsyncNotificationListener.onMessage.counter" : {
      "count" : 10
    },
    "eu.domibus.core.pmode.validation.validators.MessagePropertyValidator.validate.counter" : {
      "count" : 0
    },
    "eu.domibus.core.replication.UIMessageDaoImpl.deleteMessages.deleteUIMessagesByMessageIds.counter" : {
      "count" : 0
    },
    "eu.domibus.core.util.SoapUtil.SoapUtil.counter" : {
      "count" : 0
    },
    "eu.domibus.plugin.jms.JMSPluginImpl.deliverMessage.counter" : {
      "count" : 10
    },
    "eu.domibus.plugin.jms.JMSPluginImpl.receiveMessage.counter" : {
      "count" : 18
    }
  },
  "histograms" : { },
  "meters" : { },
  "timers" : {
    "eu.domibus.core.ebms3.receiver.MSHWebservice.incoming_user_message.timer" : {
      "count" : 244491,
      "max" : 1.3769117050000002,
      "mean" : 0.5069455713777761,
      "min" : 0.128538012,
      "p50" : 0.49680214100000003,
      "p75" : 0.584354255,
      "p95" : 0.7627406870000001,
      "p98" : 0.989526805,
      "p99" : 1.014172188,
      "p999" : 1.3769117050000002,
      "stddev" : 0.1618238279175957,
      "m15_rate" : 59.403037821327615,
      "m1_rate" : 57.73363588552241,
      "m5_rate" : 60.17193951160092,
      "mean_rate" : 48.30746632254217,
      "duration_units" : "seconds",
      "rate_units" : "calls/second"
    },
    "eu.domibus.core.ebms3.receiver.handler.AbstractIncomingMessageHandler.processMessage.timer" : {
      "count" : 244483,
      "max" : 1.375860608,
      "mean" : 0.5117723173972508,
      "min" : 0.12510949500000001,
      "p50" : 0.497886841,
      "p75" : 0.5839004130000001,
      "p95" : 0.784777829,
      "p98" : 1.011317124,
      "p99" : 1.121694953,
      "p999" : 1.375860608,
      "stddev" : 0.1715949399759442,
      "m15_rate" : 59.42190415706232,
      "m1_rate" : 57.754941067268675,
      "m5_rate" : 60.17406542508693,
      "mean_rate" : 58.40509065460122,
      "duration_units" : "seconds",
      "rate_units" : "calls/second"
    },
    "eu.domibus.core.ebms3.receiver.handler.IncomingUserMessageHandler.around_handleNewUserMessage.timer.timer" : {
      "count" : 244453,
      "max" : 1.3758680090000002,
      "mean" : 0.4944053814623402,
      "min" : 0.126948165,
      "p50" : 0.49376556000000005,
      "p75" : 0.558907197,
      "p95" : 0.7527066570000001,
      "p98" : 0.964149753,
      "p99" : 0.994721186,
      "p999" : 1.3758680090000002,
      "stddev" : 0.15566166013926477,
      "m15_rate" : 59.41625553208482,
      "m1_rate" : 57.73258344468281,
      "m5_rate" : 60.167578138475754,
      "mean_rate" : 58.398402604876324,
      "duration_units" : "seconds",
      "rate_units" : "calls/second"
    },
    "eu.domibus.core.ebms3.sender.AbstractUserMessageSender.outgoing_user_message.timer" : {
      "count" : 244405,
      "max" : 0.456731227,
      "mean" : 0.057323216338798326,
      "min" : 0.040787380000000005,
      "p50" : 0.054104514000000006,
      "p75" : 0.058978666000000006,
      "p95" : 0.07366072700000001,
      "p98" : 0.10529165800000001,
      "p99" : 0.148034719,
      "p999" : 0.456731227,
      "stddev" : 0.021622454579387874,
      "m15_rate" : 59.41458346458177,
      "m1_rate" : 56.699483237910165,
      "m5_rate" : 59.89223697313174,
      "mean_rate" : 58.91225751019424,
      "duration_units" : "seconds",
      "rate_units" : "calls/second"
    },
    "eu.domibus.core.ebms3.sender.MessageSenderListener.onMessage.timer" : {
      "count" : 244405,
      "max" : 0.45173916500000005,
      "mean" : 0.0833743412465391,
      "min" : 0.044621635,
      "p50" : 0.062178163,
      "p75" : 0.084940371,
      "p95" : 0.18897201300000002,
      "p98" : 0.22955277300000002,
      "p99" : 0.24539184200000003,
      "p999" : 0.45173916500000005,
      "stddev" : 0.0489574787283138,
      "m15_rate" : 59.418458121627175,
      "m1_rate" : 56.75368477371362,
      "m5_rate" : 59.904218608971576,
      "mean_rate" : 58.91097241715375,
      "duration_units" : "seconds",
      "rate_units" : "calls/second"
    },
    "eu.domibus.core.ebms3.sender.MessageSenderService.sendUserMessage.timer" : {
      "count" : 244405,
      "max" : 0.45168706000000003,
      "mean" : 0.08226447722065293,
      "min" : 0.044975368,
      "p50" : 0.0615095,
      "p75" : 0.081428846,
      "p95" : 0.18723515100000002,
      "p98" : 0.22303947000000002,
      "p99" : 0.23893234300000002,
      "p999" : 0.45168706000000003,
      "stddev" : 0.04788662879533868,
      "m15_rate" : 59.41743479119351,
      "m1_rate" : 56.741485589682995,
      "m5_rate" : 59.90112169419708,
      "mean_rate" : 58.91119940164024,
      "duration_units" : "seconds",
      "rate_units" : "calls/second"
    },
    "eu.domibus.core.ebms3.sender.client.MSHDispatcher.dispatch.timer" : {
      "count" : 244405,
      "max" : 0.39449355700000005,
      "mean" : 0.04905413915193993,
      "min" : 0.03216298,
      "p50" : 0.045835448,
      "p75" : 0.050312962,
      "p95" : 0.06603142000000001,
      "p98" : 0.093170735,
      "p99" : 0.137404034,
      "p999" : 0.188738191,
      "stddev" : 0.018341014888099243,
      "m15_rate" : 59.4121056691666,
      "m1_rate" : 56.68337409059896,
      "m5_rate" : 59.88531854503232,
      "mean_rate" : 58.91318807963998,
      "duration_units" : "seconds",
      "rate_units" : "calls/second"
    },
    "eu.domibus.core.error.ErrorLogDao.deleteMessages.deleteErrorLogsByMessageIdInError.timer" : {
      "count" : 129,
      "max" : 0.009879216000000001,
      "mean" : 0.003060074827714767,
      "min" : 0.002116796,
      "p50" : 0.003073085,
      "p75" : 0.003337909,
      "p95" : 0.004380406,
      "p98" : 0.004380406,
      "p99" : 0.004380406,
      "p999" : 0.004380406,
      "stddev" : 6.014680587782937E-4,
      "m15_rate" : 0.041312480608272764,
      "m1_rate" : 0.019155405077981625,
      "m5_rate" : 0.039943823538595775,
      "mean_rate" : 0.03622301159375541,
      "duration_units" : "seconds",
      "rate_units" : "calls/second"
    },
    "eu.domibus.core.message.MessageInfoDao.deleteMessages.timer" : {
      "count" : 258,
      "max" : 2.164788714,
      "mean" : 0.8202345560719635,
      "min" : 0.031121386,
      "p50" : 0.469208681,
      "p75" : 1.257032791,
      "p95" : 2.024205781,
      "p98" : 2.164788714,
      "p99" : 2.164788714,
      "p999" : 2.164788714,
      "stddev" : 0.6249537950739966,
      "m15_rate" : 0.08260075926153912,
      "m1_rate" : 0.03820300462616754,
      "m5_rate" : 0.07981310950751179,
      "mean_rate" : 0.07244188284555667,
      "duration_units" : "seconds",
      "rate_units" : "calls/second"
    },
    "eu.domibus.core.message.MessageInfoDao.findSignalMessageIds.timer" : {
      "count" : 129,
      "max" : 0.366041243,
      "mean" : 0.12705779283218827,
      "min" : 0.04497007,
      "p50" : 0.115441498,
      "p75" : 0.157743718,
      "p95" : 0.262953467,
      "p98" : 0.300388637,
      "p99" : 0.300388637,
      "p999" : 0.300388637,
      "stddev" : 0.058551912218149926,
      "m15_rate" : 0.04126056686116782,
      "m1_rate" : 0.018554312399099833,
      "m5_rate" : 0.03973216936159223,
      "mean_rate" : 0.03622032921231238,
      "duration_units" : "seconds",
      "rate_units" : "calls/second"
    },
    "eu.domibus.core.message.MessagingServiceImpl.storeMessage.timer" : {
      "count" : 488953,
      "max" : 0.10356189800000001,
      "mean" : 0.005537504385850001,
      "min" : 0.0025944400000000004,
      "p50" : 0.0045744240000000005,
      "p75" : 0.0057173300000000005,
      "p95" : 0.00961069,
      "p98" : 0.013503151000000001,
      "p99" : 0.014694262000000001,
      "p999" : 0.10356189800000001,
      "stddev" : 0.005714542889320793,
      "m15_rate" : 118.78986332276854,
      "m1_rate" : 114.20152921097284,
      "m5_rate" : 120.01853226043715,
      "mean_rate" : 116.8084731253957,
      "duration_units" : "seconds",
      "rate_units" : "calls/second"
    },
    "eu.domibus.core.message.UserMessageHandlerServiceImpl.handleNewUserMessage.timer" : {
      "count" : 244495,
      "max" : 0.752348522,
      "mean" : 0.14076812692385296,
      "min" : 0.021119357000000002,
      "p50" : 0.136595259,
      "p75" : 0.17031068300000002,
      "p95" : 0.27990314,
      "p98" : 0.34807485800000004,
      "p99" : 0.38677544500000005,
      "p999" : 0.414854847,
      "stddev" : 0.07530514648078823,
      "m15_rate" : 59.42434366155413,
      "m1_rate" : 57.72307470834119,
      "m5_rate" : 60.178363503045034,
      "mean_rate" : 58.40842086808235,
      "duration_units" : "seconds",
      "rate_units" : "calls/second"
    },
    "eu.domibus.core.message.UserMessageLogDao.deleteMessages.deleteMessageLogs.timer" : {
      "count" : 129,
      "max" : 0.22589054700000002,
      "mean" : 0.08912263697881076,
      "min" : 0.013553057,
      "p50" : 0.06951054100000001,
      "p75" : 0.10426566300000001,
      "p95" : 0.183619516,
      "p98" : 0.183619516,
      "p99" : 0.183619516,
      "p999" : 0.183619516,
      "stddev" : 0.04076053243379768,
      "m15_rate" : 0.041312480608272764,
      "m1_rate" : 0.019155405077981625,
      "m5_rate" : 0.039943823538595775,
      "mean_rate" : 0.03622255748913949,
      "duration_units" : "seconds",
      "rate_units" : "calls/second"
    },
    "eu.domibus.core.message.acknowledge.MessageAcknowledgementDao.deleteMessages.deleteMessageAcknowledgementsByMessageIds.timer" : {
      "count" : 129,
      "max" : 0.011262844000000001,
      "mean" : 0.002549869532738005,
      "min" : 0.0017853650000000001,
      "p50" : 0.0022654100000000003,
      "p75" : 0.002833463,
      "p95" : 0.0049562600000000005,
      "p98" : 0.0049562600000000005,
      "p99" : 0.0049562600000000005,
      "p999" : 0.0049562600000000005,
      "stddev" : 8.855953810286564E-4,
      "m15_rate" : 0.041312480608272764,
      "m1_rate" : 0.019155405077981625,
      "m5_rate" : 0.039943823538595775,
      "mean_rate" : 0.036223212295613816,
      "duration_units" : "seconds",
      "rate_units" : "calls/second"
    },
    "eu.domibus.core.message.attempt.MessageAttemptDao.deleteMessages.deleteAttemptsByMessageIds.timer" : {
      "count" : 129,
      "max" : 0.009724302,
      "mean" : 0.003227360593036661,
      "min" : 0.002092094,
      "p50" : 0.00280916,
      "p75" : 0.003731045,
      "p95" : 0.005329194000000001,
      "p98" : 0.005329194000000001,
      "p99" : 0.005329194000000001,
      "p999" : 0.005329194000000001,
      "stddev" : 9.750924289021424E-4,
      "m15_rate" : 0.041312480608272764,
      "m1_rate" : 0.019155405077981625,
      "m5_rate" : 0.039943823538595775,
      "mean_rate" : 0.03622290882622931,
      "duration_units" : "seconds",
      "rate_units" : "calls/second"
    },
    "eu.domibus.core.message.pull.IncomingPullRequestHandler.incoming_pull_request.timer" : {
      "count" : 8,
      "max" : 0.5287768500000001,
      "mean" : 0.013826028,
      "min" : 0.01362466,
      "p50" : 0.014027396000000001,
      "p75" : 0.014027396000000001,
      "p95" : 0.014027396000000001,
      "p98" : 0.014027396000000001,
      "p99" : 0.014027396000000001,
      "p999" : 0.014027396000000001,
      "stddev" : 2.01368E-4,
      "m15_rate" : 0.004801674149527704,
      "m1_rate" : 8.6512010617069E-13,
      "m5_rate" : 5.095893631227237E-5,
      "mean_rate" : 0.0015806709075411513,
      "duration_units" : "seconds",
      "rate_units" : "calls/second"
    },
    "eu.domibus.core.message.receipt.AS4ReceiptServiceImpl.generateReceipt.timer" : {
      "count" : 244484,
      "max" : 0.20767364600000002,
      "mean" : 0.026906810187542405,
      "min" : 0.014190415000000001,
      "p50" : 0.023428371,
      "p75" : 0.029240310000000002,
      "p95" : 0.044493824,
      "p98" : 0.052170835000000006,
      "p99" : 0.109797775,
      "p999" : 0.20767364600000002,
      "stddev" : 0.015057268966098727,
      "m15_rate" : 59.430532628671614,
      "m1_rate" : 57.84326640647942,
      "m5_rate" : 60.20030900089422,
      "mean_rate" : 58.40770706703862,
      "duration_units" : "seconds",
      "rate_units" : "calls/second"
    },
    "eu.domibus.core.message.retention.MessageRetentionDefaultService.schedule_deleteExpiredMessages.timer" : {
      "count" : 21,
      "max" : 9.792888494000001,
      "mean" : 8.882958789915078,
      "min" : 0.47981724000000003,
      "p50" : 8.508201863,
      "p75" : 9.792888494000001,
      "p95" : 9.792888494000001,
      "p98" : 9.792888494000001,
      "p99" : 9.792888494000001,
      "p999" : 9.792888494000001,
      "stddev" : 0.5849647897748926,
      "m15_rate" : 0.005928885606457029,
      "m1_rate" : 0.002506202124037963,
      "m5_rate" : 0.005041112698013599,
      "mean_rate" : 0.004522608147532141,
      "duration_units" : "seconds",
      "rate_units" : "calls/second"
    },
    "eu.domibus.core.message.retention.RetentionListener.onMessage.deleteMessages.timer" : {
      "count" : 129,
      "max" : 3.903170111,
      "mean" : 2.441012253279364,
      "min" : 0.313984819,
      "p50" : 2.32943077,
      "p75" : 2.852930085,
      "p95" : 3.903170111,
      "p98" : 3.903170111,
      "p99" : 3.903170111,
      "p999" : 3.903170111,
      "stddev" : 0.6902980244607752,
      "m15_rate" : 0.041330277733076154,
      "m1_rate" : 0.019448359267513288,
      "m5_rate" : 0.04002365763843184,
      "mean_rate" : 0.03622016819391224,
      "duration_units" : "seconds",
      "rate_units" : "calls/second"
    },
    "eu.domibus.core.message.signal.SignalMessageDao.deleteMessages.deleteReceipts.timer" : {
      "count" : 129,
      "max" : 1.277245561,
      "mean" : 0.42616443059121806,
      "min" : 0.026139125000000003,
      "p50" : 0.210476305,
      "p75" : 0.8243348920000001,
      "p95" : 1.212171533,
      "p98" : 1.277245561,
      "p99" : 1.277245561,
      "p999" : 1.277245561,
      "stddev" : 0.39794276525038713,
      "m15_rate" : 0.041312480608272764,
      "m1_rate" : 0.019155405077981625,
      "m5_rate" : 0.039943823538595775,
      "mean_rate" : 0.03622228602744392,
      "duration_units" : "seconds",
      "rate_units" : "calls/second"
    },
    "eu.domibus.core.message.signal.SignalMessageLogDao.deleteMessages.deleteMessageLogs.timer" : {
      "count" : 129,
      "max" : 0.21624372800000002,
      "mean" : 0.07014723232050762,
      "min" : 0.020845633000000002,
      "p50" : 0.063647798,
      "p75" : 0.087955051,
      "p95" : 0.104580792,
      "p98" : 0.104580792,
      "p99" : 0.104580792,
      "p999" : 0.104580792,
      "stddev" : 0.020908641669179023,
      "m15_rate" : 0.041312480608272764,
      "m1_rate" : 0.019155405077981625,
      "m5_rate" : 0.039943823538595775,
      "mean_rate" : 0.036222691283718425,
      "duration_units" : "seconds",
      "rate_units" : "calls/second"
    },
    "eu.domibus.core.plugin.handler.DatabaseMessageHandler.submit.timer" : {
      "count" : 244449,
      "max" : 0.5273296700000001,
      "mean" : 0.14136705886283749,
      "min" : 0.008385377000000001,
      "p50" : 0.11977230000000001,
      "p75" : 0.177027805,
      "p95" : 0.298656878,
      "p98" : 0.368358438,
      "p99" : 0.410316526,
      "p999" : 0.5273296700000001,
      "stddev" : 0.08271280871773208,
      "m15_rate" : 59.42020156659883,
      "m1_rate" : 56.664905326669576,
      "m5_rate" : 59.90329898233344,
      "mean_rate" : 58.9180460527787,
      "duration_units" : "seconds",
      "rate_units" : "calls/second"
    },
    "eu.domibus.core.plugin.notification.BackendNotificationService.notifyMessageReceived.timer" : {
      "count" : 244492,
      "max" : 0.409798378,
      "mean" : 0.09514262111088838,
      "min" : 3.5753300000000005E-4,
      "p50" : 0.09410352100000001,
      "p75" : 0.13141397900000001,
      "p95" : 0.196630622,
      "p98" : 0.275688549,
      "p99" : 0.33418017,
      "p999" : 0.409798378,
      "stddev" : 0.06691679482991145,
      "m15_rate" : 59.43329510919378,
      "m1_rate" : 57.87812941009829,
      "m5_rate" : 60.20944478553101,
      "mean_rate" : 58.40866647398298,
      "duration_units" : "seconds",
      "rate_units" : "calls/second"
    },
    "eu.domibus.core.plugin.notification.PluginAsyncNotificationListener.onMessage.timer" : {
      "count" : 244504,
      "max" : 0.434983712,
      "mean" : 0.14146385935297334,
      "min" : 0.008627599,
      "p50" : 0.122885589,
      "p75" : 0.17530224700000002,
      "p95" : 0.283901411,
      "p98" : 0.33737426600000003,
      "p99" : 0.36104405900000003,
      "p999" : 0.41548070400000003,
      "stddev" : 0.0702029623381939,
      "m15_rate" : 59.392663804028,
      "m1_rate" : 56.40902380170479,
      "m5_rate" : 59.84562986438866,
      "mean_rate" : 58.419660982184446,
      "duration_units" : "seconds",
      "rate_units" : "calls/second"
    },
    "eu.domibus.core.pmode.validation.validators.MessagePropertyValidator.validate.timer" : {
      "count" : 488953,
      "max" : 2.3802E-5,
      "mean" : 1.4470689853047876E-6,
      "min" : 5.01E-7,
      "p50" : 1.3E-6,
      "p75" : 1.6000000000000001E-6,
      "p95" : 2.2E-6,
      "p98" : 2.5E-6,
      "p99" : 3.001E-6,
      "p999" : 1.2501000000000001E-5,
      "stddev" : 1.1246039526698994E-6,
      "m15_rate" : 118.78710742431721,
      "m1_rate" : 114.15870376468371,
      "m5_rate" : 120.01030914371265,
      "mean_rate" : 116.80815328052384,
      "duration_units" : "seconds",
      "rate_units" : "calls/second"
    },
    "eu.domibus.core.replication.UIMessageDaoImpl.deleteMessages.deleteUIMessagesByMessageIds.timer" : {
      "count" : 258,
      "max" : 0.009789008,
      "mean" : 0.0024070283175258445,
      "min" : 8.60079E-4,
      "p50" : 0.002307514,
      "p75" : 0.00258384,
      "p95" : 0.0037322450000000004,
      "p98" : 0.0043270010000000005,
      "p99" : 0.0043270010000000005,
      "p999" : 0.0043270010000000005,
      "stddev" : 6.113726951524185E-4,
      "m15_rate" : 0.08262496121654553,
      "m1_rate" : 0.03831081015596325,
      "m5_rate" : 0.07988764707719155,
      "mean_rate" : 0.07244616991529478,
      "duration_units" : "seconds",
      "rate_units" : "calls/second"
    },
    "eu.domibus.core.util.SoapUtil.logMessage.timer" : {
      "count" : 244499,
      "max" : 1.0931000000000001E-4,
      "mean" : 1.0529217206334332E-6,
      "min" : 3.0000000000000004E-7,
      "p50" : 7.000000000000001E-7,
      "p75" : 9.000000000000001E-7,
      "p95" : 1.3E-6,
      "p98" : 1.5E-6,
      "p99" : 1.701E-6,
      "p999" : 1.0931000000000001E-4,
      "stddev" : 4.913262345998205E-6,
      "m15_rate" : 59.43316956723811,
      "m1_rate" : 57.86178013169836,
      "m5_rate" : 60.20890455593467,
      "mean_rate" : 58.40940593981129,
      "duration_units" : "seconds",
      "rate_units" : "calls/second"
    },
    "eu.domibus.plugin.jms.JMSPluginImpl.deliverMessage.timer" : {
      "count" : 244504,
      "max" : 0.458254669,
      "mean" : 0.14193014020981054,
      "min" : 0.009029437000000001,
      "p50" : 0.12552633300000002,
      "p75" : 0.17945033000000002,
      "p95" : 0.28397921800000003,
      "p98" : 0.33612505000000004,
      "p99" : 0.36291843300000004,
      "p999" : 0.458254669,
      "stddev" : 0.07262800703606795,
      "m15_rate" : 59.39155633698678,
      "m1_rate" : 56.39255853919531,
      "m5_rate" : 59.842036283924635,
      "mean_rate" : 58.41986981685563,
      "duration_units" : "seconds",
      "rate_units" : "calls/second"
    },
    "eu.domibus.plugin.jms.JMSPluginImpl.receiveMessage.timer" : {
      "count" : 244442,
      "max" : 0.9132761380000001,
      "mean" : 0.2526511829101864,
      "min" : 0.008686405000000001,
      "p50" : 0.250377603,
      "p75" : 0.302984179,
      "p95" : 0.45467803700000003,
      "p98" : 0.5395927070000001,
      "p99" : 0.6234853810000001,
      "p999" : 0.9132761380000001,
      "stddev" : 0.11754507689699946,
      "m15_rate" : 59.41849329606712,
      "m1_rate" : 56.67802298143977,
      "m5_rate" : 59.89976967932151,
      "mean_rate" : 58.91624869587727,
      "duration_units" : "seconds",
      "rate_units" : "calls/second"
    }
  }
}