{
  "version" : "4.0.0",
  "gauges" : { },
  "counters" : {
    "eu.domibus.core.ebms3.receiver.MSHWebservice.incoming_user_message.counter" : {
      "count" : 30
    },
    "eu.domibus.core.ebms3.receiver.handler.AbstractIncomingMessageHandler.processMessage.counter" : {
      "count" : 30
    },
    "eu.domibus.core.ebms3.receiver.handler.IncomingUserMessageHandler.around_handleNewUserMessage.counter.counter" : {
      "count" : 60
    },
    "eu.domibus.core.ebms3.sender.AbstractUserMessageSender.outgoing_user_message.counter" : {
      "count" : 1
    },
    "eu.domibus.core.ebms3.sender.MessageSenderListener.onMessage.counter" : {
      "count" : 5
    },
    "eu.domibus.core.ebms3.sender.MessageSenderService.sendUserMessage.counter" : {
      "count" : 5
    },
    "eu.domibus.core.ebms3.sender.client.MSHDispatcher.dispatch.counter" : {
      "count" : 1
    },
    "eu.domibus.core.error.ErrorLogDao.deleteMessages.deleteErrorLogsByMessageIdInError.counter" : {
      "count" : 0
    },
    "eu.domibus.core.message.MessageInfoDao.deleteMessages.counter" : {
      "count" : 0
    },
    "eu.domibus.core.message.MessageInfoDao.findSignalMessageIds.counter" : {
      "count" : 0
    },
    "eu.domibus.core.message.MessagingServiceImpl.storeMessage.counter" : {
      "count" : 0
    },
    "eu.domibus.core.message.UserMessageHandlerServiceImpl.handleNewUserMessage.counter" : {
      "count" : 6
    },
    "eu.domibus.core.message.UserMessageLogDao.deleteMessages.deleteMessageLogs.counter" : {
      "count" : 0
    },
    "eu.domibus.core.message.acknowledge.MessageAcknowledgementDao.deleteMessages.deleteMessageAcknowledgementsByMessageIds.counter" : {
      "count" : 0
    },
    "eu.domibus.core.message.attempt.MessageAttemptDao.deleteMessages.deleteAttemptsByMessageIds.counter" : {
      "count" : 0
    },
    "eu.domibus.core.message.pull.IncomingPullRequestHandler.incoming_pull_request.counter" : {
      "count" : 0
    },
    "eu.domibus.core.message.receipt.AS4ReceiptServiceImpl.generateReceipt.counter" : {
      "count" : 0
    },
    "eu.domibus.core.message.retention.MessageRetentionDefaultService.schedule_deleteExpiredMessages.counter" : {
      "count" : 0
    },
    "eu.domibus.core.message.retention.RetentionListener.onMessage.deleteMessages.counter" : {
      "count" : 0
    },
    "eu.domibus.core.message.signal.SignalMessageDao.deleteMessages.deleteReceipts.counter" : {
      "count" : 0
    },
    "eu.domibus.core.message.signal.SignalMessageLogDao.deleteMessages.deleteMessageLogs.counter" : {
      "count" : 0
    },
    "eu.domibus.core.plugin.handler.DatabaseMessageHandler.submit.counter" : {
      "count" : 9
    },
    "eu.domibus.core.plugin.notification.BackendNotificationService.notifyMessageReceived.counter" : {
      "count" : 6
    },
    "eu.domibus.core.plugin.notification.PluginAsyncNotificationListener.onMessage.counter" : {
      "count" : 10
    },
    "eu.domibus.core.pmode.validation.validators.MessagePropertyValidator.validate.counter" : {
      "count" : 0
    },
    "eu.domibus.core.replication.UIMessageDaoImpl.deleteMessages.deleteUIMessagesByMessageIds.counter" : {
      "count" : 0
    },
    "eu.domibus.core.util.SoapUtil.SoapUtil.counter" : {
      "count" : 0
    },
    "eu.domibus.plugin.jms.JMSPluginImpl.deliverMessage.counter" : {
      "count" : 10
    },
    "eu.domibus.plugin.jms.JMSPluginImpl.receiveMessage.counter" : {
      "count" : 21
    }
  },
  "histograms" : { },
  "meters" : { },
  "timers" : {
    "eu.domibus.core.ebms3.receiver.MSHWebservice.incoming_user_message.timer" : {
      "count" : 244955,
      "max" : 1.63176882,
      "mean" : 0.5349297578854327,
      "min" : 0.127472101,
      "p50" : 0.5195601440000001,
      "p75" : 0.613934875,
      "p95" : 0.8028429530000001,
      "p98" : 1.065033508,
      "p99" : 1.148962517,
      "p999" : 1.63176882,
      "stddev" : 0.17970762682071773,
      "m15_rate" : 58.51081191412934,
      "m1_rate" : 54.66537069714894,
      "m5_rate" : 57.58028175545542,
      "mean_rate" : 58.54158350924704,
      "duration_units" : "seconds",
      "rate_units" : "calls/second"
    },
    "eu.domibus.core.ebms3.receiver.handler.AbstractIncomingMessageHandler.processMessage.timer" : {
      "count" : 244950,
      "max" : 1.331659031,
      "mean" : 0.5384721286586144,
      "min" : 0.1132558,
      "p50" : 0.526341695,
      "p75" : 0.613001586,
      "p95" : 0.8916065270000001,
      "p98" : 1.0212228170000002,
      "p99" : 1.149197515,
      "p999" : 1.331659031,
      "stddev" : 0.18280937511876827,
      "m15_rate" : 58.50902303730874,
      "m1_rate" : 54.662728730469084,
      "m5_rate" : 57.579148853958166,
      "mean_rate" : 58.54042412441058,
      "duration_units" : "seconds",
      "rate_units" : "calls/second"
    },
    "eu.domibus.core.ebms3.receiver.handler.IncomingUserMessageHandler.around_handleNewUserMessage.timer.timer" : {
      "count" : 244920,
      "max" : 1.630114732,
      "mean" : 0.5237263192804871,
      "min" : 0.110025117,
      "p50" : 0.51054741,
      "p75" : 0.601139873,
      "p95" : 0.791451722,
      "p98" : 0.9877859510000001,
      "p99" : 1.2181822310000001,
      "p999" : 1.630114732,
      "stddev" : 0.17951991980596502,
      "m15_rate" : 58.49412780890597,
      "m1_rate" : 54.46161501872681,
      "m5_rate" : 57.537308622938255,
      "mean_rate" : 58.541638784770875,
      "duration_units" : "seconds",
      "rate_units" : "calls/second"
    },
    "eu.domibus.core.ebms3.sender.AbstractUserMessageSender.outgoing_user_message.timer" : {
      "count" : 245038,
      "max" : 0.203994266,
      "mean" : 0.06207416136748847,
      "min" : 0.042525899000000006,
      "p50" : 0.058468389,
      "p75" : 0.06390945,
      "p95" : 0.08281801700000001,
      "p98" : 0.12472812200000001,
      "p99" : 0.16611953200000001,
      "p999" : 0.203994266,
      "stddev" : 0.018102847773814098,
      "m15_rate" : 58.498201706984325,
      "m1_rate" : 53.63066334049206,
      "m5_rate" : 57.296693583417536,
      "mean_rate" : 59.057788972988384,
      "duration_units" : "seconds",
      "rate_units" : "calls/second"
    },
    "eu.domibus.core.ebms3.sender.MessageSenderListener.onMessage.timer" : {
      "count" : 245038,
      "max" : 0.5708813810000001,
      "mean" : 0.09516385058120456,
      "min" : 0.046964569000000005,
      "p50" : 0.070567103,
      "p75" : 0.106955147,
      "p95" : 0.202242776,
      "p98" : 0.262039956,
      "p99" : 0.30623674500000003,
      "p999" : 0.5708813810000001,
      "stddev" : 0.056805103887379305,
      "m15_rate" : 58.49796486802246,
      "m1_rate" : 53.628605935657724,
      "m5_rate" : 57.29605967666171,
      "mean_rate" : 59.057004634443025,
      "duration_units" : "seconds",
      "rate_units" : "calls/second"
    },
    "eu.domibus.core.ebms3.sender.MessageSenderService.sendUserMessage.timer" : {
      "count" : 245038,
      "max" : 0.528784075,
      "mean" : 0.09121447738445504,
      "min" : 0.044509087,
      "p50" : 0.069222113,
      "p75" : 0.09889220400000001,
      "p95" : 0.19371733600000002,
      "p98" : 0.251580331,
      "p99" : 0.27481176700000004,
      "p999" : 0.44925443400000004,
      "stddev" : 0.051646921638397944,
      "m15_rate" : 58.49697358840785,
      "m1_rate" : 53.623545224258976,
      "m5_rate" : 57.293501272659235,
      "mean_rate" : 59.05723422863775,
      "duration_units" : "seconds",
      "rate_units" : "calls/second"
    },
    "eu.domibus.core.ebms3.sender.client.MSHDispatcher.dispatch.timer" : {
      "count" : 245038,
      "max" : 0.297312707,
      "mean" : 0.05062788240584327,
      "min" : 0.033231966,
      "p50" : 0.047202868,
      "p75" : 0.052863027,
      "p95" : 0.070648403,
      "p98" : 0.09563972600000001,
      "p99" : 0.153907118,
      "p999" : 0.297312707,
      "stddev" : 0.01724893189809562,
      "m15_rate" : 58.49154370853743,
      "m1_rate" : 53.53603462952552,
      "m5_rate" : 57.27727058487019,
      "mean_rate" : 59.06103184064861,
      "duration_units" : "seconds",
      "rate_units" : "calls/second"
    },
    "eu.domibus.core.error.ErrorLogDao.deleteMessages.deleteErrorLogsByMessageIdInError.timer" : {
      "count" : 72,
      "max" : 0.014922433,
      "mean" : 0.003444432101032961,
      "min" : 0.0021022890000000002,
      "p50" : 0.003508375,
      "p75" : 0.003748874,
      "p95" : 0.004981664,
      "p98" : 0.005035464,
      "p99" : 0.0061305560000000005,
      "p999" : 0.0061305560000000005,
      "stddev" : 6.402800605368135E-4,
      "m15_rate" : 0.07811827206901928,
      "m1_rate" : 0.0022792375125341518,
      "m5_rate" : 0.02179615647138779,
      "mean_rate" : 0.023843905811946085,
      "duration_units" : "seconds",
      "rate_units" : "calls/second"
    },
    "eu.domibus.core.message.MessageInfoDao.deleteMessages.timer" : {
      "count" : 144,
      "max" : 3.2207716320000004,
      "mean" : 0.8418963840471986,
      "min" : 0.127043337,
      "p50" : 0.465494297,
      "p75" : 1.103686969,
      "p95" : 2.977991374,
      "p98" : 2.977991374,
      "p99" : 2.977991374,
      "p999" : 2.977991374,
      "stddev" : 0.7124427379721047,
      "m15_rate" : 0.15539662197784346,
      "m1_rate" : 0.004233646773635195,
      "m5_rate" : 0.04293582956220645,
      "mean_rate" : 0.0476583262181252,
      "duration_units" : "seconds",
      "rate_units" : "calls/second"
    },
    "eu.domibus.core.message.MessageInfoDao.findSignalMessageIds.timer" : {
      "count" : 72,
      "max" : 0.5832753740000001,
      "mean" : 0.12526309495218999,
      "min" : 0.07371184600000001,
      "p50" : 0.119239149,
      "p75" : 0.14225258500000001,
      "p95" : 0.20766082700000002,
      "p98" : 0.20766082700000002,
      "p99" : 0.31666564,
      "p999" : 0.31666564,
      "stddev" : 0.04610178498918934,
      "m15_rate" : 0.07768008773217393,
      "m1_rate" : 0.0020744945540251557,
      "m5_rate" : 0.02140073195644512,
      "mean_rate" : 0.02382694002818738,
      "duration_units" : "seconds",
      "rate_units" : "calls/second"
    },
    "eu.domibus.core.message.MessagingServiceImpl.storeMessage.timer" : {
      "count" : 490054,
      "max" : 0.134462954,
      "mean" : 0.007882569379112624,
      "min" : 0.0034224760000000003,
      "p50" : 0.005900959000000001,
      "p75" : 0.007735045,
      "p95" : 0.014299799,
      "p98" : 0.017547577,
      "p99" : 0.021125151,
      "p999" : 0.134462954,
      "stddev" : 0.010235264417092977,
      "m15_rate" : 116.94660880935085,
      "m1_rate" : 108.2497909699103,
      "m5_rate" : 114.88731880289842,
      "mean_rate" : 117.1351692365824,
      "duration_units" : "seconds",
      "rate_units" : "calls/second"
    },
    "eu.domibus.core.message.UserMessageHandlerServiceImpl.handleNewUserMessage.timer" : {
      "count" : 244974,
      "max" : 0.44887654200000005,
      "mean" : 0.15412509081888617,
      "min" : 0.024981424000000002,
      "p50" : 0.14810335700000002,
      "p75" : 0.191401653,
      "p95" : 0.27406257300000003,
      "p98" : 0.34303398700000004,
      "p99" : 0.40236857000000004,
      "p999" : 0.44887654200000005,
      "stddev" : 0.07425289967156175,
      "m15_rate" : 58.50126661706145,
      "m1_rate" : 54.48581559512837,
      "m5_rate" : 57.54956819568826,
      "mean_rate" : 58.554526302182836,
      "duration_units" : "seconds",
      "rate_units" : "calls/second"
    },
    "eu.domibus.core.message.UserMessageLogDao.deleteMessages.deleteMessageLogs.timer" : {
      "count" : 72,
      "max" : 0.20956110500000003,
      "mean" : 0.10417370424610511,
      "min" : 0.046302247000000005,
      "p50" : 0.096090618,
      "p75" : 0.132960457,
      "p95" : 0.14726345500000002,
      "p98" : 0.14726345500000002,
      "p99" : 0.14726345500000002,
      "p999" : 0.14726345500000002,
      "stddev" : 0.03179832646785843,
      "m15_rate" : 0.07811827206901928,
      "m1_rate" : 0.0022792375125341518,
      "m5_rate" : 0.02179615647138779,
      "mean_rate" : 0.02384207728087566,
      "duration_units" : "seconds",
      "rate_units" : "calls/second"
    },
    "eu.domibus.core.message.acknowledge.MessageAcknowledgementDao.deleteMessages.deleteMessageAcknowledgementsByMessageIds.timer" : {
      "count" : 72,
      "max" : 0.022106401,
      "mean" : 0.003308729778848873,
      "min" : 0.0020215840000000003,
      "p50" : 0.002962779,
      "p75" : 0.003685774,
      "p95" : 0.005386862,
      "p98" : 0.005386862,
      "p99" : 0.005386862,
      "p999" : 0.005386862,
      "stddev" : 9.583629382666525E-4,
      "m15_rate" : 0.07811827206901928,
      "m1_rate" : 0.0022792375125341518,
      "m5_rate" : 0.02179615647138779,
      "mean_rate" : 0.023844210439385168,
      "duration_units" : "seconds",
      "rate_units" : "calls/second"
    },
    "eu.domibus.core.message.attempt.MessageAttemptDao.deleteMessages.deleteAttemptsByMessageIds.timer" : {
      "count" : 72,
      "max" : 0.016787625,
      "mean" : 0.0033872730982576244,
      "min" : 0.002407283,
      "p50" : 0.003096278,
      "p75" : 0.003757574,
      "p95" : 0.005060164000000001,
      "p98" : 0.005334862,
      "p99" : 0.005914258,
      "p999" : 0.005914258,
      "stddev" : 8.052611083070174E-4,
      "m15_rate" : 0.07811827206901928,
      "m1_rate" : 0.0022792375125341518,
      "m5_rate" : 0.02179615647138779,
      "mean_rate" : 0.023843765352101465,
      "duration_units" : "seconds",
      "rate_units" : "calls/second"
    },
    "eu.domibus.core.message.pull.IncomingPullRequestHandler.incoming_pull_request.timer" : {
      "count" : 5,
      "max" : 0.149561412,
      "mean" : 0.08450584117088691,
      "min" : 0.010796407000000001,
      "p50" : 0.10678628100000001,
      "p75" : 0.148605321,
      "p95" : 0.149561412,
      "p98" : 0.149561412,
      "p99" : 0.149561412,
      "p999" : 0.149561412,
      "stddev" : 0.06280453752499261,
      "m15_rate" : 0.19855946207372493,
      "m1_rate" : 2.940077739284515E-11,
      "m5_rate" : 0.007828377549225763,
      "mean_rate" : 0.0034217188143059094,
      "duration_units" : "seconds",
      "rate_units" : "calls/second"
    },
    "eu.domibus.core.message.receipt.AS4ReceiptServiceImpl.generateReceipt.timer" : {
      "count" : 244962,
      "max" : 0.22458332,
      "mean" : 0.02995366597702683,
      "min" : 0.016966981000000003,
      "p50" : 0.027360707,
      "p75" : 0.03281537,
      "p95" : 0.048325160000000006,
      "p98" : 0.053761321,
      "p99" : 0.06280645800000001,
      "p999" : 0.22458332,
      "stddev" : 0.012353846692998004,
      "m15_rate" : 58.50890404870226,
      "m1_rate" : 54.57460297040849,
      "m5_rate" : 57.565776045844686,
      "mean_rate" : 58.55434163615029,
      "duration_units" : "seconds",
      "rate_units" : "calls/second"
    },
    "eu.domibus.core.message.retention.MessageRetentionDefaultService.schedule_deleteExpiredMessages.timer" : {
      "count" : 15,
      "max" : 8.99341721,
      "mean" : 6.575091837169778,
      "min" : 0.22445804700000002,
      "p50" : 6.156770514000001,
      "p75" : 6.156770514000001,
      "p95" : 8.99341721,
      "p98" : 8.99341721,
      "p99" : 8.99341721,
      "p999" : 8.99341721,
      "stddev" : 1.0057989186725345,
      "m15_rate" : 0.0035162120792731704,
      "m1_rate" : 2.814824584905635E-4,
      "m5_rate" : 0.0027081512571770464,
      "mean_rate" : 0.0029625569360097414,
      "duration_units" : "seconds",
      "rate_units" : "calls/second"
    },
    "eu.domibus.core.message.retention.RetentionListener.onMessage.deleteMessages.timer" : {
      "count" : 72,
      "max" : 5.641026311,
      "mean" : 2.902319519629238,
      "min" : 1.544505672,
      "p50" : 2.8486891880000003,
      "p75" : 3.4288947270000003,
      "p95" : 5.227459717,
      "p98" : 5.227459717,
      "p99" : 5.227459717,
      "p999" : 5.227459717,
      "stddev" : 1.0949702744419603,
      "m15_rate" : 0.07772717288694929,
      "m1_rate" : 0.0021618352889752846,
      "m5_rate" : 0.02155454768665966,
      "mean_rate" : 0.023826693315981397,
      "duration_units" : "seconds",
      "rate_units" : "calls/second"
    },
    "eu.domibus.core.message.signal.SignalMessageDao.deleteMessages.deleteReceipts.timer" : {
      "count" : 72,
      "max" : 1.861955083,
      "mean" : 0.7824106951358392,
      "min" : 0.1548962,
      "p50" : 0.820608478,
      "p75" : 1.326463289,
      "p95" : 1.4421904700000001,
      "p98" : 1.691005832,
      "p99" : 1.8089298900000002,
      "p999" : 1.8089298900000002,
      "stddev" : 0.5248343334428099,
      "m15_rate" : 0.07768655764958426,
      "m1_rate" : 0.002096999743026208,
      "m5_rate" : 0.02143618922818759,
      "mean_rate" : 0.023839891286164698,
      "duration_units" : "seconds",
      "rate_units" : "calls/second"
    },
    "eu.domibus.core.message.signal.SignalMessageLogDao.deleteMessages.deleteMessageLogs.timer" : {
      "count" : 72,
      "max" : 0.268937464,
      "mean" : 0.08811101813421945,
      "min" : 0.040056338000000004,
      "p50" : 0.08063502800000001,
      "p75" : 0.10106688300000001,
      "p95" : 0.160041165,
      "p98" : 0.160041165,
      "p99" : 0.160041165,
      "p999" : 0.160041165,
      "stddev" : 0.03201694331076477,
      "m15_rate" : 0.07811827206901928,
      "m1_rate" : 0.0022792375125341518,
      "m5_rate" : 0.02179615647138779,
      "mean_rate" : 0.02384311403804087,
      "duration_units" : "seconds",
      "rate_units" : "calls/second"
    },
    "eu.domibus.core.plugin.handler.DatabaseMessageHandler.submit.timer" : {
      "count" : 245084,
      "max" : 0.801462662,
      "mean" : 0.14819280470974142,
      "min" : 0.009022336,
      "p50" : 0.126689509,
      "p75" : 0.18938706700000002,
      "p95" : 0.298503701,
      "p98" : 0.38238601,
      "p99" : 0.404801153,
      "p999" : 0.801462662,
      "stddev" : 0.08694145228727664,
      "m15_rate" : 58.50127994895328,
      "m1_rate" : 53.57931154201099,
      "m5_rate" : 57.29962291889994,
      "mean_rate" : 59.06359811982533,
      "duration_units" : "seconds",
      "rate_units" : "calls/second"
    },
    "eu.domibus.core.plugin.notification.BackendNotificationService.notifyMessageReceived.timer" : {
      "count" : 244962,
      "max" : 0.409633318,
      "mean" : 0.10023695418348749,
      "min" : 4.7039600000000004E-4,
      "p50" : 0.099931396,
      "p75" : 0.132473969,
      "p95" : 0.20163118100000002,
      "p98" : 0.286967581,
      "p99" : 0.31106331200000004,
      "p999" : 0.409633318,
      "stddev" : 0.06332148497277929,
      "m15_rate" : 58.503992505234365,
      "m1_rate" : 54.541985908108614,
      "m5_rate" : 57.562304619600546,
      "mean_rate" : 58.55295666713661,
      "duration_units" : "seconds",
      "rate_units" : "calls/second"
    },
    "eu.domibus.core.plugin.notification.PluginAsyncNotificationListener.onMessage.timer" : {
      "count" : 245135,
      "max" : 0.6089275160000001,
      "mean" : 0.15514958300310272,
      "min" : 0.009371334,
      "p50" : 0.138832923,
      "p75" : 0.201863279,
      "p95" : 0.296607314,
      "p98" : 0.345804267,
      "p99" : 0.407659733,
      "p999" : 0.6089275160000001,
      "stddev" : 0.08261836371132851,
      "m15_rate" : 58.50484377228229,
      "m1_rate" : 53.92921297385666,
      "m5_rate" : 57.388493203903856,
      "mean_rate" : 58.60172954058362,
      "duration_units" : "seconds",
      "rate_units" : "calls/second"
    },
    "eu.domibus.core.pmode.validation.validators.MessagePropertyValidator.validate.timer" : {
      "count" : 490054,
      "max" : 6.86E-5,
      "mean" : 1.5110719407160237E-6,
      "min" : 5.000000000000001E-7,
      "p50" : 1.2000000000000002E-6,
      "p75" : 1.5E-6,
      "p95" : 2.6E-6,
      "p98" : 3.0E-6,
      "p99" : 3.3E-6,
      "p999" : 4.2399000000000005E-5,
      "stddev" : 2.0373646555912307E-6,
      "m15_rate" : 116.94699282214656,
      "m1_rate" : 108.25413193916441,
      "m5_rate" : 114.88910960104937,
      "mean_rate" : 117.13475626721132,
      "duration_units" : "seconds",
      "rate_units" : "calls/second"
    },
    "eu.domibus.core.replication.UIMessageDaoImpl.deleteMessages.deleteUIMessagesByMessageIds.timer" : {
      "count" : 144,
      "max" : 0.018841515,
      "mean" : 0.0029901095320304387,
      "min" : 0.0017871900000000001,
      "p50" : 0.002641581,
      "p75" : 0.003402576,
      "p95" : 0.005564961,
      "p98" : 0.005564961,
      "p99" : 0.005564961,
      "p999" : 0.007601046,
      "stddev" : 9.324086544510145E-4,
      "m15_rate" : 0.15623654413803856,
      "m1_rate" : 0.0045584750250683035,
      "m5_rate" : 0.04359231294277558,
      "mean_rate" : 0.04768801076168814,
      "duration_units" : "seconds",
      "rate_units" : "calls/second"
    },
    "eu.domibus.core.util.SoapUtil.logMessage.timer" : {
      "count" : 244968,
      "max" : 3.5300000000000004E-5,
      "mean" : 9.307412686939216E-7,
      "min" : 3.0000000000000004E-7,
      "p50" : 7.000000000000001E-7,
      "p75" : 9.000000000000001E-7,
      "p95" : 1.5E-6,
      "p98" : 1.7E-6,
      "p99" : 1.8000000000000001E-6,
      "p999" : 3.5300000000000004E-5,
      "stddev" : 1.654928856043571E-6,
      "m15_rate" : 58.50513877975994,
      "m1_rate" : 54.54215620216491,
      "m5_rate" : 57.566092612803324,
      "mean_rate" : 58.553153398726714,
      "duration_units" : "seconds",
      "rate_units" : "calls/second"
    },
    "eu.domibus.plugin.jms.JMSPluginImpl.deliverMessage.timer" : {
      "count" : 245135,
      "max" : 0.608316021,
      "mean" : 0.15549877069090295,
      "min" : 0.009397534,
      "p50" : 0.13913212,
      "p75" : 0.201598881,
      "p95" : 0.301000984,
      "p98" : 0.383721902,
      "p99" : 0.411140908,
      "p999" : 0.608316021,
      "stddev" : 0.08578979753701488,
      "m15_rate" : 58.50371905838112,
      "m1_rate" : 53.9145307541708,
      "m5_rate" : 57.38475594046663,
      "mean_rate" : 58.60191591626211,
      "duration_units" : "seconds",
      "rate_units" : "calls/second"
    },
    "eu.domibus.plugin.jms.JMSPluginImpl.receiveMessage.timer" : {
      "count" : 245072,
      "max" : 0.801933958,
      "mean" : 0.25726383359725363,
      "min" : 0.010506225000000001,
      "p50" : 0.251108434,
      "p75" : 0.31594747700000003,
      "p95" : 0.47610975200000005,
      "p98" : 0.516986163,
      "p99" : 0.575505652,
      "p999" : 0.801933958,
      "stddev" : 0.11534382449344882,
      "m15_rate" : 58.503634978767735,
      "m1_rate" : 53.62669753479448,
      "m5_rate" : 57.307145959736886,
      "mean_rate" : 59.05985890481455,
      "duration_units" : "seconds",
      "rate_units" : "calls/second"
    }
  }
}