{
  "version" : "4.0.0",
  "gauges" : { },
  "counters" : {
    "eu.domibus.core.ebms3.receiver.MSHWebservice.incoming_user_message.counter" : {
      "count" : 30
    },
    "eu.domibus.core.ebms3.receiver.handler.AbstractIncomingMessageHandler.processMessage.counter" : {
      "count" : 30
    },
    "eu.domibus.core.ebms3.receiver.handler.IncomingUserMessageHandler.around_handleNewUserMessage.counter.counter" : {
      "count" : 60
    },
    "eu.domibus.core.ebms3.sender.AbstractUserMessageSender.outgoing_user_message.counter" : {
      "count" : 8
    },
    "eu.domibus.core.ebms3.sender.MessageSenderListener.onMessage.counter" : {
      "count" : 8
    },
    "eu.domibus.core.ebms3.sender.MessageSenderService.sendUserMessage.counter" : {
      "count" : 8
    },
    "eu.domibus.core.ebms3.sender.client.MSHDispatcher.dispatch.counter" : {
      "count" : 8
    },
    "eu.domibus.core.error.ErrorLogDao.deleteMessages.deleteErrorLogsByMessageIdInError.counter" : {
      "count" : 0
    },
    "eu.domibus.core.message.MessageInfoDao.deleteMessages.counter" : {
      "count" : 0
    },
    "eu.domibus.core.message.MessageInfoDao.findSignalMessageIds.counter" : {
      "count" : 0
    },
    "eu.domibus.core.message.MessagingServiceImpl.storeMessage.counter" : {
      "count" : 0
    },
    "eu.domibus.core.message.UserMessageHandlerServiceImpl.handleNewUserMessage.counter" : {
      "count" : 7
    },
    "eu.domibus.core.message.UserMessageLogDao.deleteMessages.deleteMessageLogs.counter" : {
      "count" : 0
    },
    "eu.domibus.core.message.acknowledge.MessageAcknowledgementDao.deleteMessages.deleteMessageAcknowledgementsByMessageIds.counter" : {
      "count" : 0
    },
    "eu.domibus.core.message.attempt.MessageAttemptDao.deleteMessages.deleteAttemptsByMessageIds.counter" : {
      "count" : 0
    },
    "eu.domibus.core.message.pull.IncomingPullRequestHandler.incoming_pull_request.counter" : {
      "count" : 0
    },
    "eu.domibus.core.message.receipt.AS4ReceiptServiceImpl.generateReceipt.counter" : {
      "count" : 1
    },
    "eu.domibus.core.message.retention.MessageRetentionDefaultService.schedule_deleteExpiredMessages.counter" : {
      "count" : 0
    },
    "eu.domibus.core.message.retention.RetentionListener.onMessage.deleteMessages.counter" : {
      "count" : 0
    },
    "eu.domibus.core.message.signal.SignalMessageDao.deleteMessages.deleteReceipts.counter" : {
      "count" : 0
    },
    "eu.domibus.core.message.signal.SignalMessageLogDao.deleteMessages.deleteMessageLogs.counter" : {
      "count" : 0
    },
    "eu.domibus.core.plugin.handler.DatabaseMessageHandler.submit.counter" : {
      "count" : 5
    },
    "eu.domibus.core.plugin.notification.BackendNotificationService.notifyMessageReceived.counter" : {
      "count" : 6
    },
    "eu.domibus.core.plugin.notification.PluginAsyncNotificationListener.onMessage.counter" : {
      "count" : 3
    },
    "eu.domibus.core.pmode.validation.validators.MessagePropertyValidator.validate.counter" : {
      "count" : 0
    },
    "eu.domibus.core.replication.UIMessageDaoImpl.deleteMessages.deleteUIMessagesByMessageIds.counter" : {
      "count" : 0
    },
    "eu.domibus.core.util.SoapUtil.SoapUtil.counter" : {
      "count" : 0
    },
    "eu.domibus.plugin.jms.JMSPluginImpl.deliverMessage.counter" : {
      "count" : 3
    },
    "eu.domibus.plugin.jms.JMSPluginImpl.receiveMessage.counter" : {
      "count" : 14
    }
  },
  "histograms" : { },
  "meters" : { },
  "timers" : {
    "eu.domibus.core.ebms3.receiver.MSHWebservice.incoming_user_message.timer" : {
      "count" : 245920,
      "max" : 1.246951235,
      "mean" : 0.514254646736506,
      "min" : 0.117813633,
      "p50" : 0.5140099920000001,
      "p75" : 0.585947329,
      "p95" : 0.7620059220000001,
      "p98" : 0.962214628,
      "p99" : 1.026711167,
      "p999" : 1.246951235,
      "stddev" : 0.15507842208009823,
      "m15_rate" : 59.981694644581914,
      "m1_rate" : 55.91612320494328,
      "m5_rate" : 59.560789780942486,
      "mean_rate" : 48.588181670973796,
      "duration_units" : "seconds",
      "rate_units" : "calls/second"
    },
    "eu.domibus.core.ebms3.receiver.handler.AbstractIncomingMessageHandler.processMessage.timer" : {
      "count" : 245914,
      "max" : 1.329274907,
      "mean" : 0.518443721510551,
      "min" : 0.126498846,
      "p50" : 0.507751211,
      "p75" : 0.587896955,
      "p95" : 0.7556757390000001,
      "p98" : 1.014840513,
      "p99" : 1.16364435,
      "p999" : 1.329274907,
      "stddev" : 0.1712281658677157,
      "m15_rate" : 60.011395290596035,
      "m1_rate" : 55.89362005676653,
      "m5_rate" : 59.54925543785735,
      "mean_rate" : 58.756307954339526,
      "duration_units" : "seconds",
      "rate_units" : "calls/second"
    },
    "eu.domibus.core.ebms3.receiver.handler.IncomingUserMessageHandler.around_handleNewUserMessage.timer.timer" : {
      "count" : 245884,
      "max" : 1.328003491,
      "mean" : 0.5177435893607327,
      "min" : 0.12302800200000001,
      "p50" : 0.5028105460000001,
      "p75" : 0.590874094,
      "p95" : 0.8016791360000001,
      "p98" : 1.013150091,
      "p99" : 1.0224533120000001,
      "p999" : 1.328003491,
      "stddev" : 0.17033057682459896,
      "m15_rate" : 60.00639555977643,
      "m1_rate" : 55.87403003274683,
      "m5_rate" : 59.543872244415816,
      "mean_rate" : 58.74948907479264,
      "duration_units" : "seconds",
      "rate_units" : "calls/second"
    },
    "eu.domibus.core.ebms3.sender.AbstractUserMessageSender.outgoing_user_message.timer" : {
      "count" : 245194,
      "max" : 0.20354755000000002,
      "mean" : 0.0599635728966254,
      "min" : 0.040826631,
      "p50" : 0.054743313,
      "p75" : 0.060515588,
      "p95" : 0.08893265800000001,
      "p98" : 0.15203798000000002,
      "p99" : 0.178553225,
      "p999" : 0.20354755000000002,
      "stddev" : 0.022161694480848898,
      "m15_rate" : 59.888166514486656,
      "m1_rate" : 55.28230235322541,
      "m5_rate" : 59.35662150262394,
      "mean_rate" : 59.10254989564368,
      "duration_units" : "seconds",
      "rate_units" : "calls/second"
    },
    "eu.domibus.core.ebms3.sender.MessageSenderListener.onMessage.timer" : {
      "count" : 245194,
      "max" : 0.31893285200000004,
      "mean" : 0.08599239229662381,
      "min" : 0.045323890000000006,
      "p50" : 0.06438323800000001,
      "p75" : 0.09754437,
      "p95" : 0.19188459800000002,
      "p98" : 0.213646682,
      "p99" : 0.23965312000000003,
      "p999" : 0.31893285200000004,
      "stddev" : 0.04661002520061394,
      "m15_rate" : 59.89191241891353,
      "m1_rate" : 55.33792784659909,
      "m5_rate" : 59.36887500323119,
      "mean_rate" : 59.10080866414564,
      "duration_units" : "seconds",
      "rate_units" : "calls/second"
    },
    "eu.domibus.core.ebms3.sender.MessageSenderService.sendUserMessage.timer" : {
      "count" : 245194,
      "max" : 0.32422832100000004,
      "mean" : 0.08597517285250245,
      "min" : 0.04524939,
      "p50" : 0.063614928,
      "p75" : 0.09653315700000001,
      "p95" : 0.18698573400000001,
      "p98" : 0.22486862800000001,
      "p99" : 0.24575950000000002,
      "p999" : 0.32422832100000004,
      "stddev" : 0.04760683907043269,
      "m15_rate" : 59.89041508776026,
      "m1_rate" : 55.31458942926076,
      "m5_rate" : 59.36391856118745,
      "mean_rate" : 59.10112183672772,
      "duration_units" : "seconds",
      "rate_units" : "calls/second"
    },
    "eu.domibus.core.ebms3.sender.client.MSHDispatcher.dispatch.timer" : {
      "count" : 245194,
      "max" : 0.195320543,
      "mean" : 0.050768473026807086,
      "min" : 0.033306634,
      "p50" : 0.046639607,
      "p75" : 0.051920776,
      "p95" : 0.072702247,
      "p98" : 0.12098077500000001,
      "p99" : 0.17018571600000001,
      "p999" : 0.195320543,
      "stddev" : 0.01911692235981465,
      "m15_rate" : 59.88680307766769,
      "m1_rate" : 55.253623059605935,
      "m5_rate" : 59.35266231965307,
      "mean_rate" : 59.10471947511172,
      "duration_units" : "seconds",
      "rate_units" : "calls/second"
    },
    "eu.domibus.core.error.ErrorLogDao.deleteMessages.deleteErrorLogsByMessageIdInError.timer" : {
      "count" : 72,
      "max" : 0.014011987,
      "mean" : 0.0034556957629500802,
      "min" : 0.002016627,
      "p50" : 0.003359644,
      "p75" : 0.0037009480000000003,
      "p95" : 0.004264955,
      "p98" : 0.005081866,
      "p99" : 0.005081866,
      "p999" : 0.005081866,
      "stddev" : 4.909158715528681E-4,
      "m15_rate" : 0.08497808197499992,
      "m1_rate" : 5.008577208449788E-5,
      "m5_rate" : 0.010061789288278044,
      "mean_rate" : 0.02535516887246944,
      "duration_units" : "seconds",
      "rate_units" : "calls/second"
    },
    "eu.domibus.core.message.MessageInfoDao.deleteMessages.timer" : {
      "count" : 144,
      "max" : 1.349967211,
      "mean" : 0.6660902693426077,
      "min" : 0.135606679,
      "p50" : 0.453628699,
      "p75" : 1.076422996,
      "p95" : 1.178819124,
      "p98" : 1.25438471,
      "p99" : 1.25438471,
      "p999" : 1.25438471,
      "stddev" : 0.41498574478301203,
      "m15_rate" : 0.16904947829797312,
      "m1_rate" : 9.388167997578287E-5,
      "m5_rate" : 0.01985486950370806,
      "mean_rate" : 0.05067726827783129,
      "duration_units" : "seconds",
      "rate_units" : "calls/second"
    },
    "eu.domibus.core.message.MessageInfoDao.findSignalMessageIds.timer" : {
      "count" : 72,
      "max" : 0.39905192700000003,
      "mean" : 0.14293418142265496,
      "min" : 0.086860029,
      "p50" : 0.135877867,
      "p75" : 0.187959644,
      "p95" : 0.24027582400000003,
      "p98" : 0.24027582400000003,
      "p99" : 0.24027582400000003,
      "p999" : 0.24027582400000003,
      "stddev" : 0.05123925319549547,
      "m15_rate" : 0.08450521781051364,
      "m1_rate" : 4.571806646989228E-5,
      "m5_rate" : 0.00988559223035262,
      "mean_rate" : 0.025336413886350367,
      "duration_units" : "seconds",
      "rate_units" : "calls/second"
    },
    "eu.domibus.core.message.MessagingServiceImpl.storeMessage.timer" : {
      "count" : 491179,
      "max" : 0.195354943,
      "mean" : 0.006355521768630904,
      "min" : 0.00306054,
      "p50" : 0.005074466000000001,
      "p75" : 0.006402983,
      "p95" : 0.010469236,
      "p98" : 0.013629278000000002,
      "p99" : 0.015545502000000001,
      "p999" : 0.195354943,
      "stddev" : 0.00957520751766517,
      "m15_rate" : 119.80007576460306,
      "m1_rate" : 110.76870030066374,
      "m5_rate" : 118.80736536299916,
      "mean_rate" : 117.35868873377613,
      "duration_units" : "seconds",
      "rate_units" : "calls/second"
    },
    "eu.domibus.core.message.UserMessageHandlerServiceImpl.handleNewUserMessage.timer" : {
      "count" : 245937,
      "max" : 0.43789360200000005,
      "mean" : 0.1402862691159466,
      "min" : 0.023170302,
      "p50" : 0.13974252,
      "p75" : 0.17349915900000001,
      "p95" : 0.266696673,
      "p98" : 0.312432368,
      "p99" : 0.357045249,
      "p999" : 0.43789360200000005,
      "stddev" : 0.06988704427134934,
      "m15_rate" : 60.00965611721439,
      "m1_rate" : 55.84528535398772,
      "m5_rate" : 59.54419690731835,
      "mean_rate" : 58.76213025303714,
      "duration_units" : "seconds",
      "rate_units" : "calls/second"
    },
    "eu.domibus.core.message.UserMessageLogDao.deleteMessages.deleteMessageLogs.timer" : {
      "count" : 72,
      "max" : 0.17933796400000002,
      "mean" : 0.0742920339749443,
      "min" : 0.051570376,
      "p50" : 0.075921087,
      "p75" : 0.081274856,
      "p95" : 0.090948582,
      "p98" : 0.090948582,
      "p99" : 0.090948582,
      "p999" : 0.090948582,
      "stddev" : 0.010940126609419839,
      "m15_rate" : 0.08497957902252093,
      "m1_rate" : 5.008577290515376E-5,
      "m5_rate" : 0.010062581764061518,
      "mean_rate" : 0.025353607819526922,
      "duration_units" : "seconds",
      "rate_units" : "calls/second"
    },
    "eu.domibus.core.message.acknowledge.MessageAcknowledgementDao.deleteMessages.deleteMessageAcknowledgementsByMessageIds.timer" : {
      "count" : 72,
      "max" : 0.012557867,
      "mean" : 0.0029497319436435653,
      "min" : 0.0019223250000000001,
      "p50" : 0.0032042420000000004,
      "p75" : 0.003315943,
      "p95" : 0.0036398470000000003,
      "p98" : 0.004024052,
      "p99" : 0.004024052,
      "p999" : 0.004024052,
      "stddev" : 5.540962516004432E-4,
      "m15_rate" : 0.08497740930818803,
      "m1_rate" : 5.0085772084492815E-5,
      "m5_rate" : 0.010061717396496942,
      "mean_rate" : 0.02535552584481496,
      "duration_units" : "seconds",
      "rate_units" : "calls/second"
    },
    "eu.domibus.core.message.attempt.MessageAttemptDao.deleteMessages.deleteAttemptsByMessageIds.timer" : {
      "count" : 72,
      "max" : 0.018284944,
      "mean" : 0.0034392135285265775,
      "min" : 0.002432932,
      "p50" : 0.0035765470000000002,
      "p75" : 0.003991952,
      "p95" : 0.004374557,
      "p98" : 0.004888564000000001,
      "p99" : 0.004888564000000001,
      "p999" : 0.004888564000000001,
      "stddev" : 6.497556698820716E-4,
      "m15_rate" : 0.08497808197499992,
      "m1_rate" : 5.008577208449788E-5,
      "m5_rate" : 0.010061789288278044,
      "mean_rate" : 0.025354997914046842,
      "duration_units" : "seconds",
      "rate_units" : "calls/second"
    },
    "eu.domibus.core.message.pull.IncomingPullRequestHandler.incoming_pull_request.timer" : {
      "count" : 6,
      "max" : 0.48937461000000004,
      "mean" : 0.029669991039223322,
      "min" : 0.010040529000000001,
      "p50" : 0.010642337,
      "p75" : 0.014125481,
      "p95" : 0.086060706,
      "p98" : 0.086060706,
      "p99" : 0.086060706,
      "p999" : 0.086060706,
      "stddev" : 0.03195062262596501,
      "m15_rate" : 0.0023347370420769425,
      "m1_rate" : 1.880605093438317E-12,
      "m5_rate" : 1.0353259954497074E-4,
      "mean_rate" : 0.0011854635535202109,
      "duration_units" : "seconds",
      "rate_units" : "calls/second"
    },
    "eu.domibus.core.message.receipt.AS4ReceiptServiceImpl.generateReceipt.timer" : {
      "count" : 245924,
      "max" : 0.21464089400000003,
      "mean" : 0.029095846386613604,
      "min" : 0.015345199,
      "p50" : 0.025976438,
      "p75" : 0.032361021000000004,
      "p95" : 0.047382617,
      "p98" : 0.053083591000000006,
      "p99" : 0.07492657500000001,
      "p999" : 0.21464089400000003,
      "stddev" : 0.01389472714210703,
      "m15_rate" : 60.01453963897851,
      "m1_rate" : 55.8986802867507,
      "m5_rate" : 59.55692359606432,
      "mean_rate" : 58.76134070468696,
      "duration_units" : "seconds",
      "rate_units" : "calls/second"
    },
    "eu.domibus.core.message.retention.MessageRetentionDefaultService.schedule_deleteExpiredMessages.timer" : {
      "count" : 12,
      "max" : 8.5359107,
      "mean" : 7.713260540013697,
      "min" : 0.49070941,
      "p50" : 7.733054849,
      "p75" : 7.733054849,
      "p95" : 7.733054849,
      "p98" : 7.733054849,
      "p99" : 7.733054849,
      "p999" : 7.733054849,
      "stddev" : 0.031124288287437043,
      "m15_rate" : 0.0035011109140865217,
      "m1_rate" : 6.21139394769915E-6,
      "m5_rate" : 0.0012407978509126356,
      "mean_rate" : 0.0026885704686050653,
      "duration_units" : "seconds",
      "rate_units" : "calls/second"
    },
    "eu.domibus.core.message.retention.RetentionListener.onMessage.deleteMessages.timer" : {
      "count" : 72,
      "max" : 3.193579025,
      "mean" : 2.1716134813094494,
      "min" : 1.6076448980000002,
      "p50" : 1.9931020160000001,
      "p75" : 2.142419557,
      "p95" : 3.193579025,
      "p98" : 3.193579025,
      "p99" : 3.193579025,
      "p999" : 3.193579025,
      "stddev" : 0.47191136695328145,
      "m15_rate" : 0.06749216035709564,
      "m1_rate" : 4.743747603727553E-5,
      "m5_rate" : 0.009917418515028708,
      "mean_rate" : 0.025336109465754132,
      "duration_units" : "seconds",
      "rate_units" : "calls/second"
    },
    "eu.domibus.core.message.signal.SignalMessageDao.deleteMessages.deleteReceipts.timer" : {
      "count" : 72,
      "max" : 1.7183214420000001,
      "mean" : 0.4461558537570317,
      "min" : 0.16203479,
      "p50" : 0.22687455,
      "p75" : 0.264688541,
      "p95" : 1.7183214420000001,
      "p98" : 1.7183214420000001,
      "p99" : 1.7183214420000001,
      "p999" : 1.7183214420000001,
      "stddev" : 0.494959438647531,
      "m15_rate" : 0.08451084442020128,
      "m1_rate" : 4.608113561452775E-5,
      "m5_rate" : 0.009896498135072419,
      "mean_rate" : 0.025348564267873002,
      "duration_units" : "seconds",
      "rate_units" : "calls/second"
    },
    "eu.domibus.core.message.signal.SignalMessageLogDao.deleteMessages.deleteMessageLogs.timer" : {
      "count" : 72,
      "max" : 0.153381093,
      "mean" : 0.0691243162824369,
      "min" : 0.043149766000000006,
      "p50" : 0.062948818,
      "p75" : 0.07629519200000001,
      "p95" : 0.10035830500000001,
      "p98" : 0.153381093,
      "p99" : 0.153381093,
      "p999" : 0.153381093,
      "stddev" : 0.022444759944507925,
      "m15_rate" : 0.08497957902252093,
      "m1_rate" : 5.008577290515376E-5,
      "m5_rate" : 0.010062581764061518,
      "mean_rate" : 0.02535423829110075,
      "duration_units" : "seconds",
      "rate_units" : "calls/second"
    },
    "eu.domibus.core.plugin.handler.DatabaseMessageHandler.submit.timer" : {
      "count" : 245243,
      "max" : 0.5392336200000001,
      "mean" : 0.1392395937948717,
      "min" : 0.007917703,
      "p50" : 0.11910665100000001,
      "p75" : 0.177135506,
      "p95" : 0.29413413,
      "p98" : 0.33765509600000004,
      "p99" : 0.38931136800000005,
      "p999" : 0.5392336200000001,
      "stddev" : 0.0814308079639142,
      "m15_rate" : 59.90308305111661,
      "m1_rate" : 55.4131693498338,
      "m5_rate" : 59.39868401181891,
      "mean_rate" : 59.10870165724289,
      "duration_units" : "seconds",
      "rate_units" : "calls/second"
    },
    "eu.domibus.core.plugin.notification.BackendNotificationService.notifyMessageReceived.timer" : {
      "count" : 245925,
      "max" : 0.384972912,
      "mean" : 0.09239468307781622,
      "min" : 3.6220500000000005E-4,
      "p50" : 0.096434955,
      "p75" : 0.12589523900000002,
      "p95" : 0.20101621800000002,
      "p98" : 0.24539449500000002,
      "p99" : 0.25259628900000003,
      "p999" : 0.384972912,
      "stddev" : 0.06131343944376971,
      "m15_rate" : 60.018249858557155,
      "m1_rate" : 55.948405562725945,
      "m5_rate" : 59.56818690702731,
      "mean_rate" : 58.7603397135465,
      "duration_units" : "seconds",
      "rate_units" : "calls/second"
    },
    "eu.domibus.core.plugin.notification.PluginAsyncNotificationListener.onMessage.timer" : {
      "count" : 245305,
      "max" : 0.416803427,
      "mean" : 0.13684684376766476,
      "min" : 0.008731014,
      "p50" : 0.12443592,
      "p75" : 0.16202401000000002,
      "p95" : 0.2611391,
      "p98" : 0.310587744,
      "p99" : 0.34549609800000003,
      "p999" : 0.416803427,
      "stddev" : 0.06670076871217104,
      "m15_rate" : 59.904089005495095,
      "m1_rate" : 55.62700338611156,
      "m5_rate" : 59.485311202232964,
      "mean_rate" : 58.61945241892198,
      "duration_units" : "seconds",
      "rate_units" : "calls/second"
    },
    "eu.domibus.core.pmode.validation.validators.MessagePropertyValidator.validate.timer" : {
      "count" : 491179,
      "max" : 1.39E-5,
      "mean" : 1.4656219371598098E-6,
      "min" : 6.000000000000001E-7,
      "p50" : 1.3E-6,
      "p75" : 1.7E-6,
      "p95" : 2.4000000000000003E-6,
      "p98" : 2.6E-6,
      "p99" : 2.9E-6,
      "p999" : 1.1000000000000001E-5,
      "stddev" : 6.468738336898286E-7,
      "m15_rate" : 119.80072449101188,
      "m1_rate" : 110.78465917212836,
      "m5_rate" : 118.80951876474053,
      "mean_rate" : 117.35836656950393,
      "duration_units" : "seconds",
      "rate_units" : "calls/second"
    },
    "eu.domibus.core.replication.UIMessageDaoImpl.deleteMessages.deleteUIMessagesByMessageIds.timer" : {
      "count" : 144,
      "max" : 0.016420019,
      "mean" : 0.0030840776518170692,
      "min" : 0.0017087220000000002,
      "p50" : 0.0028291370000000002,
      "p75" : 0.003229842,
      "p95" : 0.005851676,
      "p98" : 0.008503110000000001,
      "p99" : 0.008503110000000001,
      "p999" : 0.008503110000000001,
      "stddev" : 0.001377207414252146,
      "m15_rate" : 0.16995481861637607,
      "m1_rate" : 1.0017154416898563E-4,
      "m5_rate" : 0.020123434792993885,
      "mean_rate" : 0.05071055057206082,
      "duration_units" : "seconds",
      "rate_units" : "calls/second"
    },
    "eu.domibus.core.util.SoapUtil.logMessage.timer" : {
      "count" : 245931,
      "max" : 8.5E-6,
      "mean" : 9.02870166053107E-7,
      "min" : 2.0000000000000002E-7,
      "p50" : 8.000000000000001E-7,
      "p75" : 1.0000000000000002E-6,
      "p95" : 1.5E-6,
      "p98" : 1.9E-6,
      "p99" : 2.1000000000000002E-6,
      "p999" : 8.5E-6,
      "stddev" : 4.871155122634602E-7,
      "m15_rate" : 60.01906265247377,
      "m1_rate" : 55.94978404755292,
      "m5_rate" : 59.57112008809032,
      "mean_rate" : 58.76072987475718,
      "duration_units" : "seconds",
      "rate_units" : "calls/second"
    },
    "eu.domibus.plugin.jms.JMSPluginImpl.deliverMessage.timer" : {
      "count" : 245305,
      "max" : 0.435333768,
      "mean" : 0.1420414093714021,
      "min" : 0.008058605,
      "p50" : 0.126578048,
      "p75" : 0.177818615,
      "p95" : 0.28271868,
      "p98" : 0.312265866,
      "p99" : 0.341746349,
      "p999" : 0.41569921200000004,
      "stddev" : 0.07001796542987491,
      "m15_rate" : 59.90306193255764,
      "m1_rate" : 55.6191760344869,
      "m5_rate" : 59.48273337248883,
      "mean_rate" : 58.619660852057855,
      "duration_units" : "seconds",
      "rate_units" : "calls/second"
    },
    "eu.domibus.plugin.jms.JMSPluginImpl.receiveMessage.timer" : {
      "count" : 245234,
      "max" : 0.9993156110000001,
      "mean" : 0.24964627282516308,
      "min" : 0.008993517000000001,
      "p50" : 0.242453157,
      "p75" : 0.308278614,
      "p95" : 0.418811953,
      "p98" : 0.557452958,
      "p99" : 0.7542245200000001,
      "p999" : 0.9993156110000001,
      "stddev" : 0.12361477585472062,
      "m15_rate" : 59.89267133420817,
      "m1_rate" : 55.27250580796308,
      "m5_rate" : 59.366974544628235,
      "mean_rate" : 59.106332150681126,
      "duration_units" : "seconds",
      "rate_units" : "calls/second"
    }
  }
}