{
  "version" : "4.0.0",
  "gauges" : { },
  "counters" : {
    "eu.domibus.core.ebms3.receiver.MSHWebservice.incoming_user_message.counter" : {
      "count" : 19
    },
    "eu.domibus.core.ebms3.receiver.handler.AbstractIncomingMessageHandler.processMessage.counter" : {
      "count" : 19
    },
    "eu.domibus.core.ebms3.receiver.handler.IncomingUserMessageHandler.around_handleNewUserMessage.counter.counter" : {
      "count" : 19
    },
    "eu.domibus.core.ebms3.sender.AbstractUserMessageSender.outgoing_user_message.counter" : {
      "count" : 3
    },
    "eu.domibus.core.ebms3.sender.MessageSenderListener.onMessage.counter" : {
      "count" : 3
    },
    "eu.domibus.core.ebms3.sender.MessageSenderService.sendUserMessage.counter" : {
      "count" : 3
    },
    "eu.domibus.core.ebms3.sender.client.MSHDispatcher.dispatch.counter" : {
      "count" : 1
    },
    "eu.domibus.core.error.ErrorLogDao.deleteMessages.deleteErrorLogsByMessageIdInError.counter" : {
      "count" : 0
    },
    "eu.domibus.core.message.MessageInfoDao.deleteMessages.counter" : {
      "count" : 0
    },
    "eu.domibus.core.message.MessageInfoDao.findSignalMessageIds.counter" : {
      "count" : 0
    },
    "eu.domibus.core.message.MessagingServiceImpl.storeMessage.counter" : {
      "count" : 2
    },
    "eu.domibus.core.message.UserMessageHandlerServiceImpl.handleNewUserMessage.counter" : {
      "count" : 5
    },
    "eu.domibus.core.message.UserMessageLogDao.deleteMessages.deleteMessageLogs.counter" : {
      "count" : 0
    },
    "eu.domibus.core.message.acknowledge.MessageAcknowledgementDao.deleteMessages.deleteMessageAcknowledgementsByMessageIds.counter" : {
      "count" : 0
    },
    "eu.domibus.core.message.attempt.MessageAttemptDao.deleteMessages.deleteAttemptsByMessageIds.counter" : {
      "count" : 0
    },
    "eu.domibus.core.message.pull.IncomingPullRequestHandler.incoming_pull_request.counter" : {
      "count" : 0
    },
    "eu.domibus.core.message.receipt.AS4ReceiptServiceImpl.generateReceipt.counter" : {
      "count" : 5
    },
    "eu.domibus.core.message.retention.MessageRetentionDefaultService.schedule_deleteExpiredMessages.counter" : {
      "count" : 0
    },
    "eu.domibus.core.message.retention.RetentionListener.onMessage.deleteMessages.counter" : {
      "count" : 0
    },
    "eu.domibus.core.message.signal.SignalMessageDao.deleteMessages.deleteReceipts.counter" : {
      "count" : 0
    },
    "eu.domibus.core.message.signal.SignalMessageLogDao.deleteMessages.deleteMessageLogs.counter" : {
      "count" : 0
    },
    "eu.domibus.core.plugin.handler.DatabaseMessageHandler.submit.counter" : {
      "count" : 2
    },
    "eu.domibus.core.plugin.notification.BackendNotificationService.notifyMessageReceived.counter" : {
      "count" : 0
    },
    "eu.domibus.core.plugin.notification.PluginAsyncNotificationListener.onMessage.counter" : {
      "count" : 2
    },
    "eu.domibus.core.pmode.validation.validators.MessagePropertyValidator.validate.counter" : {
      "count" : 0
    },
    "eu.domibus.core.replication.UIMessageDaoImpl.deleteMessages.deleteUIMessagesByMessageIds.counter" : {
      "count" : 0
    },
    "eu.domibus.core.util.SoapUtil.SoapUtil.counter" : {
      "count" : 0
    },
    "eu.domibus.plugin.jms.JMSPluginImpl.deliverMessage.counter" : {
      "count" : 2
    },
    "eu.domibus.plugin.jms.JMSPluginImpl.receiveMessage.counter" : {
      "count" : 16
    }
  },
  "histograms" : { },
  "meters" : { },
  "timers" : {
    "eu.domibus.core.ebms3.receiver.MSHWebservice.incoming_user_message.timer" : {
      "count" : 114879,
      "max" : 0.7282120910000001,
      "mean" : 0.2919532251450846,
      "min" : 0.119897742,
      "p50" : 0.264850905,
      "p75" : 0.32377208500000004,
      "p95" : 0.565769953,
      "p98" : 0.622695741,
      "p99" : 0.6354118550000001,
      "p999" : 0.7282120910000001,
      "stddev" : 0.11781340278992078,
      "m15_rate" : 54.925408243121794,
      "m1_rate" : 61.87035378320217,
      "m5_rate" : 62.91525884237176,
      "mean_rate" : 41.47401990388729,
      "duration_units" : "seconds",
      "rate_units" : "calls/second"
    },
    "eu.domibus.core.ebms3.receiver.handler.AbstractIncomingMessageHandler.processMessage.timer" : {
      "count" : 114871,
      "max" : 0.85482278,
      "mean" : 0.28950466988004114,
      "min" : 0.11363078700000001,
      "p50" : 0.259762941,
      "p75" : 0.330404234,
      "p95" : 0.563079872,
      "p98" : 0.6246370320000001,
      "p99" : 0.6546917170000001,
      "p999" : 0.791363239,
      "stddev" : 0.12217125042960736,
      "m15_rate" : 55.173635791057706,
      "m1_rate" : 61.940260519191256,
      "m5_rate" : 62.93421996829262,
      "mean_rate" : 60.618629387532884,
      "duration_units" : "seconds",
      "rate_units" : "calls/second"
    },
    "eu.domibus.core.ebms3.receiver.handler.IncomingUserMessageHandler.around_handleNewUserMessage.timer.timer" : {
      "count" : 114871,
      "max" : 0.789244249,
      "mean" : 0.28275295734054867,
      "min" : 0.107087634,
      "p50" : 0.258948848,
      "p75" : 0.31920141300000004,
      "p95" : 0.523222358,
      "p98" : 0.6133603120000001,
      "p99" : 0.642784098,
      "p999" : 0.744268476,
      "stddev" : 0.11028491216908515,
      "m15_rate" : 55.17241280726094,
      "m1_rate" : 61.91799997210337,
      "m5_rate" : 62.93013250671194,
      "mean_rate" : 60.619383617530744,
      "duration_units" : "seconds",
      "rate_units" : "calls/second"
    },
    "eu.domibus.core.ebms3.sender.AbstractUserMessageSender.outgoing_user_message.timer" : {
      "count" : 114646,
      "max" : 0.509722254,
      "mean" : 0.0612642917723677,
      "min" : 0.042732694,
      "p50" : 0.056521596,
      "p75" : 0.061630959000000006,
      "p95" : 0.074556567,
      "p98" : 0.151186719,
      "p99" : 0.18313858900000002,
      "p999" : 0.509722254,
      "stddev" : 0.027469477521515913,
      "m15_rate" : 55.401471782824586,
      "m1_rate" : 61.71083924514257,
      "m5_rate" : 62.92644874674994,
      "mean_rate" : 61.70182065837702,
      "duration_units" : "seconds",
      "rate_units" : "calls/second"
    },
    "eu.domibus.core.ebms3.sender.MessageSenderListener.onMessage.timer" : {
      "count" : 114646,
      "max" : 0.30254483600000004,
      "mean" : 0.07036689256052175,
      "min" : 0.047772057,
      "p50" : 0.062544453,
      "p75" : 0.06870060800000001,
      "p95" : 0.136823321,
      "p98" : 0.186608364,
      "p99" : 0.224041497,
      "p999" : 0.30254483600000004,
      "stddev" : 0.029849236963602786,
      "m15_rate" : 55.39961378399939,
      "m1_rate" : 61.70092086168077,
      "m5_rate" : 62.9234233338257,
      "mean_rate" : 61.699189168958775,
      "duration_units" : "seconds",
      "rate_units" : "calls/second"
    },
    "eu.domibus.core.ebms3.sender.MessageSenderService.sendUserMessage.timer" : {
      "count" : 114646,
      "max" : 0.34000386600000004,
      "mean" : 0.07043414976325969,
      "min" : 0.047246362,
      "p50" : 0.062009956000000005,
      "p75" : 0.068917607,
      "p95" : 0.13019576500000002,
      "p98" : 0.198314182,
      "p99" : 0.23795389700000003,
      "p999" : 0.30741920100000003,
      "stddev" : 0.03309380838700994,
      "m15_rate" : 55.40191771893999,
      "m1_rate" : 61.72674410577503,
      "m5_rate" : 62.92923998666069,
      "mean_rate" : 61.70041979226103,
      "duration_units" : "seconds",
      "rate_units" : "calls/second"
    },
    "eu.domibus.core.ebms3.sender.client.MSHDispatcher.dispatch.timer" : {
      "count" : 114646,
      "max" : 0.179932913,
      "mean" : 0.04815854395968861,
      "min" : 0.032728066,
      "p50" : 0.046032071,
      "p75" : 0.050832136,
      "p95" : 0.05851568100000001,
      "p98" : 0.06961360200000001,
      "p99" : 0.131943757,
      "p999" : 0.179932913,
      "stddev" : 0.013184903832091612,
      "m15_rate" : 55.412643775029466,
      "m1_rate" : 61.87829997461918,
      "m5_rate" : 62.95675098033872,
      "mean_rate" : 61.70644453193871,
      "duration_units" : "seconds",
      "rate_units" : "calls/second"
    },
    "eu.domibus.core.error.ErrorLogDao.deleteMessages.deleteErrorLogsByMessageIdInError.timer" : {
      "count" : 24,
      "max" : 0.019309257,
      "mean" : 0.0034844472414499866,
      "min" : 0.002369983,
      "p50" : 0.0034613760000000004,
      "p75" : 0.0039696720000000005,
      "p95" : 0.004410768000000001,
      "p98" : 0.004442968,
      "p99" : 0.004547567000000001,
      "p999" : 0.004547567000000001,
      "stddev" : 6.262219833229262E-4,
      "m15_rate" : 0.6013301311085323,
      "m1_rate" : 0.002654355218225026,
      "m5_rate" : 0.0994744869045907,
      "mean_rate" : 0.026435536200115684,
      "duration_units" : "seconds",
      "rate_units" : "calls/second"
    },
    "eu.domibus.core.message.MessageInfoDao.deleteMessages.timer" : {
      "count" : 48,
      "max" : 1.328692054,
      "mean" : 0.6770629389851142,
      "min" : 0.134208333,
      "p50" : 0.41476152000000005,
      "p75" : 1.12318973,
      "p95" : 1.328692054,
      "p98" : 1.328692054,
      "p99" : 1.328692054,
      "p999" : 1.328692054,
      "stddev" : 0.41484282047004206,
      "m15_rate" : 1.056353595902124,
      "m1_rate" : 0.005350173648522462,
      "m5_rate" : 0.1794763656086259,
      "mean_rate" : 0.05275953103216485,
      "duration_units" : "seconds",
      "rate_units" : "calls/second"
    },
    "eu.domibus.core.message.MessageInfoDao.findSignalMessageIds.timer" : {
      "count" : 24,
      "max" : 0.41663691700000005,
      "mean" : 0.10126664386245632,
      "min" : 0.077810141,
      "p50" : 0.090604549,
      "p75" : 0.119538241,
      "p95" : 0.13463793300000002,
      "p98" : 0.13463793300000002,
      "p99" : 0.13463793300000002,
      "p999" : 0.13463793300000002,
      "stddev" : 0.019058076146316046,
      "m15_rate" : 0.5979840599599249,
      "m1_rate" : 0.0023588581953192453,
      "m5_rate" : 0.09774992345198041,
      "mean_rate" : 0.026368778349272023,
      "duration_units" : "seconds",
      "rate_units" : "calls/second"
    },
    "eu.domibus.core.message.MessagingServiceImpl.storeMessage.timer" : {
      "count" : 229579,
      "max" : 0.08413719700000001,
      "mean" : 0.0056826500863849955,
      "min" : 0.0032163770000000003,
      "p50" : 0.004852265000000001,
      "p75" : 0.005829658000000001,
      "p95" : 0.009319633,
      "p98" : 0.012398211000000001,
      "p99" : 0.014815594000000001,
      "p999" : 0.07464116600000001,
      "stddev" : 0.004450524141573816,
      "m15_rate" : 109.95236212525687,
      "m1_rate" : 123.361043545971,
      "m5_rate" : 125.7689501046985,
      "mean_rate" : 121.15381288287955,
      "duration_units" : "seconds",
      "rate_units" : "calls/second"
    },
    "eu.domibus.core.message.UserMessageHandlerServiceImpl.handleNewUserMessage.timer" : {
      "count" : 114885,
      "max" : 0.36110311700000003,
      "mean" : 0.07715778023045344,
      "min" : 0.023873829000000003,
      "p50" : 0.060018671,
      "p75" : 0.09634921,
      "p95" : 0.188504852,
      "p98" : 0.212835078,
      "p99" : 0.22768907200000002,
      "p999" : 0.36110311700000003,
      "stddev" : 0.051274002355891676,
      "m15_rate" : 55.17343975197709,
      "m1_rate" : 61.939707712287294,
      "m5_rate" : 62.925980433839435,
      "mean_rate" : 60.626713315845535,
      "duration_units" : "seconds",
      "rate_units" : "calls/second"
    },
    "eu.domibus.core.message.UserMessageLogDao.deleteMessages.deleteMessageLogs.timer" : {
      "count" : 24,
      "max" : 0.194769459,
      "mean" : 0.07721866921793917,
      "min" : 0.055009693000000005,
      "p50" : 0.07460876400000001,
      "p75" : 0.084748292,
      "p95" : 0.08879366200000001,
      "p98" : 0.08879366200000001,
      "p99" : 0.103823152,
      "p999" : 0.103823152,
      "stddev" : 0.009328737967235474,
      "m15_rate" : 0.6013301311085323,
      "m1_rate" : 0.002654355218225026,
      "m5_rate" : 0.0994744869045907,
      "mean_rate" : 0.026427964985560236,
      "duration_units" : "seconds",
      "rate_units" : "calls/second"
    },
    "eu.domibus.core.message.acknowledge.MessageAcknowledgementDao.deleteMessages.deleteMessageAcknowledgementsByMessageIds.timer" : {
      "count" : 24,
      "max" : 0.014198495,
      "mean" : 0.0032468084684765686,
      "min" : 0.002335583,
      "p50" : 0.0031218770000000003,
      "p75" : 0.003710473,
      "p95" : 0.004436768000000001,
      "p98" : 0.004625266,
      "p99" : 0.004674667,
      "p999" : 0.004674667,
      "stddev" : 6.434024965216236E-4,
      "m15_rate" : 0.6013260162438062,
      "m1_rate" : 0.0026511859374324376,
      "m5_rate" : 0.09945803008423595,
      "mean_rate" : 0.026436795323129775,
      "duration_units" : "seconds",
      "rate_units" : "calls/second"
    },
    "eu.domibus.core.message.attempt.MessageAttemptDao.deleteMessages.deleteAttemptsByMessageIds.timer" : {
      "count" : 24,
      "max" : 0.028946485,
      "mean" : 0.004022563988667529,
      "min" : 0.00282278,
      "p50" : 0.003982971,
      "p75" : 0.0046075660000000004,
      "p95" : 0.005433961,
      "p98" : 0.005433961,
      "p99" : 0.005433961,
      "p999" : 0.005433961,
      "stddev" : 8.406089103527979E-4,
      "m15_rate" : 0.6013301311085323,
      "m1_rate" : 0.002654355218225026,
      "m5_rate" : 0.0994744869045907,
      "mean_rate" : 0.02643466861070592,
      "duration_units" : "seconds",
      "rate_units" : "calls/second"
    },
    "eu.domibus.core.message.pull.IncomingPullRequestHandler.incoming_pull_request.timer" : {
      "count" : 8,
      "max" : 0.47321025600000005,
      "mean" : 0.24386882501847496,
      "min" : 0.014925598000000002,
      "p50" : 0.021931449000000002,
      "p75" : 0.473172857,
      "p95" : 0.47321025600000005,
      "p98" : 0.47321025600000005,
      "p99" : 0.47321025600000005,
      "p999" : 0.47321025600000005,
      "stddev" : 0.22760581567928426,
      "m15_rate" : 0.07452184035581258,
      "m1_rate" : 1.6848987772086565E-20,
      "m5_rate" : 1.6166304293934944E-4,
      "mean_rate" : 0.002888189284822806,
      "duration_units" : "seconds",
      "rate_units" : "calls/second"
    },
    "eu.domibus.core.message.receipt.AS4ReceiptServiceImpl.generateReceipt.timer" : {
      "count" : 114885,
      "max" : 0.18892224900000001,
      "mean" : 0.027593769684364954,
      "min" : 0.015953886,
      "p50" : 0.024498324000000002,
      "p75" : 0.029431689,
      "p95" : 0.04605567,
      "p98" : 0.054014413000000004,
      "p99" : 0.074035771,
      "p999" : 0.18892224900000001,
      "stddev" : 0.012367685703592987,
      "m15_rate" : 55.17979205506674,
      "m1_rate" : 62.01346837244156,
      "m5_rate" : 62.94146510179695,
      "mean_rate" : 60.631481528005274,
      "duration_units" : "seconds",
      "rate_units" : "calls/second"
    },
    "eu.domibus.core.message.retention.MessageRetentionDefaultService.schedule_deleteExpiredMessages.timer" : {
      "count" : 9,
      "max" : 7.614867929000001,
      "mean" : 5.088332468400999,
      "min" : 0.22059636800000001,
      "p50" : 4.6513712830000005,
      "p75" : 4.6513712830000005,
      "p95" : 7.614867929000001,
      "p98" : 7.614867929000001,
      "p99" : 7.614867929000001,
      "p999" : 7.614867929000001,
      "stddev" : 1.0506858822754455,
      "m15_rate" : 0.014008720476580496,
      "m1_rate" : 3.09112440792954E-4,
      "m5_rate" : 0.00270908600189203,
      "mean_rate" : 0.0034717658865232592,
      "duration_units" : "seconds",
      "rate_units" : "calls/second"
    },
    "eu.domibus.core.message.retention.RetentionListener.onMessage.deleteMessages.timer" : {
      "count" : 24,
      "max" : 4.1213682920000005,
      "mean" : 3.2119913123780477,
      "min" : 1.402168096,
      "p50" : 3.315274183,
      "p75" : 3.9722982630000003,
      "p95" : 4.1213682920000005,
      "p98" : 4.1213682920000005,
      "p99" : 4.1213682920000005,
      "p999" : 4.1213682920000005,
      "stddev" : 0.8008565949284806,
      "m15_rate" : 0.37974725488266586,
      "m1_rate" : 0.0025243948023742466,
      "m5_rate" : 0.06908450200376239,
      "mean_rate" : 0.026367229269463426,
      "duration_units" : "seconds",
      "rate_units" : "calls/second"
    },
    "eu.domibus.core.message.signal.SignalMessageDao.deleteMessages.deleteReceipts.timer" : {
      "count" : 24,
      "max" : 2.291634637,
      "mean" : 1.505724100381077,
      "min" : 0.16169723500000002,
      "p50" : 1.56326977,
      "p75" : 2.1003903100000003,
      "p95" : 2.291634637,
      "p98" : 2.291634637,
      "p99" : 2.291634637,
      "p999" : 2.291634637,
      "stddev" : 0.6545211468892836,
      "m15_rate" : 0.6013301311085323,
      "m1_rate" : 0.002654355218225026,
      "m5_rate" : 0.0994744869045907,
      "mean_rate" : 0.026420784336387407,
      "duration_units" : "seconds",
      "rate_units" : "calls/second"
    },
    "eu.domibus.core.message.signal.SignalMessageLogDao.deleteMessages.deleteMessageLogs.timer" : {
      "count" : 24,
      "max" : 0.18694101700000001,
      "mean" : 0.0713519573199716,
      "min" : 0.039609607000000005,
      "p50" : 0.070391192,
      "p75" : 0.07215018100000001,
      "p95" : 0.101864068,
      "p98" : 0.101864068,
      "p99" : 0.101864068,
      "p999" : 0.101864068,
      "stddev" : 0.015248576712906211,
      "m15_rate" : 0.6013301311085323,
      "m1_rate" : 0.002654355218225026,
      "m5_rate" : 0.0994744869045907,
      "mean_rate" : 0.026431654019639345,
      "duration_units" : "seconds",
      "rate_units" : "calls/second"
    },
    "eu.domibus.core.plugin.handler.DatabaseMessageHandler.submit.timer" : {
      "count" : 114689,
      "max" : 0.38406415000000005,
      "mean" : 0.06283285468176115,
      "min" : 0.009233033,
      "p50" : 0.061944857000000006,
      "p75" : 0.079300733,
      "p95" : 0.155897685,
      "p98" : 0.19195162300000002,
      "p99" : 0.20846360800000002,
      "p999" : 0.383603354,
      "stddev" : 0.0464724023804768,
      "m15_rate" : 55.41501952196483,
      "m1_rate" : 61.96741473051743,
      "m5_rate" : 62.96328984891992,
      "mean_rate" : 61.714138511189745,
      "duration_units" : "seconds",
      "rate_units" : "calls/second"
    },
    "eu.domibus.core.plugin.notification.BackendNotificationService.notifyMessageReceived.timer" : {
      "count" : 114890,
      "max" : 0.309383385,
      "mean" : 0.03734462602381092,
      "min" : 4.4249700000000003E-4,
      "p50" : 0.025428117,
      "p75" : 0.05871968,
      "p95" : 0.11679276300000001,
      "p98" : 0.15062612,
      "p99" : 0.15570108600000002,
      "p999" : 0.19719988600000002,
      "stddev" : 0.03818887008084629,
      "m15_rate" : 55.17608520860766,
      "m1_rate" : 61.95502965272481,
      "m5_rate" : 62.93136869832583,
      "mean_rate" : 60.63170229574697,
      "duration_units" : "seconds",
      "rate_units" : "calls/second"
    },
    "eu.domibus.core.plugin.notification.PluginAsyncNotificationListener.onMessage.timer" : {
      "count" : 114732,
      "max" : 0.384303549,
      "mean" : 0.06259946935259368,
      "min" : 0.009300934,
      "p50" : 0.063509146,
      "p75" : 0.078471739,
      "p95" : 0.161048048,
      "p98" : 0.19542050200000002,
      "p99" : 0.207369417,
      "p999" : 0.38339335500000005,
      "stddev" : 0.047350979029163257,
      "m15_rate" : 55.15717409438983,
      "m1_rate" : 61.917562195570085,
      "m5_rate" : 62.92328587522055,
      "mean_rate" : 60.56444175992545,
      "duration_units" : "seconds",
      "rate_units" : "calls/second"
    },
    "eu.domibus.core.pmode.validation.validators.MessagePropertyValidator.validate.timer" : {
      "count" : 229582,
      "max" : 3.71E-5,
      "mean" : 1.2095399887650482E-6,
      "min" : 5.000000000000001E-7,
      "p50" : 1.0000000000000002E-6,
      "p75" : 1.2000000000000002E-6,
      "p95" : 2.0000000000000003E-6,
      "p98" : 2.3E-6,
      "p99" : 2.6E-6,
      "p999" : 1.9199E-5,
      "stddev" : 1.5180281863494478E-6,
      "m15_rate" : 109.95299830751212,
      "m1_rate" : 123.37119068599121,
      "m5_rate" : 125.77103587285966,
      "mean_rate" : 121.15457040470992,
      "duration_units" : "seconds",
      "rate_units" : "calls/second"
    },
    "eu.domibus.core.replication.UIMessageDaoImpl.deleteMessages.deleteUIMessagesByMessageIds.timer" : {
      "count" : 48,
      "max" : 0.021387842,
      "mean" : 0.0033790563145544533,
      "min" : 0.002008885,
      "p50" : 0.002878479,
      "p75" : 0.003829373,
      "p95" : 0.008732438,
      "p98" : 0.008732438,
      "p99" : 0.008732438,
      "p999" : 0.008732438,
      "stddev" : 0.0015070094197558372,
      "m15_rate" : 1.2026602622170646,
      "m1_rate" : 0.005308710436450052,
      "m5_rate" : 0.1989489738091814,
      "mean_rate" : 0.05287208056673266,
      "duration_units" : "seconds",
      "rate_units" : "calls/second"
    },
    "eu.domibus.core.util.SoapUtil.logMessage.timer" : {
      "count" : 114891,
      "max" : 4.3400000000000005E-5,
      "mean" : 8.613705788885412E-7,
      "min" : 3.0000000000000004E-7,
      "p50" : 6.000000000000001E-7,
      "p75" : 9.000000000000001E-7,
      "p95" : 1.3E-6,
      "p98" : 1.5E-6,
      "p99" : 1.6000000000000001E-6,
      "p999" : 4.3400000000000005E-5,
      "stddev" : 2.066180122935618E-6,
      "m15_rate" : 55.179838271256756,
      "m1_rate" : 62.040993508334246,
      "m5_rate" : 62.9447288203415,
      "mean_rate" : 60.629949019043906,
      "duration_units" : "seconds",
      "rate_units" : "calls/second"
    },
    "eu.domibus.plugin.jms.JMSPluginImpl.deliverMessage.timer" : {
      "count" : 114732,
      "max" : 0.415547406,
      "mean" : 0.061816420648931315,
      "min" : 0.008785937,
      "p50" : 0.061598359000000005,
      "p75" : 0.078884935,
      "p95" : 0.16119534700000002,
      "p98" : 0.17916711600000002,
      "p99" : 0.19912727600000002,
      "p999" : 0.337284688,
      "stddev" : 0.04625996846531201,
      "m15_rate" : 55.15642665854647,
      "m1_rate" : 61.913722371419375,
      "m5_rate" : 62.920919688379314,
      "mean_rate" : 60.56482915078375,
      "duration_units" : "seconds",
      "rate_units" : "calls/second"
    },
    "eu.domibus.plugin.jms.JMSPluginImpl.receiveMessage.timer" : {
      "count" : 114675,
      "max" : 0.5726245,
      "mean" : 0.10527883957203128,
      "min" : 0.010273327,
      "p50" : 0.10982101500000001,
      "p75" : 0.14322947600000002,
      "p95" : 0.29012382400000003,
      "p98" : 0.31432935100000003,
      "p99" : 0.378215195,
      "p999" : 0.5715737080000001,
      "stddev" : 0.08667101790458853,
      "m15_rate" : 55.40976844122459,
      "m1_rate" : 61.88075452061025,
      "m5_rate" : 62.949614873807285,
      "mean_rate" : 61.7053600675596,
      "duration_units" : "seconds",
      "rate_units" : "calls/second"
    }
  }
}