{
  "version" : "4.0.0",
  "gauges" : { },
  "counters" : {
    "eu.domibus.core.ebms3.receiver.MSHWebservice.incoming_user_message.counter" : {
      "count" : 23
    },
    "eu.domibus.core.ebms3.receiver.handler.AbstractIncomingMessageHandler.processMessage.counter" : {
      "count" : 23
    },
    "eu.domibus.core.ebms3.receiver.handler.IncomingUserMessageHandler.around_handleNewUserMessage.counter.counter" : {
      "count" : 23
    },
    "eu.domibus.core.ebms3.sender.AbstractUserMessageSender.outgoing_user_message.counter" : {
      "count" : 3
    },
    "eu.domibus.core.ebms3.sender.MessageSenderListener.onMessage.counter" : {
      "count" : 3
    },
    "eu.domibus.core.ebms3.sender.MessageSenderService.sendUserMessage.counter" : {
      "count" : 3
    },
    "eu.domibus.core.ebms3.sender.client.MSHDispatcher.dispatch.counter" : {
      "count" : 3
    },
    "eu.domibus.core.error.ErrorLogDao.deleteMessages.deleteErrorLogsByMessageIdInError.counter" : {
      "count" : 0
    },
    "eu.domibus.core.message.MessageInfoDao.deleteMessages.counter" : {
      "count" : 0
    },
    "eu.domibus.core.message.MessageInfoDao.findSignalMessageIds.counter" : {
      "count" : 0
    },
    "eu.domibus.core.message.MessagingServiceImpl.storeMessage.counter" : {
      "count" : 1
    },
    "eu.domibus.core.message.UserMessageHandlerServiceImpl.handleNewUserMessage.counter" : {
      "count" : 2
    },
    "eu.domibus.core.message.UserMessageLogDao.deleteMessages.deleteMessageLogs.counter" : {
      "count" : 0
    },
    "eu.domibus.core.message.acknowledge.MessageAcknowledgementDao.deleteMessages.deleteMessageAcknowledgementsByMessageIds.counter" : {
      "count" : 0
    },
    "eu.domibus.core.message.attempt.MessageAttemptDao.deleteMessages.deleteAttemptsByMessageIds.counter" : {
      "count" : 0
    },
    "eu.domibus.core.message.pull.IncomingPullRequestHandler.incoming_pull_request.counter" : {
      "count" : 0
    },
    "eu.domibus.core.message.receipt.AS4ReceiptServiceImpl.generateReceipt.counter" : {
      "count" : 0
    },
    "eu.domibus.core.message.retention.MessageRetentionDefaultService.schedule_deleteExpiredMessages.counter" : {
      "count" : 0
    },
    "eu.domibus.core.message.retention.RetentionListener.onMessage.deleteMessages.counter" : {
      "count" : 0
    },
    "eu.domibus.core.message.signal.SignalMessageDao.deleteMessages.deleteReceipts.counter" : {
      "count" : 0
    },
    "eu.domibus.core.message.signal.SignalMessageLogDao.deleteMessages.deleteMessageLogs.counter" : {
      "count" : 0
    },
    "eu.domibus.core.plugin.handler.DatabaseMessageHandler.submit.counter" : {
      "count" : 1
    },
    "eu.domibus.core.plugin.notification.BackendNotificationService.notifyMessageReceived.counter" : {
      "count" : 1
    },
    "eu.domibus.core.plugin.notification.PluginAsyncNotificationListener.onMessage.counter" : {
      "count" : 5
    },
    "eu.domibus.core.pmode.validation.validators.MessagePropertyValidator.validate.counter" : {
      "count" : 0
    },
    "eu.domibus.core.replication.UIMessageDaoImpl.deleteMessages.deleteUIMessagesByMessageIds.counter" : {
      "count" : 0
    },
    "eu.domibus.core.util.SoapUtil.SoapUtil.counter" : {
      "count" : 0
    },
    "eu.domibus.plugin.jms.JMSPluginImpl.deliverMessage.counter" : {
      "count" : 5
    },
    "eu.domibus.plugin.jms.JMSPluginImpl.receiveMessage.counter" : {
      "count" : 8
    }
  },
  "histograms" : { },
  "meters" : { },
  "timers" : {
    "eu.domibus.core.ebms3.receiver.MSHWebservice.incoming_user_message.timer" : {
      "count" : 113682,
      "max" : 0.728731044,
      "mean" : 0.2793367217826123,
      "min" : 0.12069374100000001,
      "p50" : 0.25788777300000004,
      "p75" : 0.319436843,
      "p95" : 0.49508775800000004,
      "p98" : 0.6155755980000001,
      "p99" : 0.641451086,
      "p999" : 0.728731044,
      "stddev" : 0.10479492187492491,
      "m15_rate" : 53.99681861410176,
      "m1_rate" : 61.34161497169838,
      "m5_rate" : 61.09874789473556,
      "mean_rate" : 41.037359414879134,
      "duration_units" : "seconds",
      "rate_units" : "calls/second"
    },
    "eu.domibus.core.ebms3.receiver.handler.AbstractIncomingMessageHandler.processMessage.timer" : {
      "count" : 113678,
      "max" : 1.200045698,
      "mean" : 0.2845604223177841,
      "min" : 0.12149814,
      "p50" : 0.254246275,
      "p75" : 0.329277337,
      "p95" : 0.524412143,
      "p98" : 0.6068318030000001,
      "p99" : 0.643718185,
      "p999" : 0.7287977440000001,
      "stddev" : 0.11057902235160662,
      "m15_rate" : 54.138239441961765,
      "m1_rate" : 60.12967397742073,
      "m5_rate" : 60.86370684265114,
      "mean_rate" : 59.9962065986004,
      "duration_units" : "seconds",
      "rate_units" : "calls/second"
    },
    "eu.domibus.core.ebms3.receiver.handler.IncomingUserMessageHandler.around_handleNewUserMessage.timer.timer" : {
      "count" : 113678,
      "max" : 0.849265083,
      "mean" : 0.29063346746610214,
      "min" : 0.11696004300000001,
      "p50" : 0.260611772,
      "p75" : 0.341663433,
      "p95" : 0.523517244,
      "p98" : 0.6143031,
      "p99" : 0.6322806910000001,
      "p999" : 0.7281845440000001,
      "stddev" : 0.11387298127653406,
      "m15_rate" : 54.142661295689436,
      "m1_rate" : 60.18582941142902,
      "m5_rate" : 60.87614717615329,
      "mean_rate" : 59.996849683687806,
      "duration_units" : "seconds",
      "rate_units" : "calls/second"
    },
    "eu.domibus.core.ebms3.sender.AbstractUserMessageSender.outgoing_user_message.timer" : {
      "count" : 113442,
      "max" : 0.23482038500000002,
      "mean" : 0.05781997017052336,
      "min" : 0.042077679,
      "p50" : 0.055916972,
      "p75" : 0.061075170000000005,
      "p95" : 0.070175665,
      "p98" : 0.079895861,
      "p99" : 0.11965054200000001,
      "p999" : 0.189746406,
      "stddev" : 0.013371786011270374,
      "m15_rate" : 54.11705234949565,
      "m1_rate" : 59.77102162653908,
      "m5_rate" : 60.87870526824251,
      "mean_rate" : 61.039029067460014,
      "duration_units" : "seconds",
      "rate_units" : "calls/second"
    },
    "eu.domibus.core.ebms3.sender.MessageSenderListener.onMessage.timer" : {
      "count" : 113442,
      "max" : 0.308996847,
      "mean" : 0.06654662905446287,
      "min" : 0.045943277000000005,
      "p50" : 0.06165107,
      "p75" : 0.068074067,
      "p95" : 0.097496153,
      "p98" : 0.160528322,
      "p99" : 0.177993713,
      "p999" : 0.21260889600000002,
      "stddev" : 0.021833838920862377,
      "m15_rate" : 54.12075069210032,
      "m1_rate" : 59.828838351413914,
      "m5_rate" : 60.89226955950712,
      "mean_rate" : 61.03641212475366,
      "duration_units" : "seconds",
      "rate_units" : "calls/second"
    },
    "eu.domibus.core.ebms3.sender.MessageSenderService.sendUserMessage.timer" : {
      "count" : 113442,
      "max" : 0.239091183,
      "mean" : 0.06460651755897022,
      "min" : 0.045393078,
      "p50" : 0.061736569000000005,
      "p75" : 0.067152167,
      "p95" : 0.08208806,
      "p98" : 0.128174237,
      "p99" : 0.14359113,
      "p999" : 0.218193193,
      "stddev" : 0.016891645179313734,
      "m15_rate" : 54.11924830272694,
      "m1_rate" : 59.81049991880491,
      "m5_rate" : 60.88753844134689,
      "mean_rate" : 61.03722347217845,
      "duration_units" : "seconds",
      "rate_units" : "calls/second"
    },
    "eu.domibus.core.ebms3.sender.client.MSHDispatcher.dispatch.timer" : {
      "count" : 113442,
      "max" : 0.180746611,
      "mean" : 0.0484079172599514,
      "min" : 0.033663884000000005,
      "p50" : 0.046439177000000005,
      "p75" : 0.051231375,
      "p95" : 0.058509772,
      "p98" : 0.066818667,
      "p99" : 0.14779292800000002,
      "p999" : 0.180746611,
      "stddev" : 0.014262006452389111,
      "m15_rate" : 54.12580451305364,
      "m1_rate" : 59.88762940964911,
      "m5_rate" : 60.9040087435352,
      "mean_rate" : 61.040026249281354,
      "duration_units" : "seconds",
      "rate_units" : "calls/second"
    },
    "eu.domibus.core.error.ErrorLogDao.deleteMessages.deleteErrorLogsByMessageIdInError.timer" : {
      "count" : 23,
      "max" : 0.019670488,
      "mean" : 0.004132376550833247,
      "min" : 0.002854798,
      "p50" : 0.0037806980000000003,
      "p75" : 0.004521897,
      "p95" : 0.005015898,
      "p98" : 0.009302694,
      "p99" : 0.019670488,
      "p999" : 0.019670488,
      "stddev" : 0.0019761603397130396,
      "m15_rate" : 0.3742035236070989,
      "m1_rate" : 5.550729974690977E-9,
      "m5_rate" : 0.026956098834477613,
      "mean_rate" : 0.019014406128435194,
      "duration_units" : "seconds",
      "rate_units" : "calls/second"
    },
    "eu.domibus.core.message.MessageInfoDao.deleteMessages.timer" : {
      "count" : 46,
      "max" : 1.2828104610000002,
      "mean" : 0.6065571637006134,
      "min" : 0.036752078,
      "p50" : 0.365090585,
      "p75" : 0.9668593430000001,
      "p95" : 1.1389724140000002,
      "p98" : 1.2828104610000002,
      "p99" : 1.2828104610000002,
      "p999" : 1.2828104610000002,
      "stddev" : 0.39412102532614646,
      "m15_rate" : 0.7442642177883648,
      "m1_rate" : 1.0228163457808917E-8,
      "m5_rate" : 0.05302355203407337,
      "mean_rate" : 0.03800260156244381,
      "duration_units" : "seconds",
      "rate_units" : "calls/second"
    },
    "eu.domibus.core.message.MessageInfoDao.findSignalMessageIds.timer" : {
      "count" : 23,
      "max" : 0.322279011,
      "mean" : 0.14306804072303972,
      "min" : 0.023439886,
      "p50" : 0.12090313000000001,
      "p75" : 0.14666041500000002,
      "p95" : 0.29723892500000004,
      "p98" : 0.322279011,
      "p99" : 0.322279011,
      "p999" : 0.322279011,
      "stddev" : 0.07058338244284794,
      "m15_rate" : 0.3721285405246488,
      "m1_rate" : 5.089002329994497E-9,
      "m5_rate" : 0.026509085456989587,
      "mean_rate" : 0.01899684084862066,
      "duration_units" : "seconds",
      "rate_units" : "calls/second"
    },
    "eu.domibus.core.message.MessagingServiceImpl.storeMessage.timer" : {
      "count" : 227173,
      "max" : 0.058434971,
      "mean" : 0.005365503862101195,
      "min" : 0.002974899,
      "p50" : 0.004653898,
      "p75" : 0.0053182970000000005,
      "p95" : 0.008811896000000001,
      "p98" : 0.011601495,
      "p99" : 0.014951692,
      "p999" : 0.058434971,
      "stddev" : 0.0036182670729385954,
      "m15_rate" : 107.939518837144,
      "m1_rate" : 119.92972802560652,
      "m5_rate" : 121.72431388089336,
      "mean_rate" : 119.89820179729345,
      "duration_units" : "seconds",
      "rate_units" : "calls/second"
    },
    "eu.domibus.core.message.UserMessageHandlerServiceImpl.handleNewUserMessage.timer" : {
      "count" : 113699,
      "max" : 0.36815672000000005,
      "mean" : 0.07347881170648335,
      "min" : 0.022548788,
      "p50" : 0.057962772,
      "p75" : 0.09007305600000001,
      "p95" : 0.17461221500000002,
      "p98" : 0.22200829200000002,
      "p99" : 0.32856783900000003,
      "p999" : 0.36815672000000005,
      "stddev" : 0.05216323942339179,
      "m15_rate" : 54.143290131599926,
      "m1_rate" : 60.221686222963896,
      "m5_rate" : 60.87364561409374,
      "mean_rate" : 60.007891649901175,
      "duration_units" : "seconds",
      "rate_units" : "calls/second"
    },
    "eu.domibus.core.message.UserMessageLogDao.deleteMessages.deleteMessageLogs.timer" : {
      "count" : 23,
      "max" : 0.08478965100000001,
      "mean" : 0.06308780123026664,
      "min" : 0.01622689,
      "p50" : 0.062435264000000004,
      "p75" : 0.069722359,
      "p95" : 0.08478965100000001,
      "p98" : 0.08478965100000001,
      "p99" : 0.08478965100000001,
      "p999" : 0.08478965100000001,
      "stddev" : 0.011663513652819956,
      "m15_rate" : 0.3742035236070989,
      "m1_rate" : 5.550729974690977E-9,
      "m5_rate" : 0.026956098834477613,
      "mean_rate" : 0.019013525070337132,
      "duration_units" : "seconds",
      "rate_units" : "calls/second"
    },
    "eu.domibus.core.message.acknowledge.MessageAcknowledgementDao.deleteMessages.deleteMessageAcknowledgementsByMessageIds.timer" : {
      "count" : 23,
      "max" : 0.09631374200000001,
      "mean" : 0.004947607880262712,
      "min" : 0.0026791980000000003,
      "p50" : 0.0035724980000000003,
      "p75" : 0.0038737980000000003,
      "p95" : 0.004440197,
      "p98" : 0.009987894,
      "p99" : 0.09631374200000001,
      "p999" : 0.09631374200000001,
      "stddev" : 0.01079132271543907,
      "m15_rate" : 0.3742035236070989,
      "m1_rate" : 5.550729974690977E-9,
      "m5_rate" : 0.026956098834477613,
      "mean_rate" : 0.019014957310884338,
      "duration_units" : "seconds",
      "rate_units" : "calls/second"
    },
    "eu.domibus.core.message.attempt.MessageAttemptDao.deleteMessages.deleteAttemptsByMessageIds.timer" : {
      "count" : 23,
      "max" : 0.011950792,
      "mean" : 0.004063967741509097,
      "min" : 0.003254498,
      "p50" : 0.003783198,
      "p75" : 0.0044305970000000005,
      "p95" : 0.004927697,
      "p98" : 0.008819495,
      "p99" : 0.011950792,
      "p999" : 0.011950792,
      "stddev" : 0.001189608083108397,
      "m15_rate" : 0.3742035236070989,
      "m1_rate" : 5.550729974690977E-9,
      "m5_rate" : 0.026956098834477613,
      "mean_rate" : 0.019014204929428048,
      "duration_units" : "seconds",
      "rate_units" : "calls/second"
    },
    "eu.domibus.core.message.pull.IncomingPullRequestHandler.incoming_pull_request.timer" : {
      "count" : 4,
      "max" : 0.42838590000000004,
      "mean" : 0.221446047,
      "min" : 0.012230695000000001,
      "p50" : 0.4283555,
      "p75" : 0.42838590000000004,
      "p95" : 0.42838590000000004,
      "p98" : 0.42838590000000004,
      "p99" : 0.42838590000000004,
      "p999" : 0.42838590000000004,
      "stddev" : 0.20693099281075494,
      "m15_rate" : 0.03705448901664328,
      "m1_rate" : 7.750908545933004E-21,
      "m5_rate" : 7.949549393439428E-5,
      "mean_rate" : 0.001443936390384866,
      "duration_units" : "seconds",
      "rate_units" : "calls/second"
    },
    "eu.domibus.core.message.receipt.AS4ReceiptServiceImpl.generateReceipt.timer" : {
      "count" : 113699,
      "max" : 0.114782644,
      "mean" : 0.026579065714297544,
      "min" : 0.016204292000000002,
      "p50" : 0.023546289,
      "p75" : 0.028678986,
      "p95" : 0.044623778,
      "p98" : 0.053164174,
      "p99" : 0.058203072,
      "p999" : 0.087941156,
      "stddev" : 0.00923267784456325,
      "m15_rate" : 54.15227876795833,
      "m1_rate" : 60.320557249349065,
      "m5_rate" : 60.89639818346393,
      "mean_rate" : 60.01270822141005,
      "duration_units" : "seconds",
      "rate_units" : "calls/second"
    },
    "eu.domibus.core.message.retention.MessageRetentionDefaultService.schedule_deleteExpiredMessages.timer" : {
      "count" : 7,
      "max" : 6.841585374,
      "mean" : 5.89674772904251,
      "min" : 0.225089898,
      "p50" : 5.5644307920000005,
      "p75" : 6.841585374,
      "p95" : 6.841585374,
      "p98" : 6.841585374,
      "p99" : 6.841585374,
      "p999" : 6.841585374,
      "stddev" : 0.5638535119559096,
      "m15_rate" : 0.01518183627297627,
      "m1_rate" : 3.6611021710463784E-10,
      "m5_rate" : 3.1304610947693526E-4,
      "mean_rate" : 0.0029017470179167723,
      "duration_units" : "seconds",
      "rate_units" : "calls/second"
    },
    "eu.domibus.core.message.retention.RetentionListener.onMessage.deleteMessages.timer" : {
      "count" : 23,
      "max" : 2.076122549,
      "mean" : 1.7785119084328047,
      "min" : 0.354285887,
      "p50" : 1.82005035,
      "p75" : 1.9312764880000002,
      "p95" : 1.951151276,
      "p98" : 1.951151276,
      "p99" : 2.076122549,
      "p999" : 2.076122549,
      "stddev" : 0.2472500644431981,
      "m15_rate" : 0.37213568750705717,
      "m1_rate" : 5.140718081675915E-9,
      "m5_rate" : 0.02651449125303066,
      "mean_rate" : 0.018996068405943294,
      "duration_units" : "seconds",
      "rate_units" : "calls/second"
    },
    "eu.domibus.core.message.signal.SignalMessageDao.deleteMessages.deleteReceipts.timer" : {
      "count" : 23,
      "max" : 0.25725295200000003,
      "mean" : 0.19965035235983156,
      "min" : 0.024995185000000003,
      "p50" : 0.212344777,
      "p75" : 0.22580987000000002,
      "p95" : 0.25725295200000003,
      "p98" : 0.25725295200000003,
      "p99" : 0.25725295200000003,
      "p999" : 0.25725295200000003,
      "stddev" : 0.041473065094879295,
      "m15_rate" : 0.3742035236070989,
      "m1_rate" : 5.550729974690977E-9,
      "m5_rate" : 0.026956098834477613,
      "mean_rate" : 0.019012833566508666,
      "duration_units" : "seconds",
      "rate_units" : "calls/second"
    },
    "eu.domibus.core.message.signal.SignalMessageLogDao.deleteMessages.deleteMessageLogs.timer" : {
      "count" : 23,
      "max" : 0.06590676200000001,
      "mean" : 0.05359057678182573,
      "min" : 0.007286096000000001,
      "p50" : 0.057711866,
      "p75" : 0.062009164000000006,
      "p95" : 0.06590676200000001,
      "p98" : 0.06590676200000001,
      "p99" : 0.06590676200000001,
      "p999" : 0.06590676200000001,
      "stddev" : 0.0107957680546646,
      "m15_rate" : 0.3742035236070989,
      "m1_rate" : 5.550729974690977E-9,
      "m5_rate" : 0.026956098834477613,
      "mean_rate" : 0.019013893095471145,
      "duration_units" : "seconds",
      "rate_units" : "calls/second"
    },
    "eu.domibus.core.plugin.handler.DatabaseMessageHandler.submit.timer" : {
      "count" : 113472,
      "max" : 0.272784866,
      "mean" : 0.059493576804939365,
      "min" : 0.009022096,
      "p50" : 0.061096370000000004,
      "p75" : 0.07688956200000001,
      "p95" : 0.152499825,
      "p98" : 0.174387715,
      "p99" : 0.200004602,
      "p999" : 0.272784866,
      "stddev" : 0.04433670723810713,
      "m15_rate" : 54.125961450308715,
      "m1_rate" : 59.96335802617183,
      "m5_rate" : 60.90723771510602,
      "mean_rate" : 61.046247583425824,
      "duration_units" : "seconds",
      "rate_units" : "calls/second"
    },
    "eu.domibus.core.plugin.notification.BackendNotificationService.notifyMessageReceived.timer" : {
      "count" : 113699,
      "max" : 0.26260947100000004,
      "mean" : 0.03600398790852537,
      "min" : 4.1600000000000003E-4,
      "p50" : 0.026945687000000003,
      "p75" : 0.053468074000000004,
      "p95" : 0.10878504700000001,
      "p98" : 0.145301029,
      "p99" : 0.16482002,
      "p999" : 0.192646905,
      "stddev" : 0.03677197062015198,
      "m15_rate" : 54.14952616558311,
      "m1_rate" : 60.287814519692915,
      "m5_rate" : 60.88994588267527,
      "mean_rate" : 60.01025476299972,
      "duration_units" : "seconds",
      "rate_units" : "calls/second"
    },
    "eu.domibus.core.plugin.notification.PluginAsyncNotificationListener.onMessage.timer" : {
      "count" : 113521,
      "max" : 0.30831334800000004,
      "mean" : 0.059681096565807334,
      "min" : 0.009416496,
      "p50" : 0.061163470000000005,
      "p75" : 0.07756376200000001,
      "p95" : 0.147889828,
      "p98" : 0.164816019,
      "p99" : 0.175175614,
      "p999" : 0.191800406,
      "stddev" : 0.041118125509556555,
      "m15_rate" : 54.116940651336776,
      "m1_rate" : 60.16886187858002,
      "m5_rate" : 60.91478665478135,
      "mean_rate" : 59.928671403405865,
      "duration_units" : "seconds",
      "rate_units" : "calls/second"
    },
    "eu.domibus.core.pmode.validation.validators.MessagePropertyValidator.validate.timer" : {
      "count" : 227174,
      "max" : 2.85E-5,
      "mean" : 1.0710328216757442E-6,
      "min" : 4.0000000000000003E-7,
      "p50" : 1.0000000000000002E-6,
      "p75" : 1.2000000000000002E-6,
      "p95" : 1.6000000000000001E-6,
      "p98" : 2.0000000000000003E-6,
      "p99" : 2.6E-6,
      "p999" : 1.66E-5,
      "stddev" : 8.988805499347251E-7,
      "m15_rate" : 107.94018400555682,
      "m1_rate" : 119.94361679674641,
      "m5_rate" : 121.72662260622441,
      "mean_rate" : 119.89785286685559,
      "duration_units" : "seconds",
      "rate_units" : "calls/second"
    },
    "eu.domibus.core.replication.UIMessageDaoImpl.deleteMessages.deleteUIMessagesByMessageIds.timer" : {
      "count" : 46,
      "max" : 0.014376792000000001,
      "mean" : 0.0033774839344748626,
      "min" : 7.569E-4,
      "p50" : 0.0031303980000000004,
      "p75" : 0.0039043980000000003,
      "p95" : 0.005290297,
      "p98" : 0.009261695,
      "p99" : 0.009261695,
      "p999" : 0.014376792000000001,
      "stddev" : 0.00152597423738755,
      "m15_rate" : 0.7484070472141978,
      "m1_rate" : 1.1101459949381954E-8,
      "m5_rate" : 0.053912197668955227,
      "mean_rate" : 0.038029364269186856,
      "duration_units" : "seconds",
      "rate_units" : "calls/second"
    },
    "eu.domibus.core.util.SoapUtil.logMessage.timer" : {
      "count" : 113702,
      "max" : 5.4900000000000006E-5,
      "mean" : 7.393632710306273E-7,
      "min" : 2.0000000000000002E-7,
      "p50" : 6.000000000000001E-7,
      "p75" : 7.000000000000001E-7,
      "p95" : 1.1E-6,
      "p98" : 1.4000000000000001E-6,
      "p99" : 1.6000000000000001E-6,
      "p999" : 2.44E-5,
      "stddev" : 1.3218459320510707E-6,
      "m15_rate" : 54.15598536246248,
      "m1_rate" : 60.41225590200157,
      "m5_rate" : 60.91057949692616,
      "mean_rate" : 60.00953691957276,
      "duration_units" : "seconds",
      "rate_units" : "calls/second"
    },
    "eu.domibus.plugin.jms.JMSPluginImpl.deliverMessage.timer" : {
      "count" : 113521,
      "max" : 0.273934966,
      "mean" : 0.0610311636105385,
      "min" : 0.008900296,
      "p50" : 0.061849570000000006,
      "p75" : 0.07882046200000001,
      "p95" : 0.147590728,
      "p98" : 0.179189012,
      "p99" : 0.2042063,
      "p999" : 0.273934966,
      "stddev" : 0.04393049074734786,
      "m15_rate" : 54.127327007350395,
      "m1_rate" : 60.32100690152068,
      "m5_rate" : 60.94582691590768,
      "mean_rate" : 59.929065834944744,
      "duration_units" : "seconds",
      "rate_units" : "calls/second"
    },
    "eu.domibus.plugin.jms.JMSPluginImpl.receiveMessage.timer" : {
      "count" : 113465,
      "max" : 0.39478890600000005,
      "mean" : 0.09384101648970225,
      "min" : 0.009675595,
      "p50" : 0.07658506300000001,
      "p75" : 0.147180628,
      "p95" : 0.24396968000000002,
      "p98" : 0.305124051,
      "p99" : 0.32844384000000004,
      "p999" : 0.39451160700000004,
      "stddev" : 0.0797067043579672,
      "m15_rate" : 54.12427080145975,
      "m1_rate" : 59.92234538583563,
      "m5_rate" : 60.90260138148312,
      "mean_rate" : 61.042222942869735,
      "duration_units" : "seconds",
      "rate_units" : "calls/second"
    }
  }
}