{
  "version" : "4.0.0",
  "gauges" : { },
  "counters" : {
    "eu.domibus.core.ebms3.receiver.MSHWebservice.incoming_user_message.counter" : {
      "count" : 7
    },
    "eu.domibus.core.ebms3.receiver.handler.AbstractIncomingMessageHandler.processMessage.counter" : {
      "count" : 7
    },
    "eu.domibus.core.ebms3.receiver.handler.IncomingUserMessageHandler.around_handleNewUserMessage.counter.counter" : {
      "count" : 7
    },
    "eu.domibus.core.ebms3.sender.AbstractUserMessageSender.outgoing_user_message.counter" : {
      "count" : 0
    },
    "eu.domibus.core.ebms3.sender.MessageSenderListener.onMessage.counter" : {
      "count" : 0
    },
    "eu.domibus.core.ebms3.sender.MessageSenderService.sendUserMessage.counter" : {
      "count" : 0
    },
    "eu.domibus.core.ebms3.sender.client.MSHDispatcher.dispatch.counter" : {
      "count" : 0
    },
    "eu.domibus.core.error.ErrorLogDao.deleteMessages.deleteErrorLogsByMessageIdInError.counter" : {
      "count" : 0
    },
    "eu.domibus.core.message.MessageInfoDao.deleteMessages.counter" : {
      "count" : 0
    },
    "eu.domibus.core.message.MessageInfoDao.findSignalMessageIds.counter" : {
      "count" : 0
    },
    "eu.domibus.core.message.MessagingServiceImpl.storeMessage.counter" : {
      "count" : 1
    },
    "eu.domibus.core.message.UserMessageHandlerServiceImpl.handleNewUserMessage.counter" : {
      "count" : 2
    },
    "eu.domibus.core.message.UserMessageLogDao.deleteMessages.deleteMessageLogs.counter" : {
      "count" : 0
    },
    "eu.domibus.core.message.acknowledge.MessageAcknowledgementDao.deleteMessages.deleteMessageAcknowledgementsByMessageIds.counter" : {
      "count" : 0
    },
    "eu.domibus.core.message.attempt.MessageAttemptDao.deleteMessages.deleteAttemptsByMessageIds.counter" : {
      "count" : 0
    },
    "eu.domibus.core.message.pull.IncomingPullRequestHandler.incoming_pull_request.counter" : {
      "count" : 0
    },
    "eu.domibus.core.message.receipt.AS4ReceiptServiceImpl.generateReceipt.counter" : {
      "count" : 1
    },
    "eu.domibus.core.message.retention.MessageRetentionDefaultService.schedule_deleteExpiredMessages.counter" : {
      "count" : 0
    },
    "eu.domibus.core.message.retention.RetentionListener.onMessage.deleteMessages.counter" : {
      "count" : 0
    },
    "eu.domibus.core.message.signal.SignalMessageDao.deleteMessages.deleteReceipts.counter" : {
      "count" : 0
    },
    "eu.domibus.core.message.signal.SignalMessageLogDao.deleteMessages.deleteMessageLogs.counter" : {
      "count" : 0
    },
    "eu.domibus.core.plugin.handler.DatabaseMessageHandler.submit.counter" : {
      "count" : 0
    },
    "eu.domibus.core.plugin.notification.BackendNotificationService.notifyMessageReceived.counter" : {
      "count" : 0
    },
    "eu.domibus.core.plugin.notification.PluginAsyncNotificationListener.onMessage.counter" : {
      "count" : 0
    },
    "eu.domibus.core.pmode.validation.validators.MessagePropertyValidator.validate.counter" : {
      "count" : 0
    },
    "eu.domibus.core.replication.UIMessageDaoImpl.deleteMessages.deleteUIMessagesByMessageIds.counter" : {
      "count" : 0
    },
    "eu.domibus.core.util.SoapUtil.SoapUtil.counter" : {
      "count" : 0
    },
    "eu.domibus.plugin.jms.JMSPluginImpl.deliverMessage.counter" : {
      "count" : 0
    },
    "eu.domibus.plugin.jms.JMSPluginImpl.receiveMessage.counter" : {
      "count" : 0
    }
  },
  "histograms" : { },
  "meters" : { },
  "timers" : {
    "eu.domibus.core.ebms3.receiver.MSHWebservice.incoming_user_message.timer" : {
      "count" : 107921,
      "max" : 0.747036173,
      "mean" : 0.26521673414330355,
      "min" : 0.11233881700000001,
      "p50" : 0.229340867,
      "p75" : 0.308351594,
      "p95" : 0.52366546,
      "p98" : 0.581858156,
      "p99" : 0.596147681,
      "p999" : 0.747036173,
      "stddev" : 0.11018147354638541,
      "m15_rate" : 51.058809058230345,
      "m1_rate" : 61.245387791401214,
      "m5_rate" : 59.31368440702888,
      "mean_rate" : 38.958525289256166,
      "duration_units" : "seconds",
      "rate_units" : "calls/second"
    },
    "eu.domibus.core.ebms3.receiver.handler.AbstractIncomingMessageHandler.processMessage.timer" : {
      "count" : 107915,
      "max" : 0.8507322890000001,
      "mean" : 0.2703341983512093,
      "min" : 0.108586469,
      "p50" : 0.230006029,
      "p75" : 0.307717434,
      "p95" : 0.555929052,
      "p98" : 0.602273849,
      "p99" : 0.662343319,
      "p999" : 0.8484234740000001,
      "stddev" : 0.12169851056632114,
      "m15_rate" : 51.280595723279596,
      "m1_rate" : 61.837637511582194,
      "m5_rate" : 59.40304789592933,
      "mean_rate" : 56.9473560098919,
      "duration_units" : "seconds",
      "rate_units" : "calls/second"
    },
    "eu.domibus.core.ebms3.receiver.handler.IncomingUserMessageHandler.around_handleNewUserMessage.timer.timer" : {
      "count" : 107915,
      "max" : 0.849393065,
      "mean" : 0.26992207571975896,
      "min" : 0.110630559,
      "p50" : 0.23100952100000002,
      "p75" : 0.307085576,
      "p95" : 0.535517059,
      "p98" : 0.5956350340000001,
      "p99" : 0.68326606,
      "p999" : 0.7464418180000001,
      "stddev" : 0.11501973733751156,
      "m15_rate" : 51.27864314693683,
      "m1_rate" : 61.8085525327826,
      "m5_rate" : 59.39611581610678,
      "mean_rate" : 56.94838768208184,
      "duration_units" : "seconds",
      "rate_units" : "calls/second"
    },
    "eu.domibus.core.ebms3.sender.AbstractUserMessageSender.outgoing_user_message.timer" : {
      "count" : 108011,
      "max" : 0.187290067,
      "mean" : 0.054217863816328336,
      "min" : 0.040341241,
      "p50" : 0.052167737000000006,
      "p75" : 0.056562645,
      "p95" : 0.065500573,
      "p98" : 0.073686333,
      "p99" : 0.121931807,
      "p999" : 0.187290067,
      "stddev" : 0.012891718754412045,
      "m15_rate" : 51.48960531574874,
      "m1_rate" : 61.66399265170078,
      "m5_rate" : 59.44574959600126,
      "mean_rate" : 58.144354079738534,
      "duration_units" : "seconds",
      "rate_units" : "calls/second"
    },
    "eu.domibus.core.ebms3.sender.MessageSenderListener.onMessage.timer" : {
      "count" : 108011,
      "max" : 0.43845655800000005,
      "mean" : 0.061785767280754994,
      "min" : 0.045940760000000004,
      "p50" : 0.057346318,
      "p75" : 0.063244664,
      "p95" : 0.076327478,
      "p98" : 0.134330857,
      "p99" : 0.180187909,
      "p999" : 0.43845655800000005,
      "stddev" : 0.02335772943681256,
      "m15_rate" : 51.493399962744824,
      "m1_rate" : 61.727125890867775,
      "m5_rate" : 59.45941130313228,
      "mean_rate" : 58.14152209438386,
      "duration_units" : "seconds",
      "rate_units" : "calls/second"
    },
    "eu.domibus.core.ebms3.sender.MessageSenderService.sendUserMessage.timer" : {
      "count" : 108011,
      "max" : 0.333811654,
      "mean" : 0.06333216721916662,
      "min" : 0.045233595,
      "p50" : 0.057794859000000004,
      "p75" : 0.06296623900000001,
      "p95" : 0.08955370400000001,
      "p98" : 0.169729139,
      "p99" : 0.19834659300000002,
      "p999" : 0.24139528500000001,
      "stddev" : 0.025086599750095025,
      "m15_rate" : 51.49252098420276,
      "m1_rate" : 61.70761446078778,
      "m5_rate" : 59.456254218163885,
      "mean_rate" : 58.1420219104911,
      "duration_units" : "seconds",
      "rate_units" : "calls/second"
    },
    "eu.domibus.core.ebms3.sender.client.MSHDispatcher.dispatch.timer" : {
      "count" : 108011,
      "max" : 0.41095220800000004,
      "mean" : 0.047351998887766006,
      "min" : 0.032938355,
      "p50" : 0.044976171,
      "p75" : 0.049455186000000005,
      "p95" : 0.058402616000000004,
      "p98" : 0.065084535,
      "p99" : 0.139271214,
      "p999" : 0.41095220800000004,
      "stddev" : 0.018921932625940236,
      "m15_rate" : 51.491958893368235,
      "m1_rate" : 61.690657061224464,
      "m5_rate" : 59.45053927849209,
      "mean_rate" : 58.14640546014593,
      "duration_units" : "seconds",
      "rate_units" : "calls/second"
    },
    "eu.domibus.core.error.ErrorLogDao.deleteMessages.deleteErrorLogsByMessageIdInError.timer" : {
      "count" : 57,
      "max" : 0.009879216000000001,
      "mean" : 0.0027322343031813178,
      "min" : 0.002116796,
      "p50" : 0.0026658470000000003,
      "p75" : 0.003099188,
      "p95" : 0.004017372,
      "p98" : 0.004077578,
      "p99" : 0.004077578,
      "p999" : 0.004077578,
      "stddev" : 5.625167005925357E-4,
      "m15_rate" : 0.08367964405475707,
      "m1_rate" : 0.16100555138907605,
      "m5_rate" : 0.05921571474430828,
      "mean_rate" : 0.044871997465320904,
      "duration_units" : "seconds",
      "rate_units" : "calls/second"
    },
    "eu.domibus.core.message.MessageInfoDao.deleteMessages.timer" : {
      "count" : 114,
      "max" : 1.342532596,
      "mean" : 0.6676477601385062,
      "min" : 0.031121386,
      "p50" : 0.426305631,
      "p75" : 1.055781903,
      "p95" : 1.239092702,
      "p98" : 1.2676791520000001,
      "p99" : 1.2676791520000001,
      "p999" : 1.2676791520000001,
      "stddev" : 0.4196662586263798,
      "m15_rate" : 0.16735928810951414,
      "m1_rate" : 0.3220111027781521,
      "m5_rate" : 0.11843142948861655,
      "mean_rate" : 0.08972961965077934,
      "duration_units" : "seconds",
      "rate_units" : "calls/second"
    },
    "eu.domibus.core.message.MessageInfoDao.findSignalMessageIds.timer" : {
      "count" : 57,
      "max" : 0.322522307,
      "mean" : 0.11127180916276919,
      "min" : 0.04497007,
      "p50" : 0.095350242,
      "p75" : 0.11579493800000001,
      "p95" : 0.20613661500000002,
      "p98" : 0.322522307,
      "p99" : 0.322522307,
      "p999" : 0.322522307,
      "stddev" : 0.05230866396755156,
      "m15_rate" : 0.08362383394066547,
      "m1_rate" : 0.1558672287274161,
      "m5_rate" : 0.05891350913086501,
      "mean_rate" : 0.04486268474077567,
      "duration_units" : "seconds",
      "rate_units" : "calls/second"
    },
    "eu.domibus.core.message.MessagingServiceImpl.storeMessage.timer" : {
      "count" : 215939,
      "max" : 0.135511766,
      "mean" : 0.004517021757120758,
      "min" : 0.002490031,
      "p50" : 0.003957367,
      "p75" : 0.0045214190000000005,
      "p95" : 0.006372791,
      "p98" : 0.009188552000000001,
      "p99" : 0.011705385,
      "p999" : 0.099825857,
      "stddev" : 0.005087385557349856,
      "m15_rate" : 102.29391570563318,
      "m1_rate" : 123.22389671473125,
      "m5_rate" : 118.75876046531715,
      "mean_rate" : 113.95524766514605,
      "duration_units" : "seconds",
      "rate_units" : "calls/second"
    },
    "eu.domibus.core.message.UserMessageHandlerServiceImpl.handleNewUserMessage.timer" : {
      "count" : 107920,
      "max" : 0.330008002,
      "mean" : 0.06321748526667453,
      "min" : 0.018429109000000003,
      "p50" : 0.048371285,
      "p75" : 0.08076849,
      "p95" : 0.16621021300000002,
      "p98" : 0.20103484200000002,
      "p99" : 0.22157314600000003,
      "p999" : 0.30539792000000004,
      "stddev" : 0.045865486162412754,
      "m15_rate" : 51.28950475161516,
      "m1_rate" : 61.95547887735961,
      "m5_rate" : 59.422791959038534,
      "mean_rate" : 56.95099420871306,
      "duration_units" : "seconds",
      "rate_units" : "calls/second"
    },
    "eu.domibus.core.message.UserMessageLogDao.deleteMessages.deleteMessageLogs.timer" : {
      "count" : 57,
      "max" : 0.22589054700000002,
      "mean" : 0.09358506690050938,
      "min" : 0.013553057,
      "p50" : 0.074995955,
      "p75" : 0.09435695000000001,
      "p95" : 0.22589054700000002,
      "p98" : 0.22589054700000002,
      "p99" : 0.22589054700000002,
      "p999" : 0.22589054700000002,
      "stddev" : 0.04695426502625886,
      "m15_rate" : 0.08367964405475707,
      "m1_rate" : 0.16100555138907605,
      "m5_rate" : 0.05921571474430828,
      "mean_rate" : 0.044870420969504186,
      "duration_units" : "seconds",
      "rate_units" : "calls/second"
    },
    "eu.domibus.core.message.acknowledge.MessageAcknowledgementDao.deleteMessages.deleteMessageAcknowledgementsByMessageIds.timer" : {
      "count" : 57,
      "max" : 0.011262844000000001,
      "mean" : 0.0027814414774129403,
      "min" : 0.001851172,
      "p50" : 0.0027366540000000003,
      "p75" : 0.0031927960000000003,
      "p95" : 0.003948666,
      "p98" : 0.004177788,
      "p99" : 0.004177788,
      "p999" : 0.004177788,
      "stddev" : 6.413465353004666E-4,
      "m15_rate" : 0.08367964405475707,
      "m1_rate" : 0.16100555138907605,
      "m5_rate" : 0.05921571474430828,
      "mean_rate" : 0.044872695658908605,
      "duration_units" : "seconds",
      "rate_units" : "calls/second"
    },
    "eu.domibus.core.message.attempt.MessageAttemptDao.deleteMessages.deleteAttemptsByMessageIds.timer" : {
      "count" : 57,
      "max" : 0.009724302,
      "mean" : 0.00371614186073153,
      "min" : 0.002438426,
      "p50" : 0.003389015,
      "p75" : 0.0041839880000000005,
      "p95" : 0.006285583,
      "p98" : 0.006285583,
      "p99" : 0.006285583,
      "p999" : 0.006285583,
      "stddev" : 0.001086384909580916,
      "m15_rate" : 0.08367964405475707,
      "m1_rate" : 0.16100555138907605,
      "m5_rate" : 0.05921571474430828,
      "mean_rate" : 0.04487164239221639,
      "duration_units" : "seconds",
      "rate_units" : "calls/second"
    },
    "eu.domibus.core.message.pull.IncomingPullRequestHandler.incoming_pull_request.timer" : {
      "count" : 6,
      "max" : 0.5287768500000001,
      "mean" : 0.27503154766666665,
      "min" : 0.014720468,
      "p50" : 0.528679841,
      "p75" : 0.5287646490000001,
      "p95" : 0.5287768500000001,
      "p98" : 0.5287768500000001,
      "p99" : 0.5287768500000001,
      "p999" : 0.5287768500000001,
      "stddev" : 0.25373200348175157,
      "m15_rate" : 0.05558173352496493,
      "m1_rate" : 1.1626362818899511E-20,
      "m5_rate" : 1.1924324090159165E-4,
      "mean_rate" : 0.002165947770039137,
      "duration_units" : "seconds",
      "rate_units" : "calls/second"
    },
    "eu.domibus.core.message.receipt.AS4ReceiptServiceImpl.generateReceipt.timer" : {
      "count" : 107920,
      "max" : 0.167617243,
      "mean" : 0.02411733454582082,
      "min" : 0.013966795,
      "p50" : 0.021159862,
      "p75" : 0.025283144,
      "p95" : 0.039458159,
      "p98" : 0.049865624000000004,
      "p99" : 0.086786047,
      "p999" : 0.167617243,
      "stddev" : 0.014105079251446455,
      "m15_rate" : 51.286222606617734,
      "m1_rate" : 61.90003142826862,
      "m5_rate" : 59.409513706265386,
      "mean_rate" : 56.95511776347461,
      "duration_units" : "seconds",
      "rate_units" : "calls/second"
    },
    "eu.domibus.core.message.retention.MessageRetentionDefaultService.schedule_deleteExpiredMessages.timer" : {
      "count" : 12,
      "max" : 6.5962496,
      "mean" : 4.747066148479633,
      "min" : 0.47981724000000003,
      "p50" : 4.291426046000001,
      "p75" : 5.8513125950000004,
      "p95" : 5.8513125950000004,
      "p98" : 5.8513125950000004,
      "p99" : 5.8513125950000004,
      "p999" : 5.8513125950000004,
      "stddev" : 0.709363496656479,
      "m15_rate" : 0.0199967533332891,
      "m1_rate" : 0.02059605813817762,
      "m5_rate" : 0.00728432325866271,
      "mean_rate" : 0.005101289812779774,
      "duration_units" : "seconds",
      "rate_units" : "calls/second"
    },
    "eu.domibus.core.message.retention.RetentionListener.onMessage.deleteMessages.timer" : {
      "count" : 57,
      "max" : 2.6579383770000002,
      "mean" : 2.017407386127362,
      "min" : 0.313984819,
      "p50" : 2.005183342,
      "p75" : 2.201494646,
      "p95" : 2.3442637850000003,
      "p98" : 2.488189131,
      "p99" : 2.488189131,
      "p999" : 2.488189131,
      "stddev" : 0.2190069142933523,
      "m15_rate" : 0.08369095247243376,
      "m1_rate" : 0.16147597347416495,
      "m5_rate" : 0.05927116612080232,
      "mean_rate" : 0.04486212516214734,
      "duration_units" : "seconds",
      "rate_units" : "calls/second"
    },
    "eu.domibus.core.message.signal.SignalMessageDao.deleteMessages.deleteReceipts.timer" : {
      "count" : 57,
      "max" : 0.879767783,
      "mean" : 0.31699366529392214,
      "min" : 0.026139125000000003,
      "p50" : 0.241814723,
      "p75" : 0.362210688,
      "p95" : 0.738508182,
      "p98" : 0.738508182,
      "p99" : 0.738508182,
      "p999" : 0.738508182,
      "stddev" : 0.1678612365371043,
      "m15_rate" : 0.08367964405475707,
      "m1_rate" : 0.16100555138907605,
      "m5_rate" : 0.05921571474430828,
      "mean_rate" : 0.04486947961270716,
      "duration_units" : "seconds",
      "rate_units" : "calls/second"
    },
    "eu.domibus.core.message.signal.SignalMessageLogDao.deleteMessages.deleteMessageLogs.timer" : {
      "count" : 57,
      "max" : 0.097846073,
      "mean" : 0.07129818300369754,
      "min" : 0.020845633000000002,
      "p50" : 0.068873587,
      "p75" : 0.088481605,
      "p95" : 0.097846073,
      "p98" : 0.097846073,
      "p99" : 0.097846073,
      "p999" : 0.097846073,
      "stddev" : 0.016424105244539838,
      "m15_rate" : 0.08367964405475707,
      "m1_rate" : 0.16100555138907605,
      "m5_rate" : 0.05921571474430828,
      "mean_rate" : 0.04487088762493617,
      "duration_units" : "seconds",
      "rate_units" : "calls/second"
    },
    "eu.domibus.core.plugin.handler.DatabaseMessageHandler.submit.timer" : {
      "count" : 108017,
      "max" : 0.39441147400000004,
      "mean" : 0.05312013566613989,
      "min" : 0.007470293,
      "p50" : 0.058886860000000006,
      "p75" : 0.07526888000000001,
      "p95" : 0.146709104,
      "p98" : 0.176565673,
      "p99" : 0.220878983,
      "p999" : 0.306492121,
      "stddev" : 0.04824370296837868,
      "m15_rate" : 51.48483216571177,
      "m1_rate" : 61.658998065781134,
      "m5_rate" : 59.4351699743236,
      "mean_rate" : 58.13697007941995,
      "duration_units" : "seconds",
      "rate_units" : "calls/second"
    },
    "eu.domibus.core.plugin.notification.BackendNotificationService.notifyMessageReceived.timer" : {
      "count" : 107922,
      "max" : 0.19832549100000002,
      "mean" : 0.032467713022521584,
      "min" : 3.1942900000000003E-4,
      "p50" : 0.019644621,
      "p75" : 0.045199292,
      "p95" : 0.122233435,
      "p98" : 0.149213437,
      "p99" : 0.184938649,
      "p999" : 0.19807596800000002,
      "stddev" : 0.04021514285578469,
      "m15_rate" : 51.28892199491725,
      "m1_rate" : 61.937596386302474,
      "m5_rate" : 59.4190274203612,
      "mean_rate" : 56.95412305908855,
      "duration_units" : "seconds",
      "rate_units" : "calls/second"
    },
    "eu.domibus.core.plugin.notification.PluginAsyncNotificationListener.onMessage.timer" : {
      "count" : 108040,
      "max" : 0.305583737,
      "mean" : 0.058464630359042924,
      "min" : 0.007628307000000001,
      "p50" : 0.06287393100000001,
      "p75" : 0.07830986100000001,
      "p95" : 0.15817356700000001,
      "p98" : 0.177894396,
      "p99" : 0.291871765,
      "p999" : 0.305583737,
      "stddev" : 0.051883477428431454,
      "m15_rate" : 51.366897538275744,
      "m1_rate" : 61.83330600287163,
      "m5_rate" : 59.44129631536934,
      "mean_rate" : 57.03392564468071,
      "duration_units" : "seconds",
      "rate_units" : "calls/second"
    },
    "eu.domibus.core.pmode.validation.validators.MessagePropertyValidator.validate.timer" : {
      "count" : 215939,
      "max" : 3.1003E-5,
      "mean" : 1.401487147299768E-6,
      "min" : 4.0000000000000003E-7,
      "p50" : 1.2000000000000002E-6,
      "p75" : 1.401E-6,
      "p95" : 2.0000000000000003E-6,
      "p98" : 2.401E-6,
      "p99" : 7.100000000000001E-6,
      "p999" : 2.4002E-5,
      "stddev" : 1.589874895092806E-6,
      "m15_rate" : 102.2944185905707,
      "m1_rate" : 123.23334873890722,
      "m5_rate" : 118.76052002901794,
      "mean_rate" : 113.95455827958608,
      "duration_units" : "seconds",
      "rate_units" : "calls/second"
    },
    "eu.domibus.core.replication.UIMessageDaoImpl.deleteMessages.deleteUIMessagesByMessageIds.timer" : {
      "count" : 114,
      "max" : 0.009789008,
      "mean" : 0.0025063328647276146,
      "min" : 8.60079E-4,
      "p50" : 0.002304014,
      "p75" : 0.002786358,
      "p95" : 0.003643938,
      "p98" : 0.004030173000000001,
      "p99" : 0.0045704230000000005,
      "p999" : 0.0045704230000000005,
      "stddev" : 5.920330904653654E-4,
      "m15_rate" : 0.16735928810951414,
      "m1_rate" : 0.3220111027781521,
      "m5_rate" : 0.11843142948861655,
      "mean_rate" : 0.08974450852869188,
      "duration_units" : "seconds",
      "rate_units" : "calls/second"
    },
    "eu.domibus.core.util.SoapUtil.logMessage.timer" : {
      "count" : 107922,
      "max" : 3.3604E-5,
      "mean" : 8.69874849733234E-7,
      "min" : 2.0000000000000002E-7,
      "p50" : 7.000000000000001E-7,
      "p75" : 1.0000000000000002E-6,
      "p95" : 1.4000000000000001E-6,
      "p98" : 1.5010000000000001E-6,
      "p99" : 1.701E-6,
      "p999" : 3.3604E-5,
      "stddev" : 1.2964167365142844E-6,
      "m15_rate" : 51.28946232356133,
      "m1_rate" : 61.9580308171333,
      "m5_rate" : 59.4206226160213,
      "mean_rate" : 56.952114102378715,
      "duration_units" : "seconds",
      "rate_units" : "calls/second"
    },
    "eu.domibus.plugin.jms.JMSPluginImpl.deliverMessage.timer" : {
      "count" : 108040,
      "max" : 0.30554673400000004,
      "mean" : 0.057153724340959396,
      "min" : 0.007937836,
      "p50" : 0.060378099000000005,
      "p75" : 0.07851348000000001,
      "p95" : 0.15792534400000002,
      "p98" : 0.175071435,
      "p99" : 0.202126944,
      "p999" : 0.30554673400000004,
      "stddev" : 0.05078682579944105,
      "m15_rate" : 51.366001718842305,
      "m1_rate" : 61.826993821463525,
      "m5_rate" : 59.43856722373128,
      "mean_rate" : 57.03437446770571,
      "duration_units" : "seconds",
      "rate_units" : "calls/second"
    },
    "eu.domibus.plugin.jms.JMSPluginImpl.receiveMessage.timer" : {
      "count" : 108017,
      "max" : 0.49106753700000005,
      "mean" : 0.08847565023593658,
      "min" : 0.008205861,
      "p50" : 0.07138772,
      "p75" : 0.14187945600000001,
      "p95" : 0.245318148,
      "p98" : 0.311081647,
      "p99" : 0.329567261,
      "p999" : 0.440978692,
      "stddev" : 0.08287038798381388,
      "m15_rate" : 51.488735892954416,
      "m1_rate" : 61.69801747826566,
      "m5_rate" : 59.44832964727149,
      "mean_rate" : 58.1367270933348,
      "duration_units" : "seconds",
      "rate_units" : "calls/second"
    }
  }
}