{
  "version" : "4.0.0",
  "gauges" : { },
  "counters" : {
    "eu.domibus.core.ebms3.receiver.MSHWebservice.incoming_user_message.counter" : {
      "count" : 10
    },
    "eu.domibus.core.ebms3.receiver.handler.AbstractIncomingMessageHandler.processMessage.counter" : {
      "count" : 10
    },
    "eu.domibus.core.ebms3.receiver.handler.IncomingUserMessageHandler.around_handleNewUserMessage.counter.counter" : {
      "count" : 10
    },
    "eu.domibus.core.ebms3.sender.AbstractUserMessageSender.outgoing_user_message.counter" : {
      "count" : 10
    },
    "eu.domibus.core.ebms3.sender.MessageSenderListener.onMessage.counter" : {
      "count" : 10
    },
    "eu.domibus.core.ebms3.sender.MessageSenderService.sendUserMessage.counter" : {
      "count" : 10
    },
    "eu.domibus.core.ebms3.sender.client.MSHDispatcher.dispatch.counter" : {
      "count" : 10
    },
    "eu.domibus.core.error.ErrorLogDao.deleteMessages.deleteErrorLogsByMessageIdInError.counter" : {
      "count" : 0
    },
    "eu.domibus.core.message.MessageInfoDao.deleteMessages.counter" : {
      "count" : 0
    },
    "eu.domibus.core.message.MessageInfoDao.findSignalMessageIds.counter" : {
      "count" : 0
    },
    "eu.domibus.core.message.MessagingServiceImpl.storeMessage.counter" : {
      "count" : 2
    },
    "eu.domibus.core.message.UserMessageHandlerServiceImpl.handleNewUserMessage.counter" : {
      "count" : 3
    },
    "eu.domibus.core.message.UserMessageLogDao.deleteMessages.deleteMessageLogs.counter" : {
      "count" : 0
    },
    "eu.domibus.core.message.acknowledge.MessageAcknowledgementDao.deleteMessages.deleteMessageAcknowledgementsByMessageIds.counter" : {
      "count" : 0
    },
    "eu.domibus.core.message.attempt.MessageAttemptDao.deleteMessages.deleteAttemptsByMessageIds.counter" : {
      "count" : 0
    },
    "eu.domibus.core.message.receipt.AS4ReceiptServiceImpl.generateReceipt.counter" : {
      "count" : 1
    },
    "eu.domibus.core.message.retention.MessageRetentionDefaultService.schedule_deleteExpiredMessages.counter" : {
      "count" : 0
    },
    "eu.domibus.core.message.retention.RetentionListener.onMessage.deleteMessages.counter" : {
      "count" : 0
    },
    "eu.domibus.core.message.signal.SignalMessageDao.deleteMessages.deleteReceipts.counter" : {
      "count" : 0
    },
    "eu.domibus.core.message.signal.SignalMessageLogDao.deleteMessages.deleteMessageLogs.counter" : {
      "count" : 0
    },
    "eu.domibus.core.plugin.handler.DatabaseMessageHandler.submit.counter" : {
      "count" : 0
    },
    "eu.domibus.core.plugin.notification.BackendNotificationService.notifyMessageReceived.counter" : {
      "count" : 0
    },
    "eu.domibus.core.plugin.notification.PluginAsyncNotificationListener.onMessage.counter" : {
      "count" : 0
    },
    "eu.domibus.core.pmode.validation.validators.MessagePropertyValidator.validate.counter" : {
      "count" : 0
    },
    "eu.domibus.core.replication.UIMessageDaoImpl.deleteMessages.deleteUIMessagesByMessageIds.counter" : {
      "count" : 0
    },
    "eu.domibus.core.util.SoapUtil.SoapUtil.counter" : {
      "count" : 0
    },
    "eu.domibus.plugin.jms.JMSPluginImpl.deliverMessage.counter" : {
      "count" : 0
    },
    "eu.domibus.plugin.jms.JMSPluginImpl.receiveMessage.counter" : {
      "count" : 0
    }
  },
  "histograms" : { },
  "meters" : { },
  "timers" : {
    "eu.domibus.core.ebms3.receiver.MSHWebservice.incoming_user_message.timer" : {
      "count" : 108311,
      "max" : 0.829715967,
      "mean" : 0.2697834543211636,
      "min" : 0.102875169,
      "p50" : 0.225141323,
      "p75" : 0.313963072,
      "p95" : 0.5570971840000001,
      "p98" : 0.609549863,
      "p99" : 0.650252711,
      "p999" : 0.822401856,
      "stddev" : 0.12298061799749152,
      "m15_rate" : 51.74758338835881,
      "m1_rate" : 58.01183042362195,
      "m5_rate" : 58.575982440222184,
      "mean_rate" : 57.207708994494396,
      "duration_units" : "seconds",
      "rate_units" : "calls/second"
    },
    "eu.domibus.core.ebms3.receiver.handler.AbstractIncomingMessageHandler.processMessage.timer" : {
      "count" : 108311,
      "max" : 0.846187711,
      "mean" : 0.27529057235060944,
      "min" : 0.11343800700000001,
      "p50" : 0.22540262300000002,
      "p75" : 0.32645904600000003,
      "p95" : 0.5862727050000001,
      "p98" : 0.629261983,
      "p99" : 0.662913435,
      "p999" : 0.846187711,
      "stddev" : 0.12709171546596976,
      "m15_rate" : 51.74742574458941,
      "m1_rate" : 58.01009887806037,
      "m5_rate" : 58.57561329002905,
      "mean_rate" : 57.2077868484351,
      "duration_units" : "seconds",
      "rate_units" : "calls/second"
    },
    "eu.domibus.core.ebms3.receiver.handler.IncomingUserMessageHandler.around_handleNewUserMessage.timer.timer" : {
      "count" : 108311,
      "max" : 0.8609826340000001,
      "mean" : 0.26727039515149253,
      "min" : 0.117016483,
      "p50" : 0.224177425,
      "p75" : 0.307566812,
      "p95" : 0.535161118,
      "p98" : 0.596097145,
      "p99" : 0.642053761,
      "p999" : 0.682826512,
      "stddev" : 0.11949637801147485,
      "m15_rate" : 51.78883317653203,
      "m1_rate" : 58.20417277499277,
      "m5_rate" : 58.61240879659158,
      "mean_rate" : 57.22589813942637,
      "duration_units" : "seconds",
      "rate_units" : "calls/second"
    },
    "eu.domibus.core.ebms3.sender.AbstractUserMessageSender.outgoing_user_message.timer" : {
      "count" : 108468,
      "max" : 0.383550547,
      "mean" : 0.06025403534132683,
      "min" : 0.042612239,
      "p50" : 0.057243652000000006,
      "p75" : 0.062096821,
      "p95" : 0.07195006000000001,
      "p98" : 0.11294631100000001,
      "p99" : 0.15427015900000002,
      "p999" : 0.383550547,
      "stddev" : 0.020545607483135983,
      "m15_rate" : 52.193224706141955,
      "m1_rate" : 57.719994836224444,
      "m5_rate" : 58.676156774443925,
      "mean_rate" : 58.37495350947236,
      "duration_units" : "seconds",
      "rate_units" : "calls/second"
    },
    "eu.domibus.core.ebms3.sender.MessageSenderListener.onMessage.timer" : {
      "count" : 108468,
      "max" : 0.461752979,
      "mean" : 0.06698889456961118,
      "min" : 0.046544515,
      "p50" : 0.062785215,
      "p75" : 0.068260387,
      "p95" : 0.09174773800000001,
      "p98" : 0.14405351500000002,
      "p99" : 0.1652046,
      "p999" : 0.461752979,
      "stddev" : 0.022929970042986986,
      "m15_rate" : 52.194078234583436,
      "m1_rate" : 57.74169867120075,
      "m5_rate" : 58.67992012976625,
      "mean_rate" : 58.373223081318926,
      "duration_units" : "seconds",
      "rate_units" : "calls/second"
    },
    "eu.domibus.core.ebms3.sender.MessageSenderService.sendUserMessage.timer" : {
      "count" : 108468,
      "max" : 0.21372728800000002,
      "mean" : 0.06621467826593544,
      "min" : 0.048687402000000005,
      "p50" : 0.062871814,
      "p75" : 0.068842079,
      "p95" : 0.080676805,
      "p98" : 0.134557474,
      "p99" : 0.16613318000000002,
      "p999" : 0.21372728800000002,
      "stddev" : 0.017353832727580967,
      "m15_rate" : 52.19321093414243,
      "m1_rate" : 57.723647557141994,
      "m5_rate" : 58.676882360728115,
      "mean_rate" : 58.37372842906826,
      "duration_units" : "seconds",
      "rate_units" : "calls/second"
    },
    "eu.domibus.core.ebms3.sender.client.MSHDispatcher.dispatch.timer" : {
      "count" : 108468,
      "max" : 0.153656457,
      "mean" : 0.0481399900984358,
      "min" : 0.034395391000000004,
      "p50" : 0.046522215000000006,
      "p75" : 0.050688192,
      "p95" : 0.058148244,
      "p98" : 0.06470790600000001,
      "p99" : 0.100920488,
      "p999" : 0.153656457,
      "stddev" : 0.010844740468095807,
      "m15_rate" : 52.20011281052795,
      "m1_rate" : 57.80285456874499,
      "m5_rate" : 58.69138941235732,
      "mean_rate" : 58.382109949943164,
      "duration_units" : "seconds",
      "rate_units" : "calls/second"
    },
    "eu.domibus.core.error.ErrorLogDao.deleteMessages.deleteErrorLogsByMessageIdInError.timer" : {
      "count" : 32,
      "max" : 0.014922433,
      "mean" : 0.003294701663224265,
      "min" : 0.0021022890000000002,
      "p50" : 0.0033295810000000003,
      "p75" : 0.004002077000000001,
      "p95" : 0.0042945760000000005,
      "p98" : 0.0042945760000000005,
      "p99" : 0.0042945760000000005,
      "p999" : 0.0048458780000000005,
      "stddev" : 7.487923488540707E-4,
      "m15_rate" : 0.7350984865737951,
      "m1_rate" : 9.99965531786369E-4,
      "m5_rate" : 0.16434967029431619,
      "mean_rate" : 0.04391726707694612,
      "duration_units" : "seconds",
      "rate_units" : "calls/second"
    },
    "eu.domibus.core.message.MessageInfoDao.deleteMessages.timer" : {
      "count" : 64,
      "max" : 1.269811347,
      "mean" : 0.6340300461432765,
      "min" : 0.127936601,
      "p50" : 0.46607916000000005,
      "p75" : 0.9234404610000001,
      "p95" : 1.269811347,
      "p98" : 1.269811347,
      "p99" : 1.269811347,
      "p999" : 1.269811347,
      "stddev" : 0.3611694935179194,
      "m15_rate" : 1.4620683545026414,
      "m1_rate" : 0.0018595872279531182,
      "m5_rate" : 0.3233335665802975,
      "mean_rate" : 0.0876099012464687,
      "duration_units" : "seconds",
      "rate_units" : "calls/second"
    },
    "eu.domibus.core.message.MessageInfoDao.findSignalMessageIds.timer" : {
      "count" : 32,
      "max" : 0.29500959200000004,
      "mean" : 0.12103131817532893,
      "min" : 0.080969239,
      "p50" : 0.09789444200000001,
      "p75" : 0.114358047,
      "p95" : 0.240666126,
      "p98" : 0.27440200400000003,
      "p99" : 0.29500959200000004,
      "p999" : 0.29500959200000004,
      "stddev" : 0.05593664185678217,
      "m15_rate" : 0.7310268466168327,
      "m1_rate" : 9.211589685500081E-4,
      "m5_rate" : 0.16164072882440025,
      "mean_rate" : 0.04378805282390027,
      "duration_units" : "seconds",
      "rate_units" : "calls/second"
    },
    "eu.domibus.core.message.MessagingServiceImpl.storeMessage.timer" : {
      "count" : 216802,
      "max" : 0.075101941,
      "mean" : 0.005933150471210027,
      "min" : 0.00323528,
      "p50" : 0.00501037,
      "p75" : 0.0057697650000000005,
      "p95" : 0.009586541,
      "p98" : 0.012244825,
      "p99" : 0.016065703,
      "p999" : 0.075101941,
      "stddev" : 0.005055518813129278,
      "m15_rate" : 103.16960141169835,
      "m1_rate" : 116.34581956792303,
      "m5_rate" : 117.33268114903947,
      "mean_rate" : 114.54848912238802,
      "duration_units" : "seconds",
      "rate_units" : "calls/second"
    },
    "eu.domibus.core.message.UserMessageHandlerServiceImpl.handleNewUserMessage.timer" : {
      "count" : 108318,
      "max" : 0.367703869,
      "mean" : 0.065888789742257,
      "min" : 0.024213054,
      "p50" : 0.047416211,
      "p75" : 0.081756599,
      "p95" : 0.16266060300000001,
      "p98" : 0.204619445,
      "p99" : 0.215015581,
      "p999" : 0.349312481,
      "stddev" : 0.04717313579628817,
      "m15_rate" : 51.791622569025805,
      "m1_rate" : 58.23833610906276,
      "m5_rate" : 58.61514049639756,
      "mean_rate" : 57.229544549614886,
      "duration_units" : "seconds",
      "rate_units" : "calls/second"
    },
    "eu.domibus.core.message.UserMessageLogDao.deleteMessages.deleteMessageLogs.timer" : {
      "count" : 32,
      "max" : 0.13168731,
      "mean" : 0.0710526541967534,
      "min" : 0.046302247000000005,
      "p50" : 0.06352713800000001,
      "p75" : 0.07771335600000001,
      "p95" : 0.093948663,
      "p98" : 0.093948663,
      "p99" : 0.093948663,
      "p999" : 0.10566990100000001,
      "stddev" : 0.014131352781113923,
      "m15_rate" : 0.7350984865737951,
      "m1_rate" : 9.99965531786369E-4,
      "m5_rate" : 0.16434967029431619,
      "mean_rate" : 0.043903300949608266,
      "duration_units" : "seconds",
      "rate_units" : "calls/second"
    },
    "eu.domibus.core.message.acknowledge.MessageAcknowledgementDao.deleteMessages.deleteMessageAcknowledgementsByMessageIds.timer" : {
      "count" : 32,
      "max" : 0.022106401,
      "mean" : 0.0031440181185185693,
      "min" : 0.0020629890000000003,
      "p50" : 0.0028702830000000004,
      "p75" : 0.0036934790000000004,
      "p95" : 0.0049674720000000006,
      "p98" : 0.0049674720000000006,
      "p99" : 0.0049674720000000006,
      "p999" : 0.0049674720000000006,
      "stddev" : 8.605941349712972E-4,
      "m15_rate" : 0.7350984865737951,
      "m1_rate" : 9.99965531786369E-4,
      "m5_rate" : 0.16434967029431619,
      "mean_rate" : 0.04391958410762607,
      "duration_units" : "seconds",
      "rate_units" : "calls/second"
    },
    "eu.domibus.core.message.attempt.MessageAttemptDao.deleteMessages.deleteAttemptsByMessageIds.timer" : {
      "count" : 32,
      "max" : 0.016787625,
      "mean" : 0.0037838749027102225,
      "min" : 0.002615586,
      "p50" : 0.00360828,
      "p75" : 0.004373475,
      "p95" : 0.005813767,
      "p98" : 0.005813767,
      "p99" : 0.009882946,
      "p999" : 0.009882946,
      "stddev" : 0.001267987864099258,
      "m15_rate" : 0.7350984865737951,
      "m1_rate" : 9.99965531786369E-4,
      "m5_rate" : 0.16434967029431619,
      "mean_rate" : 0.04391618728688311,
      "duration_units" : "seconds",
      "rate_units" : "calls/second"
    },
    "eu.domibus.core.message.receipt.AS4ReceiptServiceImpl.generateReceipt.timer" : {
      "count" : 108318,
      "max" : 0.145969321,
      "mean" : 0.02755859891168826,
      "min" : 0.016393101,
      "p50" : 0.024469650000000003,
      "p75" : 0.029079522000000003,
      "p95" : 0.048140604000000004,
      "p98" : 0.059435735,
      "p99" : 0.08114030400000001,
      "p999" : 0.105873057,
      "stddev" : 0.01114264090132708,
      "m15_rate" : 51.83847104260895,
      "m1_rate" : 58.204378849814915,
      "m5_rate" : 58.605958669474425,
      "mean_rate" : 57.235344429197546,
      "duration_units" : "seconds",
      "rate_units" : "calls/second"
    },
    "eu.domibus.core.message.retention.MessageRetentionDefaultService.schedule_deleteExpiredMessages.timer" : {
      "count" : 10,
      "max" : 7.713311949,
      "mean" : 7.553860765266116,
      "min" : 0.22445804700000002,
      "p50" : 7.543044963000001,
      "p75" : 7.543044963000001,
      "p95" : 7.713311949,
      "p98" : 7.713311949,
      "p99" : 7.713311949,
      "p999" : 7.713311949,
      "stddev" : 0.19413827980018916,
      "m15_rate" : 0.012335386106587956,
      "m1_rate" : 1.2267328780034699E-4,
      "m5_rate" : 0.0027319994234606014,
      "mean_rate" : 0.003607246897183468,
      "duration_units" : "seconds",
      "rate_units" : "calls/second"
    },
    "eu.domibus.core.message.retention.RetentionListener.onMessage.deleteMessages.timer" : {
      "count" : 32,
      "max" : 3.7124255870000002,
      "mean" : 2.3351056186809114,
      "min" : 1.544505672,
      "p50" : 2.1866159290000002,
      "p75" : 2.3895402580000003,
      "p95" : 3.7124255870000002,
      "p98" : 3.7124255870000002,
      "p99" : 3.7124255870000002,
      "p999" : 3.7124255870000002,
      "stddev" : 0.6323248793019568,
      "m15_rate" : 0.7310556691039006,
      "m1_rate" : 9.482535873370224E-4,
      "m5_rate" : 0.1617386201842414,
      "mean_rate" : 0.043786170793782414,
      "duration_units" : "seconds",
      "rate_units" : "calls/second"
    },
    "eu.domibus.core.message.signal.SignalMessageDao.deleteMessages.deleteReceipts.timer" : {
      "count" : 32,
      "max" : 1.7242994450000002,
      "mean" : 0.6943637358310984,
      "min" : 0.17868217900000002,
      "p50" : 0.6251324300000001,
      "p75" : 0.9658551870000001,
      "p95" : 1.7242994450000002,
      "p98" : 1.7242994450000002,
      "p99" : 1.7242994450000002,
      "p999" : 1.7242994450000002,
      "stddev" : 0.45698461140304975,
      "m15_rate" : 0.7350984865737951,
      "m1_rate" : 9.99965531786369E-4,
      "m5_rate" : 0.16434967029431619,
      "mean_rate" : 0.04388663080255599,
      "duration_units" : "seconds",
      "rate_units" : "calls/second"
    },
    "eu.domibus.core.message.signal.SignalMessageLogDao.deleteMessages.deleteMessageLogs.timer" : {
      "count" : 32,
      "max" : 0.268937464,
      "mean" : 0.07869860471498073,
      "min" : 0.041619873,
      "p50" : 0.056599577000000005,
      "p75" : 0.06187834700000001,
      "p95" : 0.268937464,
      "p98" : 0.268937464,
      "p99" : 0.268937464,
      "p999" : 0.268937464,
      "stddev" : 0.06619974689457679,
      "m15_rate" : 0.7350984865737951,
      "m1_rate" : 9.99965531786369E-4,
      "m5_rate" : 0.16434967029431619,
      "mean_rate" : 0.04391121522731418,
      "duration_units" : "seconds",
      "rate_units" : "calls/second"
    },
    "eu.domibus.core.plugin.handler.DatabaseMessageHandler.submit.timer" : {
      "count" : 108482,
      "max" : 0.40369881500000004,
      "mean" : 0.047953109949007984,
      "min" : 0.009756241,
      "p50" : 0.01955408,
      "p75" : 0.07367615300000001,
      "p95" : 0.139008348,
      "p98" : 0.168689965,
      "p99" : 0.177280413,
      "p999" : 0.22239523600000002,
      "stddev" : 0.043153944061076074,
      "m15_rate" : 52.19256016662036,
      "m1_rate" : 57.82464767162865,
      "m5_rate" : 58.68010965990724,
      "mean_rate" : 58.37083200053063,
      "duration_units" : "seconds",
      "rate_units" : "calls/second"
    },
    "eu.domibus.core.plugin.notification.BackendNotificationService.notifyMessageReceived.timer" : {
      "count" : 108320,
      "max" : 0.229822885,
      "mean" : 0.028602818623586303,
      "min" : 4.4069700000000004E-4,
      "p50" : 0.009816740000000001,
      "p75" : 0.04068815,
      "p95" : 0.123129345,
      "p98" : 0.148274491,
      "p99" : 0.15657594,
      "p999" : 0.176556929,
      "stddev" : 0.039399277798000086,
      "m15_rate" : 51.792392320601365,
      "m1_rate" : 58.260091779111356,
      "m5_rate" : 58.61539385173107,
      "mean_rate" : 57.23340399347396,
      "duration_units" : "seconds",
      "rate_units" : "calls/second"
    },
    "eu.domibus.core.plugin.notification.PluginAsyncNotificationListener.onMessage.timer" : {
      "count" : 108514,
      "max" : 0.574788421,
      "mean" : 0.048789778625861334,
      "min" : 0.009525341000000001,
      "p50" : 0.020884272000000002,
      "p75" : 0.07387735000000001,
      "p95" : 0.14760399500000002,
      "p98" : 0.165873983,
      "p99" : 0.17354323600000002,
      "p999" : 0.29012472,
      "stddev" : 0.044265309919859504,
      "m15_rate" : 51.98355388990423,
      "m1_rate" : 58.36286716640858,
      "m5_rate" : 58.75508571166514,
      "mean_rate" : 57.35195867265959,
      "duration_units" : "seconds",
      "rate_units" : "calls/second"
    },
    "eu.domibus.core.pmode.validation.validators.MessagePropertyValidator.validate.timer" : {
      "count" : 216804,
      "max" : 8.55E-5,
      "mean" : 1.4744894069907623E-6,
      "min" : 5.000000000000001E-7,
      "p50" : 1.1E-6,
      "p75" : 1.3E-6,
      "p95" : 2.1000000000000002E-6,
      "p98" : 2.6E-6,
      "p99" : 3.2000000000000003E-6,
      "p999" : 7.72E-5,
      "stddev" : 3.8296011017058506E-6,
      "m15_rate" : 103.16796255937814,
      "m1_rate" : 116.32004601720004,
      "m5_rate" : 117.32796213803843,
      "mean_rate" : 114.54862905300337,
      "duration_units" : "seconds",
      "rate_units" : "calls/second"
    },
    "eu.domibus.core.replication.UIMessageDaoImpl.deleteMessages.deleteUIMessagesByMessageIds.timer" : {
      "count" : 64,
      "max" : 0.018841515,
      "mean" : 0.0027514425233042795,
      "min" : 0.0017871900000000001,
      "p50" : 0.002466486,
      "p75" : 0.00343558,
      "p95" : 0.004978471,
      "p98" : 0.004978471,
      "p99" : 0.004978471,
      "p999" : 0.004978471,
      "stddev" : 8.458861720015426E-4,
      "m15_rate" : 1.4701969731475901,
      "m1_rate" : 0.001999931063572738,
      "m5_rate" : 0.32869934058863237,
      "mean_rate" : 0.08783599395289197,
      "duration_units" : "seconds",
      "rate_units" : "calls/second"
    },
    "eu.domibus.core.util.SoapUtil.logMessage.timer" : {
      "count" : 108322,
      "max" : 9.98E-5,
      "mean" : 1.0166548431243842E-6,
      "min" : 4.0000000000000003E-7,
      "p50" : 7.000000000000001E-7,
      "p75" : 9.000000000000001E-7,
      "p95" : 1.4000000000000001E-6,
      "p98" : 1.6000000000000001E-6,
      "p99" : 2.0000000000000003E-6,
      "p999" : 9.98E-5,
      "stddev" : 3.7323982001798826E-6,
      "m15_rate" : 51.79198683820928,
      "m1_rate" : 58.26229621675792,
      "m5_rate" : 58.615002237703955,
      "mean_rate" : 57.23178214524187,
      "duration_units" : "seconds",
      "rate_units" : "calls/second"
    },
    "eu.domibus.plugin.jms.JMSPluginImpl.deliverMessage.timer" : {
      "count" : 108514,
      "max" : 0.272536029,
      "mean" : 0.05019494179944748,
      "min" : 0.009083144000000001,
      "p50" : 0.022315564000000003,
      "p75" : 0.07739032600000001,
      "p95" : 0.143110722,
      "p98" : 0.164441791,
      "p99" : 0.17366573500000002,
      "p999" : 0.272536029,
      "stddev" : 0.044360307772822814,
      "m15_rate" : 51.98249742626725,
      "m1_rate" : 58.35459068046367,
      "m5_rate" : 58.753004964894934,
      "mean_rate" : 57.35236024816155,
      "duration_units" : "seconds",
      "rate_units" : "calls/second"
    },
    "eu.domibus.plugin.jms.JMSPluginImpl.receiveMessage.timer" : {
      "count" : 108482,
      "max" : 0.347621391,
      "mean" : 0.076055951809018,
      "min" : 0.009651942,
      "p50" : 0.024562551000000002,
      "p75" : 0.134701982,
      "p95" : 0.235112058,
      "p98" : 0.284799254,
      "p99" : 0.29835927,
      "p999" : 0.343559693,
      "stddev" : 0.07640121045594749,
      "m15_rate" : 52.19499419956437,
      "m1_rate" : 57.83551736238042,
      "m5_rate" : 58.69025456479168,
      "mean_rate" : 58.36895083875992,
      "duration_units" : "seconds",
      "rate_units" : "calls/second"
    }
  }
}