{
  "version" : "4.0.0",
  "gauges" : { },
  "counters" : {
    "eu.domibus.core.ebms3.receiver.MSHWebservice.incoming_user_message.counter" : {
      "count" : 6
    },
    "eu.domibus.core.ebms3.receiver.handler.AbstractIncomingMessageHandler.processMessage.counter" : {
      "count" : 6
    },
    "eu.domibus.core.ebms3.receiver.handler.IncomingUserMessageHandler.around_handleNewUserMessage.counter.counter" : {
      "count" : 6
    },
    "eu.domibus.core.ebms3.sender.AbstractUserMessageSender.outgoing_user_message.counter" : {
      "count" : 6
    },
    "eu.domibus.core.ebms3.sender.MessageSenderListener.onMessage.counter" : {
      "count" : 6
    },
    "eu.domibus.core.ebms3.sender.MessageSenderService.sendUserMessage.counter" : {
      "count" : 6
    },
    "eu.domibus.core.ebms3.sender.client.MSHDispatcher.dispatch.counter" : {
      "count" : 6
    },
    "eu.domibus.core.error.ErrorLogDao.deleteMessages.deleteErrorLogsByMessageIdInError.counter" : {
      "count" : 0
    },
    "eu.domibus.core.message.MessageInfoDao.deleteMessages.counter" : {
      "count" : 0
    },
    "eu.domibus.core.message.MessageInfoDao.findSignalMessageIds.counter" : {
      "count" : 0
    },
    "eu.domibus.core.message.MessagingServiceImpl.storeMessage.counter" : {
      "count" : 0
    },
    "eu.domibus.core.message.UserMessageHandlerServiceImpl.handleNewUserMessage.counter" : {
      "count" : 1
    },
    "eu.domibus.core.message.UserMessageLogDao.deleteMessages.deleteMessageLogs.counter" : {
      "count" : 0
    },
    "eu.domibus.core.message.acknowledge.MessageAcknowledgementDao.deleteMessages.deleteMessageAcknowledgementsByMessageIds.counter" : {
      "count" : 0
    },
    "eu.domibus.core.message.attempt.MessageAttemptDao.deleteMessages.deleteAttemptsByMessageIds.counter" : {
      "count" : 0
    },
    "eu.domibus.core.message.pull.IncomingPullRequestHandler.incoming_pull_request.counter" : {
      "count" : 0
    },
    "eu.domibus.core.message.receipt.AS4ReceiptServiceImpl.generateReceipt.counter" : {
      "count" : 1
    },
    "eu.domibus.core.message.retention.MessageRetentionDefaultService.schedule_deleteExpiredMessages.counter" : {
      "count" : 0
    },
    "eu.domibus.core.message.retention.RetentionListener.onMessage.deleteMessages.counter" : {
      "count" : 0
    },
    "eu.domibus.core.message.signal.SignalMessageDao.deleteMessages.deleteReceipts.counter" : {
      "count" : 0
    },
    "eu.domibus.core.message.signal.SignalMessageLogDao.deleteMessages.deleteMessageLogs.counter" : {
      "count" : 0
    },
    "eu.domibus.core.plugin.handler.DatabaseMessageHandler.submit.counter" : {
      "count" : 0
    },
    "eu.domibus.core.plugin.notification.BackendNotificationService.notifyMessageReceived.counter" : {
      "count" : 0
    },
    "eu.domibus.core.plugin.notification.PluginAsyncNotificationListener.onMessage.counter" : {
      "count" : 0
    },
    "eu.domibus.core.pmode.validation.validators.MessagePropertyValidator.validate.counter" : {
      "count" : 0
    },
    "eu.domibus.core.replication.UIMessageDaoImpl.deleteMessages.deleteUIMessagesByMessageIds.counter" : {
      "count" : 0
    },
    "eu.domibus.core.util.SoapUtil.SoapUtil.counter" : {
      "count" : 0
    },
    "eu.domibus.plugin.jms.JMSPluginImpl.deliverMessage.counter" : {
      "count" : 0
    },
    "eu.domibus.plugin.jms.JMSPluginImpl.receiveMessage.counter" : {
      "count" : 0
    }
  },
  "histograms" : { },
  "meters" : { },
  "timers" : {
    "eu.domibus.core.ebms3.receiver.MSHWebservice.incoming_user_message.timer" : {
      "count" : 107102,
      "max" : 0.790035268,
      "mean" : 0.26467125119634993,
      "min" : 0.11540791800000001,
      "p50" : 0.22477486000000002,
      "p75" : 0.302241478,
      "p95" : 0.51732422,
      "p98" : 0.624033413,
      "p99" : 0.6819125810000001,
      "p999" : 0.736887697,
      "stddev" : 0.11714228135261118,
      "m15_rate" : 51.807168382303814,
      "m1_rate" : 59.33594556187569,
      "m5_rate" : 60.316706830223914,
      "mean_rate" : 38.660572245620095,
      "duration_units" : "seconds",
      "rate_units" : "calls/second"
    },
    "eu.domibus.core.ebms3.receiver.handler.AbstractIncomingMessageHandler.processMessage.timer" : {
      "count" : 107100,
      "max" : 0.756687266,
      "mean" : 0.2596892806513758,
      "min" : 0.109863046,
      "p50" : 0.223228738,
      "p75" : 0.294559978,
      "p95" : 0.506916271,
      "p98" : 0.6345751660000001,
      "p99" : 0.7151871120000001,
      "p999" : 0.7413234550000001,
      "stddev" : 0.11473296749026006,
      "m15_rate" : 52.27330349160342,
      "m1_rate" : 60.28222824190339,
      "m5_rate" : 60.52323172567349,
      "mean_rate" : 56.53732752526867,
      "duration_units" : "seconds",
      "rate_units" : "calls/second"
    },
    "eu.domibus.core.ebms3.receiver.handler.IncomingUserMessageHandler.around_handleNewUserMessage.timer.timer" : {
      "count" : 107100,
      "max" : 0.928074079,
      "mean" : 0.2649287349211518,
      "min" : 0.10940074000000001,
      "p50" : 0.22442455400000003,
      "p75" : 0.297635417,
      "p95" : 0.5209073550000001,
      "p98" : 0.665582766,
      "p99" : 0.681783372,
      "p999" : 0.7391447360000001,
      "stddev" : 0.11993793699218577,
      "m15_rate" : 52.27190097521341,
      "m1_rate" : 60.252746614256736,
      "m5_rate" : 60.51874134912046,
      "mean_rate" : 56.5380695343744,
      "duration_units" : "seconds",
      "rate_units" : "calls/second"
    },
    "eu.domibus.core.ebms3.sender.AbstractUserMessageSender.outgoing_user_message.timer" : {
      "count" : 107029,
      "max" : 0.302797388,
      "mean" : 0.05676340423106278,
      "min" : 0.039316619000000004,
      "p50" : 0.054472617,
      "p75" : 0.058916776000000004,
      "p95" : 0.069061809,
      "p98" : 0.077021215,
      "p99" : 0.17719453200000002,
      "p999" : 0.19971512800000002,
      "stddev" : 0.016687182171540055,
      "m15_rate" : 52.58821629830509,
      "m1_rate" : 60.05665101066618,
      "m5_rate" : 60.414546616688064,
      "mean_rate" : 57.61611832725724,
      "duration_units" : "seconds",
      "rate_units" : "calls/second"
    },
    "eu.domibus.core.ebms3.sender.MessageSenderListener.onMessage.timer" : {
      "count" : 107029,
      "max" : 0.48681751,
      "mean" : 0.06352903730240633,
      "min" : 0.045337297000000006,
      "p50" : 0.060001391,
      "p75" : 0.065314959,
      "p95" : 0.079444446,
      "p98" : 0.133896762,
      "p99" : 0.165775883,
      "p999" : 0.207767636,
      "stddev" : 0.021414131212540585,
      "m15_rate" : 52.587372107037524,
      "m1_rate" : 60.04517053637208,
      "m5_rate" : 60.41522028151861,
      "mean_rate" : 57.61232733023862,
      "duration_units" : "seconds",
      "rate_units" : "calls/second"
    },
    "eu.domibus.core.ebms3.sender.MessageSenderService.sendUserMessage.timer" : {
      "count" : 107029,
      "max" : 0.19666319000000002,
      "mean" : 0.06152526560707965,
      "min" : 0.045086893,
      "p50" : 0.059179079,
      "p75" : 0.06412414500000001,
      "p95" : 0.075573494,
      "p98" : 0.10793952300000001,
      "p99" : 0.144262399,
      "p999" : 0.178055543,
      "stddev" : 0.014341428203366738,
      "m15_rate" : 52.588336582750934,
      "m1_rate" : 60.06486722212778,
      "m5_rate" : 60.417610465119694,
      "mean_rate" : 57.61300958257981,
      "duration_units" : "seconds",
      "rate_units" : "calls/second"
    },
    "eu.domibus.core.ebms3.sender.client.MSHDispatcher.dispatch.timer" : {
      "count" : 107029,
      "max" : 0.47371683800000003,
      "mean" : 0.047597322028532264,
      "min" : 0.034686857,
      "p50" : 0.045894404,
      "p75" : 0.050289762,
      "p95" : 0.058146365000000005,
      "p98" : 0.062720125,
      "p99" : 0.072451453,
      "p999" : 0.185805346,
      "stddev" : 0.01713994506873668,
      "m15_rate" : 52.594926842876625,
      "m1_rate" : 60.14767419047574,
      "m5_rate" : 60.43108604394289,
      "mean_rate" : 57.62084115531301,
      "duration_units" : "seconds",
      "rate_units" : "calls/second"
    },
    "eu.domibus.core.error.ErrorLogDao.deleteMessages.deleteErrorLogsByMessageIdInError.timer" : {
      "count" : 32,
      "max" : 0.014011987,
      "mean" : 0.0036795018176619134,
      "min" : 0.002016627,
      "p50" : 0.003933853,
      "p75" : 0.00453406,
      "p95" : 0.005071367,
      "p98" : 0.005737876,
      "p99" : 0.005737876,
      "p999" : 0.005737876,
      "stddev" : 0.0010189129464671111,
      "m15_rate" : 0.898313970147421,
      "m1_rate" : 0.023922876644164464,
      "m5_rate" : 0.3020582695170004,
      "mean_rate" : 0.058323854617881456,
      "duration_units" : "seconds",
      "rate_units" : "calls/second"
    },
    "eu.domibus.core.message.MessageInfoDao.deleteMessages.timer" : {
      "count" : 64,
      "max" : 1.281239776,
      "mean" : 0.6941327325885055,
      "min" : 0.138156737,
      "p50" : 0.45565621300000003,
      "p75" : 1.091141485,
      "p95" : 1.221330001,
      "p98" : 1.271107557,
      "p99" : 1.271107557,
      "p999" : 1.271107557,
      "stddev" : 0.41685040280288643,
      "m15_rate" : 1.7867066416410928,
      "m1_rate" : 0.04471365229604433,
      "m5_rate" : 0.5943109662401952,
      "mean_rate" : 0.11625508669178036,
      "duration_units" : "seconds",
      "rate_units" : "calls/second"
    },
    "eu.domibus.core.message.MessageInfoDao.findSignalMessageIds.timer" : {
      "count" : 32,
      "max" : 0.295633132,
      "mean" : 0.12705041034054987,
      "min" : 0.087470854,
      "p50" : 0.108917437,
      "p75" : 0.156497463,
      "p95" : 0.262195357,
      "p98" : 0.262195357,
      "p99" : 0.262195357,
      "p999" : 0.262195357,
      "stddev" : 0.0491326025199386,
      "m15_rate" : 0.8933371742134796,
      "m1_rate" : 0.022010109038329808,
      "m5_rate" : 0.2970656854607263,
      "mean_rate" : 0.05810126465657844,
      "duration_units" : "seconds",
      "rate_units" : "calls/second"
    },
    "eu.domibus.core.message.MessagingServiceImpl.storeMessage.timer" : {
      "count" : 214149,
      "max" : 0.09872280100000001,
      "mean" : 0.005035982953862636,
      "min" : 0.002709336,
      "p50" : 0.004446859,
      "p75" : 0.005105967,
      "p95" : 0.007998105,
      "p98" : 0.010080633,
      "p99" : 0.011982658,
      "p999" : 0.059024377,
      "stddev" : 0.003848029811375392,
      "m15_rate" : 104.02424732394044,
      "m1_rate" : 120.2674111067913,
      "m5_rate" : 120.88591010359933,
      "mean_rate" : 113.05015649539132,
      "duration_units" : "seconds",
      "rate_units" : "calls/second"
    },
    "eu.domibus.core.message.UserMessageHandlerServiceImpl.handleNewUserMessage.timer" : {
      "count" : 107105,
      "max" : 0.32491557600000004,
      "mean" : 0.06367850252238672,
      "min" : 0.023025103,
      "p50" : 0.046226508,
      "p75" : 0.07915654200000001,
      "p95" : 0.167036299,
      "p98" : 0.202407268,
      "p99" : 0.229352824,
      "p999" : 0.32491557600000004,
      "stddev" : 0.0465678718934672,
      "m15_rate" : 52.275463272615106,
      "m1_rate" : 60.31904174029772,
      "m5_rate" : 60.52294002739802,
      "mean_rate" : 56.54066171208287,
      "duration_units" : "seconds",
      "rate_units" : "calls/second"
    },
    "eu.domibus.core.message.UserMessageLogDao.deleteMessages.deleteMessageLogs.timer" : {
      "count" : 32,
      "max" : 0.17933796400000002,
      "mean" : 0.09620359325480206,
      "min" : 0.058128773,
      "p50" : 0.08857476900000001,
      "p75" : 0.12014308400000001,
      "p95" : 0.17933796400000002,
      "p98" : 0.17933796400000002,
      "p99" : 0.17933796400000002,
      "p999" : 0.17933796400000002,
      "stddev" : 0.03263868270842372,
      "m15_rate" : 0.898313970147421,
      "m1_rate" : 0.023922876644164464,
      "m5_rate" : 0.3020582695170004,
      "mean_rate" : 0.05830527765657341,
      "duration_units" : "seconds",
      "rate_units" : "calls/second"
    },
    "eu.domibus.core.message.acknowledge.MessageAcknowledgementDao.deleteMessages.deleteMessageAcknowledgementsByMessageIds.timer" : {
      "count" : 32,
      "max" : 0.012557867,
      "mean" : 0.003400650045222088,
      "min" : 0.002082727,
      "p50" : 0.0033654450000000003,
      "p75" : 0.004146454,
      "p95" : 0.004493559,
      "p98" : 0.004723362,
      "p99" : 0.004723362,
      "p999" : 0.004723362,
      "stddev" : 7.559290649774649E-4,
      "m15_rate" : 0.898313970147421,
      "m1_rate" : 0.023922876644164464,
      "m5_rate" : 0.3020582695170004,
      "mean_rate" : 0.05832810902031237,
      "duration_units" : "seconds",
      "rate_units" : "calls/second"
    },
    "eu.domibus.core.message.attempt.MessageAttemptDao.deleteMessages.deleteAttemptsByMessageIds.timer" : {
      "count" : 32,
      "max" : 0.018284944,
      "mean" : 0.004284931416639233,
      "min" : 0.002737836,
      "p50" : 0.004294857,
      "p75" : 0.0048212640000000005,
      "p95" : 0.006571986,
      "p98" : 0.006571986,
      "p99" : 0.006571986,
      "p999" : 0.006571986,
      "stddev" : 0.0010311525769506,
      "m15_rate" : 0.898313970147421,
      "m1_rate" : 0.023922876644164464,
      "m5_rate" : 0.3020582695170004,
      "mean_rate" : 0.05832182489435046,
      "duration_units" : "seconds",
      "rate_units" : "calls/second"
    },
    "eu.domibus.core.message.pull.IncomingPullRequestHandler.incoming_pull_request.timer" : {
      "count" : 2,
      "max" : 0.48937461000000004,
      "mean" : 0.252557005,
      "min" : 0.0157394,
      "p50" : 0.48937461000000004,
      "p75" : 0.48937461000000004,
      "p95" : 0.48937461000000004,
      "p98" : 0.48937461000000004,
      "p99" : 0.48937461000000004,
      "p999" : 0.48937461000000004,
      "stddev" : 0.23681760500000001,
      "m15_rate" : 0.01852724450832164,
      "m1_rate" : 3.875454272966502E-21,
      "m5_rate" : 3.974774696719714E-5,
      "mean_rate" : 7.21939800303746E-4,
      "duration_units" : "seconds",
      "rate_units" : "calls/second"
    },
    "eu.domibus.core.message.receipt.AS4ReceiptServiceImpl.generateReceipt.timer" : {
      "count" : 107105,
      "max" : 0.129657308,
      "mean" : 0.026063617035413055,
      "min" : 0.015829108,
      "p50" : 0.022596797000000002,
      "p75" : 0.028590776000000002,
      "p95" : 0.046639014,
      "p98" : 0.056272840000000005,
      "p99" : 0.065145057,
      "p999" : 0.11466351000000001,
      "stddev" : 0.011017868493708323,
      "m15_rate" : 52.29660570748205,
      "m1_rate" : 60.250745797983974,
      "m5_rate" : 60.50935563767043,
      "mean_rate" : 56.545587177773434,
      "duration_units" : "seconds",
      "rate_units" : "calls/second"
    },
    "eu.domibus.core.message.retention.MessageRetentionDefaultService.schedule_deleteExpiredMessages.timer" : {
      "count" : 7,
      "max" : 7.548240988000001,
      "mean" : 6.138163757297678,
      "min" : 0.49070941,
      "p50" : 6.135064782000001,
      "p75" : 6.135064782000001,
      "p95" : 6.135064782000001,
      "p98" : 6.135064782000001,
      "p99" : 6.135064782000001,
      "p999" : 7.548240988000001,
      "stddev" : 0.0821209487016547,
      "m15_rate" : 0.021598037771815168,
      "m1_rate" : 0.002967651081865946,
      "m5_rate" : 0.00543814822499222,
      "mean_rate" : 0.0032223296899810514,
      "duration_units" : "seconds",
      "rate_units" : "calls/second"
    },
    "eu.domibus.core.message.retention.RetentionListener.onMessage.deleteMessages.timer" : {
      "count" : 32,
      "max" : 2.928058402,
      "mean" : 2.3857046702302136,
      "min" : 1.802949369,
      "p50" : 2.5183115000000003,
      "p75" : 2.6120757350000003,
      "p95" : 2.928058402,
      "p98" : 2.928058402,
      "p99" : 2.928058402,
      "p999" : 2.928058402,
      "stddev" : 0.33388249589373425,
      "m15_rate" : 0.6762869182272254,
      "m1_rate" : 0.022680006429508386,
      "m5_rate" : 0.23336477925463592,
      "mean_rate" : 0.058097659924576904,
      "duration_units" : "seconds",
      "rate_units" : "calls/second"
    },
    "eu.domibus.core.message.signal.SignalMessageDao.deleteMessages.deleteReceipts.timer" : {
      "count" : 32,
      "max" : 0.956510324,
      "mean" : 0.5838947130405082,
      "min" : 0.171763664,
      "p50" : 0.6864754500000001,
      "p75" : 0.78210851,
      "p95" : 0.922916967,
      "p98" : 0.956510324,
      "p99" : 0.956510324,
      "p999" : 0.956510324,
      "stddev" : 0.25912169759347153,
      "m15_rate" : 0.8983283960663611,
      "m1_rate" : 0.024299491779723004,
      "m5_rate" : 0.30214396797907056,
      "mean_rate" : 0.05824531524076412,
      "duration_units" : "seconds",
      "rate_units" : "calls/second"
    },
    "eu.domibus.core.message.signal.SignalMessageLogDao.deleteMessages.deleteMessageLogs.timer" : {
      "count" : 32,
      "max" : 0.117430748,
      "mean" : 0.08206534936600945,
      "min" : 0.04886775,
      "p50" : 0.07994335500000001,
      "p75" : 0.09287592400000001,
      "p95" : 0.117430748,
      "p98" : 0.117430748,
      "p99" : 0.117430748,
      "p999" : 0.117430748,
      "stddev" : 0.019327374959253515,
      "m15_rate" : 0.898313970147421,
      "m1_rate" : 0.023922876644164464,
      "m5_rate" : 0.3020582695170004,
      "mean_rate" : 0.058312783778948135,
      "duration_units" : "seconds",
      "rate_units" : "calls/second"
    },
    "eu.domibus.core.plugin.handler.DatabaseMessageHandler.submit.timer" : {
      "count" : 107043,
      "max" : 0.30340530000000004,
      "mean" : 0.044464844254471544,
      "min" : 0.007725902000000001,
      "p50" : 0.016435516,
      "p75" : 0.069955821,
      "p95" : 0.12577955500000002,
      "p98" : 0.15645365900000002,
      "p99" : 0.16337755,
      "p999" : 0.203181978,
      "stddev" : 0.04064426054814335,
      "m15_rate" : 52.58421342321908,
      "m1_rate" : 60.045522225690284,
      "m5_rate" : 60.40231266912806,
      "mean_rate" : 57.61133563678321,
      "duration_units" : "seconds",
      "rate_units" : "calls/second"
    },
    "eu.domibus.core.plugin.notification.BackendNotificationService.notifyMessageReceived.timer" : {
      "count" : 107106,
      "max" : 0.20594452600000002,
      "mean" : 0.02736067303230646,
      "min" : 3.8390500000000003E-4,
      "p50" : 0.009826029,
      "p75" : 0.037923599,
      "p95" : 0.121438498,
      "p98" : 0.142602177,
      "p99" : 0.154834038,
      "p999" : 0.16792041200000002,
      "stddev" : 0.0383282795824854,
      "m15_rate" : 52.296749229129595,
      "m1_rate" : 60.2417729561795,
      "m5_rate" : 60.51100607380184,
      "mean_rate" : 56.54347769464405,
      "duration_units" : "seconds",
      "rate_units" : "calls/second"
    },
    "eu.domibus.core.plugin.notification.PluginAsyncNotificationListener.onMessage.timer" : {
      "count" : 107061,
      "max" : 0.234754493,
      "mean" : 0.05194097927587717,
      "min" : 0.008116507,
      "p50" : 0.046365710000000004,
      "p75" : 0.07810752800000001,
      "p95" : 0.159492299,
      "p98" : 0.172382572,
      "p99" : 0.17612121800000002,
      "p999" : 0.19981373100000002,
      "stddev" : 0.046961060847769506,
      "m15_rate" : 52.258316524833226,
      "m1_rate" : 60.215595692384504,
      "m5_rate" : 60.399202101640874,
      "mean_rate" : 56.53517650450374,
      "duration_units" : "seconds",
      "rate_units" : "calls/second"
    },
    "eu.domibus.core.pmode.validation.validators.MessagePropertyValidator.validate.timer" : {
      "count" : 214150,
      "max" : 7.450100000000001E-5,
      "mean" : 1.5389410798541106E-6,
      "min" : 5.000000000000001E-7,
      "p50" : 1.3E-6,
      "p75" : 1.6000000000000001E-6,
      "p95" : 2.1000000000000002E-6,
      "p98" : 2.4000000000000003E-6,
      "p99" : 2.8000000000000003E-6,
      "p999" : 5.1301E-5,
      "stddev" : 2.528205918206159E-6,
      "m15_rate" : 104.02466545077868,
      "m1_rate" : 120.27068038756597,
      "m5_rate" : 120.88723603191175,
      "mean_rate" : 113.04999550342455,
      "duration_units" : "seconds",
      "rate_units" : "calls/second"
    },
    "eu.domibus.core.replication.UIMessageDaoImpl.deleteMessages.deleteUIMessagesByMessageIds.timer" : {
      "count" : 64,
      "max" : 0.016420019,
      "mean" : 0.0034473968380047074,
      "min" : 0.0017915230000000002,
      "p50" : 0.0031155420000000002,
      "p75" : 0.004079154000000001,
      "p95" : 0.00530717,
      "p98" : 0.008379911,
      "p99" : 0.008379911,
      "p999" : 0.008379911,
      "stddev" : 0.0014181417799049303,
      "m15_rate" : 1.796627940294842,
      "m1_rate" : 0.04784575328832893,
      "m5_rate" : 0.6041165390340008,
      "mean_rate" : 0.11665024469734626,
      "duration_units" : "seconds",
      "rate_units" : "calls/second"
    },
    "eu.domibus.core.util.SoapUtil.logMessage.timer" : {
      "count" : 107107,
      "max" : 9.290100000000001E-5,
      "mean" : 9.499832206896188E-7,
      "min" : 3.0000000000000004E-7,
      "p50" : 8.000000000000001E-7,
      "p75" : 1.1E-6,
      "p95" : 1.6000000000000001E-6,
      "p98" : 1.8000000000000001E-6,
      "p99" : 1.9E-6,
      "p999" : 1.1601000000000001E-5,
      "stddev" : 1.5296655471151819E-6,
      "m15_rate" : 52.29762686476349,
      "m1_rate" : 60.2844953867244,
      "m5_rate" : 60.51417737419052,
      "mean_rate" : 56.541786213683146,
      "duration_units" : "seconds",
      "rate_units" : "calls/second"
    },
    "eu.domibus.plugin.jms.JMSPluginImpl.deliverMessage.timer" : {
      "count" : 107061,
      "max" : 0.312536217,
      "mean" : 0.049150571734224865,
      "min" : 0.008067606,
      "p50" : 0.021050978,
      "p75" : 0.07417087700000001,
      "p95" : 0.150284777,
      "p98" : 0.171319256,
      "p99" : 0.18162949,
      "p999" : 0.243146302,
      "stddev" : 0.045243342477835555,
      "m15_rate" : 52.2572579378557,
      "m1_rate" : 60.186278480062434,
      "m5_rate" : 60.39492393656396,
      "mean_rate" : 56.535620129974255,
      "duration_units" : "seconds",
      "rate_units" : "calls/second"
    },
    "eu.domibus.plugin.jms.JMSPluginImpl.receiveMessage.timer" : {
      "count" : 107043,
      "max" : 0.47525686,
      "mean" : 0.07724074583797687,
      "min" : 0.008673715,
      "p50" : 0.020473269000000002,
      "p75" : 0.137230406,
      "p95" : 0.249431388,
      "p98" : 0.30616152900000004,
      "p99" : 0.322661746,
      "p999" : 0.400262777,
      "stddev" : 0.08311916853929786,
      "m15_rate" : 52.5862082709513,
      "m1_rate" : 60.07045238289212,
      "m5_rate" : 60.41058547608664,
      "mean_rate" : 57.61089780841435,
      "duration_units" : "seconds",
      "rate_units" : "calls/second"
    }
  }
}