{
  "version" : "4.0.0",
  "gauges" : { },
  "counters" : {
    "eu.domibus.core.ebms3.receiver.MSHWebservice.incoming_user_message.counter" : {
      "count" : 15
    },
    "eu.domibus.core.ebms3.receiver.handler.AbstractIncomingMessageHandler.processMessage.counter" : {
      "count" : 15
    },
    "eu.domibus.core.ebms3.receiver.handler.IncomingUserMessageHandler.around_handleNewUserMessage.counter.counter" : {
      "count" : 15
    },
    "eu.domibus.core.ebms3.sender.AbstractUserMessageSender.outgoing_user_message.counter" : {
      "count" : 1
    },
    "eu.domibus.core.ebms3.sender.MessageSenderListener.onMessage.counter" : {
      "count" : 1
    },
    "eu.domibus.core.ebms3.sender.MessageSenderService.sendUserMessage.counter" : {
      "count" : 1
    },
    "eu.domibus.core.ebms3.sender.client.MSHDispatcher.dispatch.counter" : {
      "count" : 1
    },
    "eu.domibus.core.error.ErrorLogDao.deleteMessages.deleteErrorLogsByMessageIdInError.counter" : {
      "count" : 0
    },
    "eu.domibus.core.message.MessageInfoDao.deleteMessages.counter" : {
      "count" : 0
    },
    "eu.domibus.core.message.MessageInfoDao.findSignalMessageIds.counter" : {
      "count" : 0
    },
    "eu.domibus.core.message.MessagingServiceImpl.storeMessage.counter" : {
      "count" : 0
    },
    "eu.domibus.core.message.UserMessageHandlerServiceImpl.handleNewUserMessage.counter" : {
      "count" : 0
    },
    "eu.domibus.core.message.UserMessageLogDao.deleteMessages.deleteMessageLogs.counter" : {
      "count" : 0
    },
    "eu.domibus.core.message.acknowledge.MessageAcknowledgementDao.deleteMessages.deleteMessageAcknowledgementsByMessageIds.counter" : {
      "count" : 0
    },
    "eu.domibus.core.message.attempt.MessageAttemptDao.deleteMessages.deleteAttemptsByMessageIds.counter" : {
      "count" : 0
    },
    "eu.domibus.core.message.pull.IncomingPullRequestHandler.incoming_pull_request.counter" : {
      "count" : 0
    },
    "eu.domibus.core.message.receipt.AS4ReceiptServiceImpl.generateReceipt.counter" : {
      "count" : 0
    },
    "eu.domibus.core.message.retention.MessageRetentionDefaultService.schedule_deleteExpiredMessages.counter" : {
      "count" : 0
    },
    "eu.domibus.core.message.retention.RetentionListener.onMessage.deleteMessages.counter" : {
      "count" : 0
    },
    "eu.domibus.core.message.signal.SignalMessageDao.deleteMessages.deleteReceipts.counter" : {
      "count" : 0
    },
    "eu.domibus.core.message.signal.SignalMessageLogDao.deleteMessages.deleteMessageLogs.counter" : {
      "count" : 0
    },
    "eu.domibus.core.plugin.handler.DatabaseMessageHandler.submit.counter" : {
      "count" : 5
    },
    "eu.domibus.core.plugin.notification.BackendNotificationService.notifyMessageReceived.counter" : {
      "count" : 0
    },
    "eu.domibus.core.plugin.notification.PluginAsyncNotificationListener.onMessage.counter" : {
      "count" : 3
    },
    "eu.domibus.core.pmode.validation.validators.MessagePropertyValidator.validate.counter" : {
      "count" : 0
    },
    "eu.domibus.core.replication.UIMessageDaoImpl.deleteMessages.deleteUIMessagesByMessageIds.counter" : {
      "count" : 0
    },
    "eu.domibus.core.util.SoapUtil.SoapUtil.counter" : {
      "count" : 0
    },
    "eu.domibus.plugin.jms.JMSPluginImpl.deliverMessage.counter" : {
      "count" : 3
    },
    "eu.domibus.plugin.jms.JMSPluginImpl.receiveMessage.counter" : {
      "count" : 5
    }
  },
  "histograms" : { },
  "meters" : { },
  "timers" : {
    "eu.domibus.core.ebms3.receiver.MSHWebservice.incoming_user_message.timer" : {
      "count" : 98085,
      "max" : 1.198338465,
      "mean" : 0.38075285925603825,
      "min" : 0.12157522700000001,
      "p50" : 0.38244964800000003,
      "p75" : 0.444341207,
      "p95" : 0.558425485,
      "p98" : 0.7798764890000001,
      "p99" : 0.891136189,
      "p999" : 1.145402159,
      "stddev" : 0.1318989613449334,
      "m15_rate" : 51.766158923154734,
      "m1_rate" : 58.304484443854236,
      "m5_rate" : 61.20621067436203,
      "mean_rate" : 39.05104438927929,
      "duration_units" : "seconds",
      "rate_units" : "calls/second"
    },
    "eu.domibus.core.ebms3.receiver.handler.AbstractIncomingMessageHandler.processMessage.timer" : {
      "count" : 98077,
      "max" : 1.1991523590000002,
      "mean" : 0.3811874243965708,
      "min" : 0.129512669,
      "p50" : 0.380569965,
      "p75" : 0.44600039100000005,
      "p95" : 0.5609506670000001,
      "p98" : 0.686016665,
      "p99" : 0.817885916,
      "p999" : 1.1781418110000001,
      "stddev" : 0.12695261258066395,
      "m15_rate" : 52.09196113027019,
      "m1_rate" : 58.347494988004314,
      "m5_rate" : 61.22531490948121,
      "mean_rate" : 59.92039652350754,
      "duration_units" : "seconds",
      "rate_units" : "calls/second"
    },
    "eu.domibus.core.ebms3.receiver.handler.IncomingUserMessageHandler.around_handleNewUserMessage.timer.timer" : {
      "count" : 98077,
      "max" : 1.1732008310000002,
      "mean" : 0.3881452563378577,
      "min" : 0.12603329500000002,
      "p50" : 0.38818880800000005,
      "p75" : 0.452223248,
      "p95" : 0.56331195,
      "p98" : 0.7186147300000001,
      "p99" : 0.870084331,
      "p999" : 1.0763461570000001,
      "stddev" : 0.12607610288257812,
      "m15_rate" : 52.0907748584943,
      "m1_rate" : 58.34266075373594,
      "m5_rate" : 61.22131648164019,
      "mean_rate" : 59.9212612415906,
      "duration_units" : "seconds",
      "rate_units" : "calls/second"
    },
    "eu.domibus.core.ebms3.sender.AbstractUserMessageSender.outgoing_user_message.timer" : {
      "count" : 97917,
      "max" : 0.183290481,
      "mean" : 0.05952896318711774,
      "min" : 0.043076390000000006,
      "p50" : 0.057126889,
      "p75" : 0.062161154,
      "p95" : 0.07121608700000001,
      "p98" : 0.092645234,
      "p99" : 0.137553812,
      "p999" : 0.17371815100000002,
      "stddev" : 0.013581349583841457,
      "m15_rate" : 52.441231746661636,
      "m1_rate" : 59.89237722433323,
      "m5_rate" : 61.54437483280591,
      "mean_rate" : 61.202919665262435,
      "duration_units" : "seconds",
      "rate_units" : "calls/second"
    },
    "eu.domibus.core.ebms3.sender.MessageSenderListener.onMessage.timer" : {
      "count" : 97917,
      "max" : 0.285200748,
      "mean" : 0.07238996373486582,
      "min" : 0.048751949,
      "p50" : 0.06402004,
      "p75" : 0.07087349000000001,
      "p95" : 0.141511181,
      "p98" : 0.17264495800000002,
      "p99" : 0.191536422,
      "p999" : 0.276662507,
      "stddev" : 0.028555502312690318,
      "m15_rate" : 52.44233430159797,
      "m1_rate" : 59.910790743975234,
      "m5_rate" : 61.55002064417942,
      "mean_rate" : 61.19989464452556,
      "duration_units" : "seconds",
      "rate_units" : "calls/second"
    },
    "eu.domibus.core.ebms3.sender.MessageSenderService.sendUserMessage.timer" : {
      "count" : 97917,
      "max" : 0.278248098,
      "mean" : 0.07199341422411674,
      "min" : 0.047227961000000006,
      "p50" : 0.06416943800000001,
      "p75" : 0.07037489400000001,
      "p95" : 0.14188478100000002,
      "p98" : 0.16375392300000002,
      "p99" : 0.17791082100000002,
      "p999" : 0.24068006300000003,
      "stddev" : 0.026385643144923823,
      "m15_rate" : 52.443698532412355,
      "m1_rate" : 59.928865609111405,
      "m5_rate" : 61.553074114904746,
      "mean_rate" : 61.20131906386974,
      "duration_units" : "seconds",
      "rate_units" : "calls/second"
    },
    "eu.domibus.core.ebms3.sender.client.MSHDispatcher.dispatch.timer" : {
      "count" : 97917,
      "max" : 0.20781570400000002,
      "mean" : 0.048912334963363786,
      "min" : 0.033578758,
      "p50" : 0.046664564000000006,
      "p75" : 0.051835426000000004,
      "p95" : 0.059957769,
      "p98" : 0.073122775,
      "p99" : 0.109301515,
      "p999" : 0.16019544900000002,
      "stddev" : 0.012451461378998031,
      "m15_rate" : 52.450701141328665,
      "m1_rate" : 60.02178343665639,
      "m5_rate" : 61.56874589063911,
      "mean_rate" : 61.2082620513077,
      "duration_units" : "seconds",
      "rate_units" : "calls/second"
    },
    "eu.domibus.core.error.ErrorLogDao.deleteMessages.deleteErrorLogsByMessageIdInError.timer" : {
      "count" : 16,
      "max" : 0.019309257,
      "mean" : 0.003650780607592462,
      "min" : 0.002950079,
      "p50" : 0.003662774,
      "p75" : 0.0037374730000000003,
      "p95" : 0.004547567000000001,
      "p98" : 0.004547567000000001,
      "p99" : 0.004547567000000001,
      "p999" : 0.004547567000000001,
      "stddev" : 5.506144682471501E-4,
      "m15_rate" : 0.7936782543026398,
      "m1_rate" : 0.02371696477466925,
      "m5_rate" : 0.20837777930108578,
      "mean_rate" : 0.024627585203577933,
      "duration_units" : "seconds",
      "rate_units" : "calls/second"
    },
    "eu.domibus.core.message.MessageInfoDao.deleteMessages.timer" : {
      "count" : 32,
      "max" : 1.254823213,
      "mean" : 0.579319935836046,
      "min" : 0.134208333,
      "p50" : 0.361332996,
      "p75" : 0.8948378520000001,
      "p95" : 1.093952217,
      "p98" : 1.093952217,
      "p99" : 1.093952217,
      "p999" : 1.093952217,
      "stddev" : 0.34665754563510065,
      "m15_rate" : 1.3843269713718114,
      "m1_rate" : 0.04476371661009401,
      "m5_rate" : 0.36424976332974535,
      "mean_rate" : 0.049110083232267863,
      "duration_units" : "seconds",
      "rate_units" : "calls/second"
    },
    "eu.domibus.core.message.MessageInfoDao.findSignalMessageIds.timer" : {
      "count" : 16,
      "max" : 0.41663691700000005,
      "mean" : 0.1023634364243938,
      "min" : 0.091530941,
      "p50" : 0.102382263,
      "p75" : 0.10766252400000001,
      "p95" : 0.109202113,
      "p98" : 0.109202113,
      "p99" : 0.109202113,
      "p999" : 0.109202113,
      "stddev" : 0.006030784821063464,
      "m15_rate" : 0.7892866188174025,
      "m1_rate" : 0.02204284470970168,
      "m5_rate" : 0.20497210070129468,
      "mean_rate" : 0.02454076455042619,
      "duration_units" : "seconds",
      "rate_units" : "calls/second"
    },
    "eu.domibus.core.message.MessagingServiceImpl.storeMessage.timer" : {
      "count" : 196036,
      "max" : 0.17541203800000002,
      "mean" : 0.006497700421761232,
      "min" : 0.0031451770000000003,
      "p50" : 0.005026564000000001,
      "p75" : 0.006226156,
      "p95" : 0.011524417,
      "p98" : 0.015402689,
      "p99" : 0.017816772,
      "p999" : 0.10723222900000001,
      "stddev" : 0.008543262110618111,
      "m15_rate" : 103.74778355933984,
      "m1_rate" : 117.57224720869608,
      "m5_rate" : 122.59315748534536,
      "mean_rate" : 119.77169271810904,
      "duration_units" : "seconds",
      "rate_units" : "calls/second"
    },
    "eu.domibus.core.message.UserMessageHandlerServiceImpl.handleNewUserMessage.timer" : {
      "count" : 98092,
      "max" : 0.457675708,
      "mean" : 0.10183570558709751,
      "min" : 0.025641516000000003,
      "p50" : 0.097575699,
      "p75" : 0.131200056,
      "p95" : 0.206763413,
      "p98" : 0.231758034,
      "p99" : 0.257478247,
      "p999" : 0.344127616,
      "stddev" : 0.0536516302980916,
      "m15_rate" : 52.083704555160395,
      "m1_rate" : 58.14449256580046,
      "m5_rate" : 61.1890378014406,
      "mean_rate" : 59.93037989028811,
      "duration_units" : "seconds",
      "rate_units" : "calls/second"
    },
    "eu.domibus.core.message.UserMessageLogDao.deleteMessages.deleteMessageLogs.timer" : {
      "count" : 16,
      "max" : 0.194769459,
      "mean" : 0.07448272722034352,
      "min" : 0.055009693000000005,
      "p50" : 0.076218151,
      "p75" : 0.080517419,
      "p95" : 0.103823152,
      "p98" : 0.103823152,
      "p99" : 0.103823152,
      "p999" : 0.103823152,
      "stddev" : 0.014061185768237842,
      "m15_rate" : 0.7936782543026398,
      "m1_rate" : 0.02371696477466925,
      "m5_rate" : 0.20837777930108578,
      "mean_rate" : 0.024617730279872446,
      "duration_units" : "seconds",
      "rate_units" : "calls/second"
    },
    "eu.domibus.core.message.acknowledge.MessageAcknowledgementDao.deleteMessages.deleteMessageAcknowledgementsByMessageIds.timer" : {
      "count" : 16,
      "max" : 0.014198495,
      "mean" : 0.0036650244827712225,
      "min" : 0.00277948,
      "p50" : 0.0035615750000000004,
      "p75" : 0.003953771,
      "p95" : 0.004674667,
      "p98" : 0.004674667,
      "p99" : 0.004674667,
      "p999" : 0.004674667,
      "stddev" : 6.493718786458944E-4,
      "m15_rate" : 0.7936727611911594,
      "m1_rate" : 0.02347547237139615,
      "m5_rate" : 0.20833862905652492,
      "mean_rate" : 0.02462922504462235,
      "duration_units" : "seconds",
      "rate_units" : "calls/second"
    },
    "eu.domibus.core.message.attempt.MessageAttemptDao.deleteMessages.deleteAttemptsByMessageIds.timer" : {
      "count" : 16,
      "max" : 0.028946485,
      "mean" : 0.004364740249816796,
      "min" : 0.002854679,
      "p50" : 0.004877665000000001,
      "p75" : 0.005131363,
      "p95" : 0.0054207610000000005,
      "p98" : 0.0054207610000000005,
      "p99" : 0.0054207610000000005,
      "p999" : 0.0054207610000000005,
      "stddev" : 8.965742961903131E-4,
      "m15_rate" : 0.7936782543026398,
      "m1_rate" : 0.02371696477466925,
      "m5_rate" : 0.20837777930108578,
      "mean_rate" : 0.024626455870455553,
      "duration_units" : "seconds",
      "rate_units" : "calls/second"
    },
    "eu.domibus.core.message.pull.IncomingPullRequestHandler.incoming_pull_request.timer" : {
      "count" : 8,
      "max" : 0.47321025600000005,
      "mean" : 0.24386882501847496,
      "min" : 0.014925598000000002,
      "p50" : 0.021931449000000002,
      "p75" : 0.473172857,
      "p95" : 0.47321025600000005,
      "p98" : 0.47321025600000005,
      "p99" : 0.47321025600000005,
      "p999" : 0.47321025600000005,
      "stddev" : 0.22760581567928426,
      "m15_rate" : 0.09893129060560948,
      "m1_rate" : 1.1812052353864263E-18,
      "m5_rate" : 3.7823442948582524E-4,
      "mean_rate" : 0.003185080211862316,
      "duration_units" : "seconds",
      "rate_units" : "calls/second"
    },
    "eu.domibus.core.message.receipt.AS4ReceiptServiceImpl.generateReceipt.timer" : {
      "count" : 98092,
      "max" : 0.108918417,
      "mean" : 0.027446473322653674,
      "min" : 0.016125484000000002,
      "p50" : 0.025286218000000003,
      "p75" : 0.029956685,
      "p95" : 0.042850491000000004,
      "p98" : 0.049677943,
      "p99" : 0.056469594000000005,
      "p999" : 0.108918417,
      "stddev" : 0.009166542205282317,
      "m15_rate" : 52.08486898108126,
      "m1_rate" : 58.159196887837496,
      "m5_rate" : 61.1876766300981,
      "mean_rate" : 59.93583373153014,
      "duration_units" : "seconds",
      "rate_units" : "calls/second"
    },
    "eu.domibus.core.message.retention.MessageRetentionDefaultService.schedule_deleteExpiredMessages.timer" : {
      "count" : 8,
      "max" : 7.614867929000001,
      "mean" : 7.614707547750849,
      "min" : 0.22059636800000001,
      "p50" : 7.614867929000001,
      "p75" : 7.614867929000001,
      "p95" : 7.614867929000001,
      "p98" : 7.614867929000001,
      "p99" : 7.614867929000001,
      "p999" : 7.614867929000001,
      "stddev" : 0.009379985769685632,
      "m15_rate" : 0.017574196524030132,
      "m1_rate" : 0.00302070466404322,
      "m5_rate" : 0.0029696316035529385,
      "mean_rate" : 0.003427372011462341,
      "duration_units" : "seconds",
      "rate_units" : "calls/second"
    },
    "eu.domibus.core.message.retention.RetentionListener.onMessage.deleteMessages.timer" : {
      "count" : 16,
      "max" : 2.6494162930000003,
      "mean" : 1.752284956161751,
      "min" : 1.402168096,
      "p50" : 1.746747414,
      "p75" : 1.808619267,
      "p95" : 2.0230759220000003,
      "p98" : 2.0230759220000003,
      "p99" : 2.0230759220000003,
      "p999" : 2.0230759220000003,
      "stddev" : 0.1617133935316906,
      "m15_rate" : 0.4979090406210393,
      "m1_rate" : 0.022736264223760554,
      "m5_rate" : 0.13637301241843766,
      "mean_rate" : 0.024538749469729518,
      "duration_units" : "seconds",
      "rate_units" : "calls/second"
    },
    "eu.domibus.core.message.signal.SignalMessageDao.deleteMessages.deleteReceipts.timer" : {
      "count" : 16,
      "max" : 0.40849365600000004,
      "mean" : 0.24889289311127422,
      "min" : 0.16169723500000002,
      "p50" : 0.22850605400000001,
      "p75" : 0.354780044,
      "p95" : 0.40849365600000004,
      "p98" : 0.40849365600000004,
      "p99" : 0.40849365600000004,
      "p999" : 0.40849365600000004,
      "stddev" : 0.0844846842149435,
      "m15_rate" : 0.789281156138595,
      "m1_rate" : 0.02182066097289485,
      "m5_rate" : 0.20493359755335896,
      "mean_rate" : 0.024608382921972653,
      "duration_units" : "seconds",
      "rate_units" : "calls/second"
    },
    "eu.domibus.core.message.signal.SignalMessageLogDao.deleteMessages.deleteMessageLogs.timer" : {
      "count" : 16,
      "max" : 0.18694101700000001,
      "mean" : 0.06398071400493646,
      "min" : 0.039609607000000005,
      "p50" : 0.070391192,
      "p75" : 0.07210448,
      "p95" : 0.07221108000000001,
      "p98" : 0.07221108000000001,
      "p99" : 0.07221108000000001,
      "p999" : 0.07221108000000001,
      "stddev" : 0.011809937922166107,
      "m15_rate" : 0.7936782543026398,
      "m1_rate" : 0.02371696477466925,
      "m5_rate" : 0.20837777930108578,
      "mean_rate" : 0.024622529719816138,
      "duration_units" : "seconds",
      "rate_units" : "calls/second"
    },
    "eu.domibus.core.plugin.handler.DatabaseMessageHandler.submit.timer" : {
      "count" : 97939,
      "max" : 0.466943241,
      "mean" : 0.09402511437202989,
      "min" : 0.010369426000000001,
      "p50" : 0.09980298200000001,
      "p75" : 0.11360268300000001,
      "p95" : 0.191124026,
      "p98" : 0.208384002,
      "p99" : 0.23348272,
      "p999" : 0.4164118,
      "stddev" : 0.05034248093037961,
      "m15_rate" : 52.455377818730575,
      "m1_rate" : 59.4163460122534,
      "m5_rate" : 61.42347140439905,
      "mean_rate" : 61.20421941209388,
      "duration_units" : "seconds",
      "rate_units" : "calls/second"
    },
    "eu.domibus.core.plugin.notification.BackendNotificationService.notifyMessageReceived.timer" : {
      "count" : 98092,
      "max" : 0.40130510900000005,
      "mean" : 0.060803890645233505,
      "min" : 4.4339600000000004E-4,
      "p50" : 0.055811999,
      "p75" : 0.092959632,
      "p95" : 0.123216713,
      "p98" : 0.164272719,
      "p99" : 0.23774739,
      "p999" : 0.29231749700000004,
      "stddev" : 0.04446493973629953,
      "m15_rate" : 52.086618789492086,
      "m1_rate" : 58.193517708921156,
      "m5_rate" : 61.19486481434069,
      "mean_rate" : 59.93307210096512,
      "duration_units" : "seconds",
      "rate_units" : "calls/second"
    },
    "eu.domibus.core.plugin.notification.PluginAsyncNotificationListener.onMessage.timer" : {
      "count" : 97961,
      "max" : 0.6848252650000001,
      "mean" : 0.10074951026121179,
      "min" : 0.009526632,
      "p50" : 0.101993067,
      "p75" : 0.11565106900000001,
      "p95" : 0.19769197600000002,
      "p98" : 0.224534384,
      "p99" : 0.24508473700000002,
      "p999" : 0.325113162,
      "stddev" : 0.048974970495456384,
      "m15_rate" : 52.10545336315133,
      "m1_rate" : 58.91504342513172,
      "m5_rate" : 61.3275321468354,
      "mean_rate" : 59.871484913084856,
      "duration_units" : "seconds",
      "rate_units" : "calls/second"
    },
    "eu.domibus.core.pmode.validation.validators.MessagePropertyValidator.validate.timer" : {
      "count" : 196036,
      "max" : 2.5900000000000003E-5,
      "mean" : 1.2215398610002771E-6,
      "min" : 5.000000000000001E-7,
      "p50" : 1.1E-6,
      "p75" : 1.3E-6,
      "p95" : 2.1000000000000002E-6,
      "p98" : 2.5E-6,
      "p99" : 2.7E-6,
      "p999" : 1.79E-5,
      "stddev" : 1.1901687328477086E-6,
      "m15_rate" : 103.74834473582536,
      "m1_rate" : 117.57579026581588,
      "m5_rate" : 122.59462958256051,
      "mean_rate" : 119.77075093386588,
      "duration_units" : "seconds",
      "rate_units" : "calls/second"
    },
    "eu.domibus.core.replication.UIMessageDaoImpl.deleteMessages.deleteUIMessagesByMessageIds.timer" : {
      "count" : 32,
      "max" : 0.021387842,
      "mean" : 0.0030408246707138457,
      "min" : 0.002008885,
      "p50" : 0.0030351780000000004,
      "p75" : 0.003484575,
      "p95" : 0.004445368,
      "p98" : 0.004445368,
      "p99" : 0.004445368,
      "p999" : 0.004445368,
      "stddev" : 6.426061963540343E-4,
      "m15_rate" : 1.5873565086052797,
      "m1_rate" : 0.0474339295493385,
      "m5_rate" : 0.41675555860217156,
      "mean_rate" : 0.049256493248481824,
      "duration_units" : "seconds",
      "rate_units" : "calls/second"
    },
    "eu.domibus.core.util.SoapUtil.logMessage.timer" : {
      "count" : 98092,
      "max" : 2.12E-5,
      "mean" : 8.093600901421105E-7,
      "min" : 3.0000000000000004E-7,
      "p50" : 6.000000000000001E-7,
      "p75" : 8.000000000000001E-7,
      "p95" : 1.3E-6,
      "p98" : 1.5E-6,
      "p99" : 1.6000000000000001E-6,
      "p999" : 1.77E-5,
      "stddev" : 1.164680049077093E-6,
      "m15_rate" : 52.082128157976214,
      "m1_rate" : 58.12142176195234,
      "m5_rate" : 61.18160382068813,
      "mean_rate" : 59.93046492481618,
      "duration_units" : "seconds",
      "rate_units" : "calls/second"
    },
    "eu.domibus.plugin.jms.JMSPluginImpl.deliverMessage.timer" : {
      "count" : 97961,
      "max" : 0.480296045,
      "mean" : 0.09831645845210456,
      "min" : 0.009389032,
      "p50" : 0.100421278,
      "p75" : 0.115896567,
      "p95" : 0.19547629500000002,
      "p98" : 0.22413078600000003,
      "p99" : 0.25007080200000004,
      "p999" : 0.47374179200000005,
      "stddev" : 0.05122290700929577,
      "m15_rate" : 52.10474002140266,
      "m1_rate" : 58.903504683533924,
      "m5_rate" : 61.32493331427796,
      "mean_rate" : 59.87193098517233,
      "duration_units" : "seconds",
      "rate_units" : "calls/second"
    },
    "eu.domibus.plugin.jms.JMSPluginImpl.receiveMessage.timer" : {
      "count" : 97939,
      "max" : 0.596014006,
      "mean" : 0.17578162113490955,
      "min" : 0.011203019000000002,
      "p50" : 0.198458971,
      "p75" : 0.21387756200000002,
      "p95" : 0.295062574,
      "p98" : 0.324147169,
      "p99" : 0.35249936000000004,
      "p999" : 0.503830375,
      "stddev" : 0.08264549137570772,
      "m15_rate" : 52.46108846663158,
      "m1_rate" : 59.513516330536966,
      "m5_rate" : 61.444659428495584,
      "mean_rate" : 61.2027861020534,
      "duration_units" : "seconds",
      "rate_units" : "calls/second"
    }
  }
}