{
  "version" : "4.0.0",
  "gauges" : { },
  "counters" : {
    "eu.domibus.core.ebms3.receiver.MSHWebservice.incoming_user_message.counter" : {
      "count" : 21
    },
    "eu.domibus.core.ebms3.receiver.handler.AbstractIncomingMessageHandler.processMessage.counter" : {
      "count" : 21
    },
    "eu.domibus.core.ebms3.receiver.handler.IncomingUserMessageHandler.around_handleNewUserMessage.counter.counter" : {
      "count" : 21
    },
    "eu.domibus.core.ebms3.sender.AbstractUserMessageSender.outgoing_user_message.counter" : {
      "count" : 0
    },
    "eu.domibus.core.ebms3.sender.MessageSenderListener.onMessage.counter" : {
      "count" : 0
    },
    "eu.domibus.core.ebms3.sender.MessageSenderService.sendUserMessage.counter" : {
      "count" : 0
    },
    "eu.domibus.core.ebms3.sender.client.MSHDispatcher.dispatch.counter" : {
      "count" : 0
    },
    "eu.domibus.core.error.ErrorLogDao.deleteMessages.deleteErrorLogsByMessageIdInError.counter" : {
      "count" : 0
    },
    "eu.domibus.core.message.MessageInfoDao.deleteMessages.counter" : {
      "count" : 0
    },
    "eu.domibus.core.message.MessageInfoDao.findSignalMessageIds.counter" : {
      "count" : 0
    },
    "eu.domibus.core.message.MessagingServiceImpl.storeMessage.counter" : {
      "count" : 0
    },
    "eu.domibus.core.message.UserMessageHandlerServiceImpl.handleNewUserMessage.counter" : {
      "count" : 5
    },
    "eu.domibus.core.message.UserMessageLogDao.deleteMessages.deleteMessageLogs.counter" : {
      "count" : 0
    },
    "eu.domibus.core.message.acknowledge.MessageAcknowledgementDao.deleteMessages.deleteMessageAcknowledgementsByMessageIds.counter" : {
      "count" : 0
    },
    "eu.domibus.core.message.attempt.MessageAttemptDao.deleteMessages.deleteAttemptsByMessageIds.counter" : {
      "count" : 0
    },
    "eu.domibus.core.message.pull.IncomingPullRequestHandler.incoming_pull_request.counter" : {
      "count" : 0
    },
    "eu.domibus.core.message.receipt.AS4ReceiptServiceImpl.generateReceipt.counter" : {
      "count" : 0
    },
    "eu.domibus.core.message.retention.MessageRetentionDefaultService.schedule_deleteExpiredMessages.counter" : {
      "count" : 0
    },
    "eu.domibus.core.message.retention.RetentionListener.onMessage.deleteMessages.counter" : {
      "count" : 0
    },
    "eu.domibus.core.message.signal.SignalMessageDao.deleteMessages.deleteReceipts.counter" : {
      "count" : 0
    },
    "eu.domibus.core.message.signal.SignalMessageLogDao.deleteMessages.deleteMessageLogs.counter" : {
      "count" : 0
    },
    "eu.domibus.core.plugin.handler.DatabaseMessageHandler.submit.counter" : {
      "count" : 14
    },
    "eu.domibus.core.plugin.notification.BackendNotificationService.notifyMessageReceived.counter" : {
      "count" : 5
    },
    "eu.domibus.core.plugin.notification.PluginAsyncNotificationListener.onMessage.counter" : {
      "count" : 4
    },
    "eu.domibus.core.pmode.validation.validators.MessagePropertyValidator.validate.counter" : {
      "count" : 0
    },
    "eu.domibus.core.replication.UIMessageDaoImpl.deleteMessages.deleteUIMessagesByMessageIds.counter" : {
      "count" : 0
    },
    "eu.domibus.core.util.SoapUtil.SoapUtil.counter" : {
      "count" : 0
    },
    "eu.domibus.plugin.jms.JMSPluginImpl.deliverMessage.counter" : {
      "count" : 4
    },
    "eu.domibus.plugin.jms.JMSPluginImpl.receiveMessage.counter" : {
      "count" : 17
    }
  },
  "histograms" : { },
  "meters" : { },
  "timers" : {
    "eu.domibus.core.ebms3.receiver.MSHWebservice.incoming_user_message.timer" : {
      "count" : 98401,
      "max" : 1.219595188,
      "mean" : 0.39914935478193736,
      "min" : 0.162273318,
      "p50" : 0.386485308,
      "p75" : 0.442811579,
      "p95" : 0.550449827,
      "p98" : 0.6356740830000001,
      "p99" : 0.8301183860000001,
      "p999" : 1.1784140120000002,
      "stddev" : 0.1037634958960627,
      "m15_rate" : 52.19575049420449,
      "m1_rate" : 64.97247770983806,
      "m5_rate" : 63.25257841658917,
      "mean_rate" : 39.17217866765369,
      "duration_units" : "seconds",
      "rate_units" : "calls/second"
    },
    "eu.domibus.core.ebms3.receiver.handler.AbstractIncomingMessageHandler.processMessage.timer" : {
      "count" : 98397,
      "max" : 1.200045698,
      "mean" : 0.3952787425845048,
      "min" : 0.13759713,
      "p50" : 0.388129906,
      "p75" : 0.438947381,
      "p95" : 0.546924528,
      "p98" : 0.629310386,
      "p99" : 0.7789289110000001,
      "p999" : 1.049088676,
      "stddev" : 0.10217643722956893,
      "m15_rate" : 52.55477484772851,
      "m1_rate" : 65.15091343439862,
      "m5_rate" : 63.30078596562163,
      "mean_rate" : 60.12435539523794,
      "duration_units" : "seconds",
      "rate_units" : "calls/second"
    },
    "eu.domibus.core.ebms3.receiver.handler.IncomingUserMessageHandler.around_handleNewUserMessage.timer.timer" : {
      "count" : 98397,
      "max" : 1.218180089,
      "mean" : 0.39065218795947376,
      "min" : 0.12327683700000001,
      "p50" : 0.38642430800000005,
      "p75" : 0.43259268500000003,
      "p95" : 0.539673131,
      "p98" : 0.610992894,
      "p99" : 0.7599521210000001,
      "p999" : 0.871613065,
      "stddev" : 0.09481701088511386,
      "m15_rate" : 52.55375937464151,
      "m1_rate" : 65.13084638068013,
      "m5_rate" : 63.29709990788194,
      "mean_rate" : 60.125096665297036,
      "duration_units" : "seconds",
      "rate_units" : "calls/second"
    },
    "eu.domibus.core.ebms3.sender.AbstractUserMessageSender.outgoing_user_message.timer" : {
      "count" : 98156,
      "max" : 0.43815578200000005,
      "mean" : 0.05796090904712026,
      "min" : 0.041702779,
      "p50" : 0.055575973,
      "p75" : 0.060783670000000005,
      "p95" : 0.072057564,
      "p98" : 0.08287975900000001,
      "p99" : 0.129372136,
      "p999" : 0.43815578200000005,
      "stddev" : 0.019369362086830492,
      "m15_rate" : 52.535682311727676,
      "m1_rate" : 66.26279891742661,
      "m5_rate" : 63.413389801940575,
      "mean_rate" : 61.335198646025574,
      "duration_units" : "seconds",
      "rate_units" : "calls/second"
    },
    "eu.domibus.core.ebms3.sender.MessageSenderListener.onMessage.timer" : {
      "count" : 98156,
      "max" : 0.312342944,
      "mean" : 0.07589753092849783,
      "min" : 0.046684877,
      "p50" : 0.063436669,
      "p75" : 0.073229164,
      "p95" : 0.151888924,
      "p98" : 0.174365412,
      "p99" : 0.18601820600000002,
      "p999" : 0.270172166,
      "stddev" : 0.032728915694351254,
      "m15_rate" : 52.53239867765059,
      "m1_rate" : 66.22788851063032,
      "m5_rate" : 63.40679038225343,
      "mean_rate" : 61.332145057043505,
      "duration_units" : "seconds",
      "rate_units" : "calls/second"
    },
    "eu.domibus.core.ebms3.sender.MessageSenderService.sendUserMessage.timer" : {
      "count" : 98156,
      "max" : 0.296965652,
      "mean" : 0.07348940839042924,
      "min" : 0.045946577,
      "p50" : 0.062369969000000004,
      "p75" : 0.071409764,
      "p95" : 0.14913372600000002,
      "p98" : 0.16587221700000002,
      "p99" : 0.177311711,
      "p999" : 0.262680069,
      "stddev" : 0.030645493287021326,
      "m15_rate" : 52.53757940576552,
      "m1_rate" : 66.30909649011896,
      "m5_rate" : 63.42180946905816,
      "mean_rate" : 61.33309207076567,
      "duration_units" : "seconds",
      "rate_units" : "calls/second"
    },
    "eu.domibus.core.ebms3.sender.client.MSHDispatcher.dispatch.timer" : {
      "count" : 98156,
      "max" : 0.22147399,
      "mean" : 0.04784379075466206,
      "min" : 0.032835684000000004,
      "p50" : 0.045478977000000004,
      "p75" : 0.050423275000000004,
      "p95" : 0.059768771000000005,
      "p98" : 0.069542265,
      "p99" : 0.110653545,
      "p999" : 0.22147399,
      "stddev" : 0.01545028470971919,
      "m15_rate" : 52.533421972702946,
      "m1_rate" : 66.23590639964883,
      "m5_rate" : 63.4058108892477,
      "mean_rate" : 61.336362741063255,
      "duration_units" : "seconds",
      "rate_units" : "calls/second"
    },
    "eu.domibus.core.error.ErrorLogDao.deleteMessages.deleteErrorLogsByMessageIdInError.timer" : {
      "count" : 23,
      "max" : 0.019670488,
      "mean" : 0.004132376550833247,
      "min" : 0.002854798,
      "p50" : 0.0037806980000000003,
      "p75" : 0.004521897,
      "p95" : 0.005015898,
      "p98" : 0.009302694,
      "p99" : 0.019670488,
      "p999" : 0.019670488,
      "stddev" : 0.0019761603397130396,
      "m15_rate" : 0.49677299115076684,
      "m1_rate" : 3.891362137008302E-7,
      "m5_rate" : 0.06306775177829141,
      "mean_rate" : 0.0241745379984447,
      "duration_units" : "seconds",
      "rate_units" : "calls/second"
    },
    "eu.domibus.core.message.MessageInfoDao.deleteMessages.timer" : {
      "count" : 46,
      "max" : 1.2828104610000002,
      "mean" : 0.6065571637006134,
      "min" : 0.036752078,
      "p50" : 0.365090585,
      "p75" : 0.9668593430000001,
      "p95" : 1.1389724140000002,
      "p98" : 1.2828104610000002,
      "p99" : 1.2828104610000002,
      "p999" : 1.2828104610000002,
      "stddev" : 0.39412102532614646,
      "m15_rate" : 0.9935506003645802,
      "m1_rate" : 7.793641321630213E-7,
      "m5_rate" : 0.12614131921408583,
      "mean_rate" : 0.04830671671340847,
      "duration_units" : "seconds",
      "rate_units" : "calls/second"
    },
    "eu.domibus.core.message.MessageInfoDao.findSignalMessageIds.timer" : {
      "count" : 23,
      "max" : 0.322279011,
      "mean" : 0.14306804072303972,
      "min" : 0.023439886,
      "p50" : 0.12090313000000001,
      "p75" : 0.14666041500000002,
      "p95" : 0.29723892500000004,
      "p98" : 0.322279011,
      "p99" : 0.322279011,
      "p999" : 0.322279011,
      "stddev" : 0.07058338244284794,
      "m15_rate" : 0.4967705366109566,
      "m1_rate" : 3.8777106964043314E-7,
      "m5_rate" : 0.06306425885151547,
      "mean_rate" : 0.02414615244325023,
      "duration_units" : "seconds",
      "rate_units" : "calls/second"
    },
    "eu.domibus.core.message.MessagingServiceImpl.storeMessage.timer" : {
      "count" : 196605,
      "max" : 0.12284373800000001,
      "mean" : 0.006102477193561774,
      "min" : 0.003106699,
      "p50" : 0.004873997000000001,
      "p75" : 0.005885197,
      "p95" : 0.009398195,
      "p98" : 0.013981793000000001,
      "p99" : 0.017297692,
      "p999" : 0.12140394,
      "stddev" : 0.007729320639822478,
      "m15_rate" : 104.65744908195009,
      "m1_rate" : 130.97945656233878,
      "m5_rate" : 126.62583697049332,
      "mean_rate" : 120.13596264903418,
      "duration_units" : "seconds",
      "rate_units" : "calls/second"
    },
    "eu.domibus.core.message.UserMessageHandlerServiceImpl.handleNewUserMessage.timer" : {
      "count" : 98413,
      "max" : 0.439564381,
      "mean" : 0.1164767864014678,
      "min" : 0.027064086,
      "p50" : 0.11895254100000001,
      "p75" : 0.139556231,
      "p95" : 0.21498989300000002,
      "p98" : 0.24097828000000002,
      "p99" : 0.263837368,
      "p999" : 0.36344671900000003,
      "stddev" : 0.04904889710489832,
      "m15_rate" : 52.556303884257844,
      "m1_rate" : 65.05285263228456,
      "m5_rate" : 63.29121877342668,
      "mean_rate" : 60.13482417441528,
      "duration_units" : "seconds",
      "rate_units" : "calls/second"
    },
    "eu.domibus.core.message.UserMessageLogDao.deleteMessages.deleteMessageLogs.timer" : {
      "count" : 23,
      "max" : 0.08478965100000001,
      "mean" : 0.06308780123026664,
      "min" : 0.01622689,
      "p50" : 0.062435264000000004,
      "p75" : 0.069722359,
      "p95" : 0.08478965100000001,
      "p98" : 0.08478965100000001,
      "p99" : 0.08478965100000001,
      "p999" : 0.08478965100000001,
      "stddev" : 0.011663513652819956,
      "m15_rate" : 0.49677299115076684,
      "m1_rate" : 3.891362137008302E-7,
      "m5_rate" : 0.06306775177829141,
      "mean_rate" : 0.024173112172924376,
      "duration_units" : "seconds",
      "rate_units" : "calls/second"
    },
    "eu.domibus.core.message.acknowledge.MessageAcknowledgementDao.deleteMessages.deleteMessageAcknowledgementsByMessageIds.timer" : {
      "count" : 23,
      "max" : 0.09631374200000001,
      "mean" : 0.004947607880262712,
      "min" : 0.0026791980000000003,
      "p50" : 0.0035724980000000003,
      "p75" : 0.0038737980000000003,
      "p95" : 0.004440197,
      "p98" : 0.009987894,
      "p99" : 0.09631374200000001,
      "p999" : 0.09631374200000001,
      "stddev" : 0.01079132271543907,
      "m15_rate" : 0.49677299115076684,
      "m1_rate" : 3.891362137008302E-7,
      "m5_rate" : 0.06306775177829141,
      "mean_rate" : 0.024175426816498695,
      "duration_units" : "seconds",
      "rate_units" : "calls/second"
    },
    "eu.domibus.core.message.attempt.MessageAttemptDao.deleteMessages.deleteAttemptsByMessageIds.timer" : {
      "count" : 23,
      "max" : 0.011950792,
      "mean" : 0.004063967741509097,
      "min" : 0.003254498,
      "p50" : 0.003783198,
      "p75" : 0.0044305970000000005,
      "p95" : 0.004927697,
      "p98" : 0.008819495,
      "p99" : 0.011950792,
      "p999" : 0.011950792,
      "stddev" : 0.001189608083108397,
      "m15_rate" : 0.49677299115076684,
      "m1_rate" : 3.891362137008302E-7,
      "m5_rate" : 0.06306775177829141,
      "mean_rate" : 0.024174210645508135,
      "duration_units" : "seconds",
      "rate_units" : "calls/second"
    },
    "eu.domibus.core.message.pull.IncomingPullRequestHandler.incoming_pull_request.timer" : {
      "count" : 4,
      "max" : 0.42838590000000004,
      "mean" : 0.221446047,
      "min" : 0.012230695000000001,
      "p50" : 0.4283555,
      "p75" : 0.42838590000000004,
      "p95" : 0.42838590000000004,
      "p98" : 0.42838590000000004,
      "p99" : 0.42838590000000004,
      "p999" : 0.42838590000000004,
      "stddev" : 0.20693099281075494,
      "m15_rate" : 0.04946564530280474,
      "m1_rate" : 5.906026176932132E-19,
      "m5_rate" : 1.8911721474291262E-4,
      "mean_rate" : 0.0015923501590316984,
      "duration_units" : "seconds",
      "rate_units" : "calls/second"
    },
    "eu.domibus.core.message.receipt.AS4ReceiptServiceImpl.generateReceipt.timer" : {
      "count" : 98413,
      "max" : 0.141773429,
      "mean" : 0.02744196228230728,
      "min" : 0.015881692,
      "p50" : 0.025172787000000002,
      "p75" : 0.029820185000000003,
      "p95" : 0.041137279000000006,
      "p98" : 0.049587576,
      "p99" : 0.098278551,
      "p999" : 0.141773429,
      "stddev" : 0.011230472648621148,
      "m15_rate" : 52.560299982836824,
      "m1_rate" : 65.11993959756738,
      "m5_rate" : 63.2990579433347,
      "mean_rate" : 60.14041202476247,
      "duration_units" : "seconds",
      "rate_units" : "calls/second"
    },
    "eu.domibus.core.message.retention.MessageRetentionDefaultService.schedule_deleteExpiredMessages.timer" : {
      "count" : 7,
      "max" : 6.841585374,
      "mean" : 5.89674772904251,
      "min" : 0.225089898,
      "p50" : 5.5644307920000005,
      "p75" : 6.841585374,
      "p95" : 6.841585374,
      "p98" : 6.841585374,
      "p99" : 6.841585374,
      "p999" : 6.841585374,
      "stddev" : 0.5638535119559096,
      "m15_rate" : 0.020266892029923603,
      "m1_rate" : 2.7896813812838265E-8,
      "m5_rate" : 7.447265924184487E-4,
      "mean_rate" : 0.0032495491094337524,
      "duration_units" : "seconds",
      "rate_units" : "calls/second"
    },
    "eu.domibus.core.message.retention.RetentionListener.onMessage.deleteMessages.timer" : {
      "count" : 23,
      "max" : 2.076122549,
      "mean" : 1.7785119084328047,
      "min" : 0.354285887,
      "p50" : 1.82005035,
      "p75" : 1.9312764880000002,
      "p95" : 1.951151276,
      "p98" : 1.951151276,
      "p99" : 2.076122549,
      "p999" : 2.076122549,
      "stddev" : 0.2472500644431981,
      "m15_rate" : 0.4967800774279042,
      "m1_rate" : 3.917116990696168E-7,
      "m5_rate" : 0.06307711906585167,
      "mean_rate" : 0.024144903093985145,
      "duration_units" : "seconds",
      "rate_units" : "calls/second"
    },
    "eu.domibus.core.message.signal.SignalMessageDao.deleteMessages.deleteReceipts.timer" : {
      "count" : 23,
      "max" : 0.25725295200000003,
      "mean" : 0.19965035235983156,
      "min" : 0.024995185000000003,
      "p50" : 0.212344777,
      "p75" : 0.22580987000000002,
      "p95" : 0.25725295200000003,
      "p98" : 0.25725295200000003,
      "p99" : 0.25725295200000003,
      "p999" : 0.25725295200000003,
      "stddev" : 0.041473065094879295,
      "m15_rate" : 0.49677299115076684,
      "m1_rate" : 3.891362137008302E-7,
      "m5_rate" : 0.06306775177829141,
      "mean_rate" : 0.024171994889628207,
      "duration_units" : "seconds",
      "rate_units" : "calls/second"
    },
    "eu.domibus.core.message.signal.SignalMessageLogDao.deleteMessages.deleteMessageLogs.timer" : {
      "count" : 23,
      "max" : 0.06590676200000001,
      "mean" : 0.05359057678182573,
      "min" : 0.007286096000000001,
      "p50" : 0.057711866,
      "p75" : 0.062009164000000006,
      "p95" : 0.06590676200000001,
      "p98" : 0.06590676200000001,
      "p99" : 0.06590676200000001,
      "p999" : 0.06590676200000001,
      "stddev" : 0.0107957680546646,
      "m15_rate" : 0.49677299115076684,
      "m1_rate" : 3.891362137008302E-7,
      "m5_rate" : 0.06306775177829141,
      "mean_rate" : 0.024173707626469875,
      "duration_units" : "seconds",
      "rate_units" : "calls/second"
    },
    "eu.domibus.core.plugin.handler.DatabaseMessageHandler.submit.timer" : {
      "count" : 98173,
      "max" : 0.47011366600000004,
      "mean" : 0.1082784535212882,
      "min" : 0.011109294,
      "p50" : 0.09855475100000001,
      "p75" : 0.116257543,
      "p95" : 0.208506296,
      "p98" : 0.23274048400000003,
      "p99" : 0.258024271,
      "p999" : 0.41313629300000004,
      "stddev" : 0.04682450785916488,
      "m15_rate" : 52.53326203106393,
      "m1_rate" : 66.14114761060738,
      "m5_rate" : 63.39844589694666,
      "mean_rate" : 61.3354079709169,
      "duration_units" : "seconds",
      "rate_units" : "calls/second"
    },
    "eu.domibus.core.plugin.notification.BackendNotificationService.notifyMessageReceived.timer" : {
      "count" : 98413,
      "max" : 0.24390767800000002,
      "mean" : 0.07044772045313931,
      "min" : 4.6970000000000003E-4,
      "p50" : 0.07103946500000001,
      "p75" : 0.096761652,
      "p95" : 0.125582137,
      "p98" : 0.15606182200000002,
      "p99" : 0.17583701200000001,
      "p999" : 0.238273281,
      "stddev" : 0.03784753727314307,
      "m15_rate" : 52.56265814050357,
      "m1_rate" : 65.14729789769189,
      "m5_rate" : 63.30669193420122,
      "mean_rate" : 60.13756408364581,
      "duration_units" : "seconds",
      "rate_units" : "calls/second"
    },
    "eu.domibus.core.plugin.notification.PluginAsyncNotificationListener.onMessage.timer" : {
      "count" : 98225,
      "max" : 0.40953089400000003,
      "mean" : 0.10737478009566208,
      "min" : 0.011915394000000001,
      "p50" : 0.10030355,
      "p75" : 0.11689524200000001,
      "p95" : 0.1996696,
      "p98" : 0.227129087,
      "p99" : 0.24153478,
      "p999" : 0.374738512,
      "stddev" : 0.0430075284597884,
      "m15_rate" : 52.50231175711788,
      "m1_rate" : 65.64831211740513,
      "m5_rate" : 63.3254656919608,
      "mean_rate" : 60.03702914561903,
      "duration_units" : "seconds",
      "rate_units" : "calls/second"
    },
    "eu.domibus.core.pmode.validation.validators.MessagePropertyValidator.validate.timer" : {
      "count" : 196605,
      "max" : 2.6000000000000002E-5,
      "mean" : 1.2406250462947866E-6,
      "min" : 4.0000000000000003E-7,
      "p50" : 1.1E-6,
      "p75" : 1.3E-6,
      "p95" : 2.0000000000000003E-6,
      "p98" : 2.4000000000000003E-6,
      "p99" : 2.7E-6,
      "p999" : 2.6000000000000002E-5,
      "stddev" : 1.5521462922723492E-6,
      "m15_rate" : 104.65802375506082,
      "m1_rate" : 130.98241672994985,
      "m5_rate" : 126.62742756704549,
      "mean_rate" : 120.13496357833063,
      "duration_units" : "seconds",
      "rate_units" : "calls/second"
    },
    "eu.domibus.core.replication.UIMessageDaoImpl.deleteMessages.deleteUIMessagesByMessageIds.timer" : {
      "count" : 46,
      "max" : 0.014376792000000001,
      "mean" : 0.0033774839344748626,
      "min" : 7.569E-4,
      "p50" : 0.0031303980000000004,
      "p75" : 0.0039043980000000003,
      "p95" : 0.005290297,
      "p98" : 0.009261695,
      "p99" : 0.009261695,
      "p999" : 0.014376792000000001,
      "stddev" : 0.00152597423738755,
      "m15_rate" : 0.9935459823015337,
      "m1_rate" : 7.782724274016604E-7,
      "m5_rate" : 0.12613550355658282,
      "mean_rate" : 0.04834997937121259,
      "duration_units" : "seconds",
      "rate_units" : "calls/second"
    },
    "eu.domibus.core.util.SoapUtil.logMessage.timer" : {
      "count" : 98418,
      "max" : 3.93E-5,
      "mean" : 8.241324343097379E-7,
      "min" : 2.0000000000000002E-7,
      "p50" : 6.000000000000001E-7,
      "p75" : 7.000000000000001E-7,
      "p95" : 1.2000000000000002E-6,
      "p98" : 1.5E-6,
      "p99" : 1.8000000000000001E-6,
      "p999" : 3.52E-5,
      "stddev" : 1.7810344342288303E-6,
      "m15_rate" : 52.55872924042849,
      "m1_rate" : 65.06578813999066,
      "m5_rate" : 63.29367844376626,
      "mean_rate" : 60.1379551156288,
      "duration_units" : "seconds",
      "rate_units" : "calls/second"
    },
    "eu.domibus.plugin.jms.JMSPluginImpl.deliverMessage.timer" : {
      "count" : 98225,
      "max" : 0.47363646400000003,
      "mean" : 0.10419617200425474,
      "min" : 0.012468594000000001,
      "p50" : 0.10011145,
      "p75" : 0.114638243,
      "p95" : 0.191265605,
      "p98" : 0.21253549400000002,
      "p99" : 0.24012038000000002,
      "p999" : 0.45518657100000004,
      "stddev" : 0.0412710217529087,
      "m15_rate" : 52.50156289847595,
      "m1_rate" : 65.64290952839225,
      "m5_rate" : 63.32288186528862,
      "mean_rate" : 60.03747996768501,
      "duration_units" : "seconds",
      "rate_units" : "calls/second"
    },
    "eu.domibus.plugin.jms.JMSPluginImpl.receiveMessage.timer" : {
      "count" : 98170,
      "max" : 0.658794271,
      "mean" : 0.19551997977081656,
      "min" : 0.011693694000000001,
      "p50" : 0.19618980200000002,
      "p75" : 0.218270592,
      "p95" : 0.30794244600000004,
      "p98" : 0.367459517,
      "p99" : 0.43995808000000003,
      "p999" : 0.616903792,
      "stddev" : 0.068010964231272,
      "m15_rate" : 52.53089797080146,
      "m1_rate" : 66.1674540170225,
      "m5_rate" : 63.39645455357345,
      "mean_rate" : 61.33323339313303,
      "duration_units" : "seconds",
      "rate_units" : "calls/second"
    }
  }
}