{
  "version" : "4.0.0",
  "gauges" : { },
  "counters" : {
    "eu.domibus.core.ebms3.receiver.MSHWebservice.incoming_user_message.counter" : {
      "count" : 9
    },
    "eu.domibus.core.ebms3.receiver.handler.AbstractIncomingMessageHandler.processMessage.counter" : {
      "count" : 9
    },
    "eu.domibus.core.ebms3.receiver.handler.IncomingUserMessageHandler.around_handleNewUserMessage.counter.counter" : {
      "count" : 9
    },
    "eu.domibus.core.ebms3.sender.AbstractUserMessageSender.outgoing_user_message.counter" : {
      "count" : 1
    },
    "eu.domibus.core.ebms3.sender.MessageSenderListener.onMessage.counter" : {
      "count" : 3
    },
    "eu.domibus.core.ebms3.sender.MessageSenderService.sendUserMessage.counter" : {
      "count" : 3
    },
    "eu.domibus.core.ebms3.sender.client.MSHDispatcher.dispatch.counter" : {
      "count" : 1
    },
    "eu.domibus.core.error.ErrorLogDao.deleteMessages.deleteErrorLogsByMessageIdInError.counter" : {
      "count" : 0
    },
    "eu.domibus.core.message.MessageInfoDao.deleteMessages.counter" : {
      "count" : 0
    },
    "eu.domibus.core.message.MessageInfoDao.findSignalMessageIds.counter" : {
      "count" : 0
    },
    "eu.domibus.core.message.MessagingServiceImpl.storeMessage.counter" : {
      "count" : 0
    },
    "eu.domibus.core.message.UserMessageHandlerServiceImpl.handleNewUserMessage.counter" : {
      "count" : 2
    },
    "eu.domibus.core.message.UserMessageLogDao.deleteMessages.deleteMessageLogs.counter" : {
      "count" : 0
    },
    "eu.domibus.core.message.acknowledge.MessageAcknowledgementDao.deleteMessages.deleteMessageAcknowledgementsByMessageIds.counter" : {
      "count" : 0
    },
    "eu.domibus.core.message.attempt.MessageAttemptDao.deleteMessages.deleteAttemptsByMessageIds.counter" : {
      "count" : 0
    },
    "eu.domibus.core.message.pull.IncomingPullRequestHandler.incoming_pull_request.counter" : {
      "count" : 0
    },
    "eu.domibus.core.message.receipt.AS4ReceiptServiceImpl.generateReceipt.counter" : {
      "count" : 1
    },
    "eu.domibus.core.message.retention.MessageRetentionDefaultService.schedule_deleteExpiredMessages.counter" : {
      "count" : 0
    },
    "eu.domibus.core.message.retention.RetentionListener.onMessage.deleteMessages.counter" : {
      "count" : 0
    },
    "eu.domibus.core.message.signal.SignalMessageDao.deleteMessages.deleteReceipts.counter" : {
      "count" : 0
    },
    "eu.domibus.core.message.signal.SignalMessageLogDao.deleteMessages.deleteMessageLogs.counter" : {
      "count" : 0
    },
    "eu.domibus.core.plugin.handler.DatabaseMessageHandler.submit.counter" : {
      "count" : 5
    },
    "eu.domibus.core.plugin.notification.BackendNotificationService.notifyMessageReceived.counter" : {
      "count" : 0
    },
    "eu.domibus.core.plugin.notification.PluginAsyncNotificationListener.onMessage.counter" : {
      "count" : 0
    },
    "eu.domibus.core.pmode.validation.validators.MessagePropertyValidator.validate.counter" : {
      "count" : 0
    },
    "eu.domibus.core.replication.UIMessageDaoImpl.deleteMessages.deleteUIMessagesByMessageIds.counter" : {
      "count" : 0
    },
    "eu.domibus.core.util.SoapUtil.SoapUtil.counter" : {
      "count" : 0
    },
    "eu.domibus.plugin.jms.JMSPluginImpl.deliverMessage.counter" : {
      "count" : 0
    },
    "eu.domibus.plugin.jms.JMSPluginImpl.receiveMessage.counter" : {
      "count" : 5
    }
  },
  "histograms" : { },
  "meters" : { },
  "timers" : {
    "eu.domibus.core.ebms3.receiver.MSHWebservice.incoming_user_message.timer" : {
      "count" : 92101,
      "max" : 1.124775802,
      "mean" : 0.37666582469106213,
      "min" : 0.11257584000000001,
      "p50" : 0.369402155,
      "p75" : 0.412830482,
      "p95" : 0.569676826,
      "p98" : 0.7733323120000001,
      "p99" : 0.896902371,
      "p999" : 0.99169026,
      "stddev" : 0.12238731696356761,
      "m15_rate" : 47.64069098677509,
      "m1_rate" : 57.070987726337876,
      "m5_rate" : 56.28179424946821,
      "mean_rate" : 36.66488213414021,
      "duration_units" : "seconds",
      "rate_units" : "calls/second"
    },
    "eu.domibus.core.ebms3.receiver.handler.AbstractIncomingMessageHandler.processMessage.timer" : {
      "count" : 92095,
      "max" : 1.3183014480000002,
      "mean" : 0.36741734263508335,
      "min" : 0.110334131,
      "p50" : 0.37027343500000004,
      "p75" : 0.41260956200000004,
      "p95" : 0.5253118130000001,
      "p98" : 0.6449246040000001,
      "p99" : 0.7706184610000001,
      "p999" : 0.982220182,
      "stddev" : 0.10934866170168883,
      "m15_rate" : 47.95425729790305,
      "m1_rate" : 57.01449524882547,
      "m5_rate" : 56.28109505556678,
      "mean_rate" : 56.2648450381017,
      "duration_units" : "seconds",
      "rate_units" : "calls/second"
    },
    "eu.domibus.core.ebms3.receiver.handler.IncomingUserMessageHandler.around_handleNewUserMessage.timer.timer" : {
      "count" : 92095,
      "max" : 1.451411091,
      "mean" : 0.3705622546705793,
      "min" : 0.123591661,
      "p50" : 0.36948666300000005,
      "p75" : 0.418213182,
      "p95" : 0.5288228380000001,
      "p98" : 0.64143308,
      "p99" : 0.8175989170000001,
      "p999" : 0.982323692,
      "stddev" : 0.11123744227212498,
      "m15_rate" : 47.953441122951155,
      "m1_rate" : 56.992195426968195,
      "m5_rate" : 56.27645088002153,
      "mean_rate" : 56.266025374131765,
      "duration_units" : "seconds",
      "rate_units" : "calls/second"
    },
    "eu.domibus.core.ebms3.sender.AbstractUserMessageSender.outgoing_user_message.timer" : {
      "count" : 92216,
      "max" : 0.294918948,
      "mean" : 0.05574800266979452,
      "min" : 0.040990601,
      "p50" : 0.052537772,
      "p75" : 0.057981377,
      "p95" : 0.068442846,
      "p98" : 0.10720774100000001,
      "p99" : 0.13004896000000002,
      "p999" : 0.25524987,
      "stddev" : 0.01652392287287006,
      "m15_rate" : 48.25259976639262,
      "m1_rate" : 58.51423195493532,
      "m5_rate" : 56.625952813813875,
      "mean_rate" : 57.654750232427745,
      "duration_units" : "seconds",
      "rate_units" : "calls/second"
    },
    "eu.domibus.core.ebms3.sender.MessageSenderListener.onMessage.timer" : {
      "count" : 92216,
      "max" : 0.465826196,
      "mean" : 0.06717617316743572,
      "min" : 0.045744842,
      "p50" : 0.058526727,
      "p75" : 0.06427246,
      "p95" : 0.13825052000000002,
      "p98" : 0.163760485,
      "p99" : 0.180787565,
      "p999" : 0.231524169,
      "stddev" : 0.02903049827178889,
      "m15_rate" : 48.25589361963769,
      "m1_rate" : 58.572062152137654,
      "m5_rate" : 56.63749126566212,
      "mean_rate" : 57.651487244026086,
      "duration_units" : "seconds",
      "rate_units" : "calls/second"
    },
    "eu.domibus.core.ebms3.sender.MessageSenderService.sendUserMessage.timer" : {
      "count" : 92216,
      "max" : 0.46025108000000003,
      "mean" : 0.06797235800072064,
      "min" : 0.045300901000000005,
      "p50" : 0.05849382400000001,
      "p75" : 0.065150741,
      "p95" : 0.140222703,
      "p98" : 0.170326794,
      "p99" : 0.20752614500000002,
      "p999" : 0.46025108000000003,
      "stddev" : 0.03340594992848388,
      "m15_rate" : 48.255117085351856,
      "m1_rate" : 58.559628364447015,
      "m5_rate" : 56.634831642238424,
      "mean_rate" : 57.65206434718325,
      "duration_units" : "seconds",
      "rate_units" : "calls/second"
    },
    "eu.domibus.core.ebms3.sender.client.MSHDispatcher.dispatch.timer" : {
      "count" : 92217,
      "max" : 0.305736051,
      "mean" : 0.0477632459721675,
      "min" : 0.034174169000000004,
      "p50" : 0.045012974000000004,
      "p75" : 0.049741513,
      "p95" : 0.057937273000000004,
      "p98" : 0.080918604,
      "p99" : 0.11933976700000001,
      "p999" : 0.305736051,
      "stddev" : 0.017712261416323264,
      "m15_rate" : 48.25531544113777,
      "m1_rate" : 58.5508598900246,
      "m5_rate" : 56.63179055458976,
      "mean_rate" : 57.65773887871885,
      "duration_units" : "seconds",
      "rate_units" : "calls/second"
    },
    "eu.domibus.core.error.ErrorLogDao.deleteMessages.deleteErrorLogsByMessageIdInError.timer" : {
      "count" : 41,
      "max" : 0.009879216000000001,
      "mean" : 0.0036402393320425527,
      "min" : 0.002210905,
      "p50" : 0.0036703400000000002,
      "p75" : 0.003872059,
      "p95" : 0.004817147,
      "p98" : 0.004817147,
      "p99" : 0.004817147,
      "p999" : 0.007783521000000001,
      "stddev" : 8.467187519995831E-4,
      "m15_rate" : 0.08893111312139201,
      "m1_rate" : 4.3630128486746604E-4,
      "m5_rate" : 0.028340968748707018,
      "mean_rate" : 0.040509965812465985,
      "duration_units" : "seconds",
      "rate_units" : "calls/second"
    },
    "eu.domibus.core.message.MessageInfoDao.deleteMessages.timer" : {
      "count" : 82,
      "max" : 1.342532596,
      "mean" : 0.6814842724403262,
      "min" : 0.031121386,
      "p50" : 0.471510024,
      "p75" : 1.0435869740000001,
      "p95" : 1.342532596,
      "p98" : 1.342532596,
      "p99" : 1.342532596,
      "p999" : 1.342532596,
      "stddev" : 0.4070413422886751,
      "m15_rate" : 0.17786222624278403,
      "m1_rate" : 8.726025697349321E-4,
      "m5_rate" : 0.056681937497414035,
      "mean_rate" : 0.08100364263748323,
      "duration_units" : "seconds",
      "rate_units" : "calls/second"
    },
    "eu.domibus.core.message.MessageInfoDao.findSignalMessageIds.timer" : {
      "count" : 41,
      "max" : 0.237450019,
      "mean" : 0.11201122393935313,
      "min" : 0.04497007,
      "p50" : 0.103485797,
      "p75" : 0.142975959,
      "p95" : 0.188773705,
      "p98" : 0.188773705,
      "p99" : 0.188773705,
      "p999" : 0.188773705,
      "stddev" : 0.045209197671562035,
      "m15_rate" : 0.0888968309973692,
      "m1_rate" : 4.2338586151794355E-4,
      "m5_rate" : 0.028238033566060115,
      "mean_rate" : 0.040499413683096785,
      "duration_units" : "seconds",
      "rate_units" : "calls/second"
    },
    "eu.domibus.core.message.MessagingServiceImpl.storeMessage.timer" : {
      "count" : 184321,
      "max" : 0.20991616600000002,
      "mean" : 0.0048740860768897035,
      "min" : 0.002498632,
      "p50" : 0.004162286,
      "p75" : 0.004955959,
      "p95" : 0.008060947,
      "p98" : 0.011253344,
      "p99" : 0.014687862000000001,
      "p999" : 0.20991616600000002,
      "stddev" : 0.006774875132008686,
      "m15_rate" : 95.62518851648409,
      "m1_rate" : 114.74831953272785,
      "m5_rate" : 112.76840741763509,
      "mean_rate" : 112.61317674937285,
      "duration_units" : "seconds",
      "rate_units" : "calls/second"
    },
    "eu.domibus.core.message.UserMessageHandlerServiceImpl.handleNewUserMessage.timer" : {
      "count" : 92102,
      "max" : 0.320505421,
      "mean" : 0.09371670101095679,
      "min" : 0.020200273,
      "p50" : 0.089223673,
      "p75" : 0.11938657100000001,
      "p95" : 0.19097670900000002,
      "p98" : 0.224583626,
      "p99" : 0.24716762,
      "p999" : 0.320505421,
      "stddev" : 0.04837797683572197,
      "m15_rate" : 47.95054174588394,
      "m1_rate" : 56.88564511027881,
      "m5_rate" : 56.259903259595724,
      "mean_rate" : 56.27026751831035,
      "duration_units" : "seconds",
      "rate_units" : "calls/second"
    },
    "eu.domibus.core.message.UserMessageLogDao.deleteMessages.deleteMessageLogs.timer" : {
      "count" : 41,
      "max" : 0.097372129,
      "mean" : 0.07333371892907267,
      "min" : 0.013553057,
      "p50" : 0.072328707,
      "p75" : 0.085169197,
      "p95" : 0.08566754400000001,
      "p98" : 0.09167910200000001,
      "p99" : 0.09191502400000001,
      "p999" : 0.097372129,
      "stddev" : 0.010426214575062577,
      "m15_rate" : 0.08893111312139201,
      "m1_rate" : 4.3630128486746604E-4,
      "m5_rate" : 0.028340968748707018,
      "mean_rate" : 0.040508181387959634,
      "duration_units" : "seconds",
      "rate_units" : "calls/second"
    },
    "eu.domibus.core.message.acknowledge.MessageAcknowledgementDao.deleteMessages.deleteMessageAcknowledgementsByMessageIds.timer" : {
      "count" : 41,
      "max" : 0.011262844000000001,
      "mean" : 0.003323149366931569,
      "min" : 0.001851172,
      "p50" : 0.0032064980000000003,
      "p75" : 0.003939066000000001,
      "p95" : 0.004832248,
      "p98" : 0.004832248,
      "p99" : 0.004832248,
      "p999" : 0.007487194000000001,
      "stddev" : 8.335346277743516E-4,
      "m15_rate" : 0.08893111312139201,
      "m1_rate" : 4.3630128486746604E-4,
      "m5_rate" : 0.028340968748707018,
      "mean_rate" : 0.04051075894451764,
      "duration_units" : "seconds",
      "rate_units" : "calls/second"
    },
    "eu.domibus.core.message.attempt.MessageAttemptDao.deleteMessages.deleteAttemptsByMessageIds.timer" : {
      "count" : 41,
      "max" : 0.009724302,
      "mean" : 0.004572837215051238,
      "min" : 0.002438426,
      "p50" : 0.004524820000000001,
      "p75" : 0.0053009910000000006,
      "p95" : 0.0065529080000000005,
      "p98" : 0.0065529080000000005,
      "p99" : 0.0065529080000000005,
      "p999" : 0.0065529080000000005,
      "stddev" : 0.0012237969955288513,
      "m15_rate" : 0.08893111312139201,
      "m1_rate" : 4.3630128486746604E-4,
      "m5_rate" : 0.028340968748707018,
      "mean_rate" : 0.04050956557742709,
      "duration_units" : "seconds",
      "rate_units" : "calls/second"
    },
    "eu.domibus.core.message.pull.IncomingPullRequestHandler.incoming_pull_request.timer" : {
      "count" : 6,
      "max" : 0.5287768500000001,
      "mean" : 0.27503154766666665,
      "min" : 0.014720468,
      "p50" : 0.528679841,
      "p75" : 0.5287646490000001,
      "p95" : 0.5287768500000001,
      "p98" : 0.5287768500000001,
      "p99" : 0.5287768500000001,
      "p999" : 0.5287768500000001,
      "stddev" : 0.25373200348175157,
      "m15_rate" : 0.07419846795420708,
      "m1_rate" : 8.859039265398211E-19,
      "m5_rate" : 2.836758221143693E-4,
      "mean_rate" : 0.002388566883879077,
      "duration_units" : "seconds",
      "rate_units" : "calls/second"
    },
    "eu.domibus.core.message.receipt.AS4ReceiptServiceImpl.generateReceipt.timer" : {
      "count" : 92102,
      "max" : 0.144112064,
      "mean" : 0.024763905204986194,
      "min" : 0.014150312000000002,
      "p50" : 0.022574794000000002,
      "p75" : 0.026747080000000003,
      "p95" : 0.039375251,
      "p98" : 0.048600107000000003,
      "p99" : 0.062299677000000005,
      "p999" : 0.11409688100000001,
      "stddev" : 0.009569722527041634,
      "m15_rate" : 47.94865917537621,
      "m1_rate" : 56.82197789402101,
      "m5_rate" : 56.24877659096793,
      "mean_rate" : 56.27498570824639,
      "duration_units" : "seconds",
      "rate_units" : "calls/second"
    },
    "eu.domibus.core.message.retention.MessageRetentionDefaultService.schedule_deleteExpiredMessages.timer" : {
      "count" : 10,
      "max" : 6.5962496,
      "mean" : 4.015857024746026,
      "min" : 0.47981724000000003,
      "p50" : 3.9424435910000004,
      "p75" : 3.9424435910000004,
      "p95" : 4.238058108000001,
      "p98" : 5.563230698,
      "p99" : 5.563230698,
      "p999" : 6.5962496,
      "stddev" : 0.317998161623422,
      "m15_rate" : 0.023839808136656863,
      "m1_rate" : 5.463214838804908E-5,
      "m5_rate" : 0.003156335351777762,
      "mean_rate" : 0.0047751778656304434,
      "duration_units" : "seconds",
      "rate_units" : "calls/second"
    },
    "eu.domibus.core.message.retention.RetentionListener.onMessage.deleteMessages.timer" : {
      "count" : 41,
      "max" : 2.6579383770000002,
      "mean" : 2.3351206739675123,
      "min" : 0.313984819,
      "p50" : 2.30266073,
      "p75" : 2.4505400440000003,
      "p95" : 2.6579383770000002,
      "p98" : 2.6579383770000002,
      "p99" : 2.6579383770000002,
      "p999" : 2.6579383770000002,
      "stddev" : 0.1947084662313462,
      "m15_rate" : 0.08893854296422352,
      "m1_rate" : 4.4080538419640934E-4,
      "m5_rate" : 0.028366464385595924,
      "mean_rate" : 0.04049878356070121,
      "duration_units" : "seconds",
      "rate_units" : "calls/second"
    },
    "eu.domibus.core.message.signal.SignalMessageDao.deleteMessages.deleteReceipts.timer" : {
      "count" : 41,
      "max" : 0.879767783,
      "mean" : 0.6381428020370836,
      "min" : 0.026139125000000003,
      "p50" : 0.648397227,
      "p75" : 0.719173191,
      "p95" : 0.879767783,
      "p98" : 0.879767783,
      "p99" : 0.879767783,
      "p999" : 0.879767783,
      "stddev" : 0.1638695121819544,
      "m15_rate" : 0.08893111312139201,
      "m1_rate" : 4.3630128486746604E-4,
      "m5_rate" : 0.028340968748707018,
      "mean_rate" : 0.040507116332749574,
      "duration_units" : "seconds",
      "rate_units" : "calls/second"
    },
    "eu.domibus.core.message.signal.SignalMessageLogDao.deleteMessages.deleteMessageLogs.timer" : {
      "count" : 41,
      "max" : 0.084826566,
      "mean" : 0.057992712550401906,
      "min" : 0.020845633000000002,
      "p50" : 0.063044947,
      "p75" : 0.066330651,
      "p95" : 0.067375348,
      "p98" : 0.068969896,
      "p99" : 0.08174988100000001,
      "p999" : 0.082824881,
      "stddev" : 0.00928139244614953,
      "m15_rate" : 0.08893111312139201,
      "m1_rate" : 4.3630128486746604E-4,
      "m5_rate" : 0.028340968748707018,
      "mean_rate" : 0.04050871179510024,
      "duration_units" : "seconds",
      "rate_units" : "calls/second"
    },
    "eu.domibus.core.plugin.handler.DatabaseMessageHandler.submit.timer" : {
      "count" : 92217,
      "max" : 0.45582396900000005,
      "mean" : 0.09504450767620536,
      "min" : 0.006635715,
      "p50" : 0.09994946900000001,
      "p75" : 0.111494139,
      "p95" : 0.18355142100000002,
      "p98" : 0.216200249,
      "p99" : 0.259807092,
      "p999" : 0.45178079400000004,
      "stddev" : 0.05198744737703059,
      "m15_rate" : 48.24657841473282,
      "m1_rate" : 58.37653466169698,
      "m5_rate" : 56.605214874734564,
      "mean_rate" : 57.643157960672696,
      "duration_units" : "seconds",
      "rate_units" : "calls/second"
    },
    "eu.domibus.core.plugin.notification.BackendNotificationService.notifyMessageReceived.timer" : {
      "count" : 92104,
      "max" : 0.42910379200000004,
      "mean" : 0.0620613097465342,
      "min" : 3.3203100000000005E-4,
      "p50" : 0.05889366100000001,
      "p75" : 0.087484612,
      "p95" : 0.128879351,
      "p98" : 0.17807841400000002,
      "p99" : 0.20679107600000002,
      "p999" : 0.289638059,
      "stddev" : 0.043838888483754765,
      "m15_rate" : 47.948973419484986,
      "m1_rate" : 56.834704446880174,
      "m5_rate" : 56.25193197570309,
      "mean_rate" : 56.273863548730844,
      "duration_units" : "seconds",
      "rate_units" : "calls/second"
    },
    "eu.domibus.core.plugin.notification.PluginAsyncNotificationListener.onMessage.timer" : {
      "count" : 92234,
      "max" : 0.47653929,
      "mean" : 0.10117132381058369,
      "min" : 0.007807124,
      "p50" : 0.10303095500000001,
      "p75" : 0.11438880700000001,
      "p95" : 0.19718058400000002,
      "p98" : 0.22327210400000003,
      "p99" : 0.24941262900000002,
      "p999" : 0.425868591,
      "stddev" : 0.05075353605900381,
      "m15_rate" : 48.07134066878705,
      "m1_rate" : 57.16418454133374,
      "m5_rate" : 56.39749369509797,
      "mean_rate" : 56.37335010226588,
      "duration_units" : "seconds",
      "rate_units" : "calls/second"
    },
    "eu.domibus.core.pmode.validation.validators.MessagePropertyValidator.validate.timer" : {
      "count" : 184326,
      "max" : 2.6102000000000002E-5,
      "mean" : 1.3704376033377361E-6,
      "min" : 4.0000000000000003E-7,
      "p50" : 1.2000000000000002E-6,
      "p75" : 1.5E-6,
      "p95" : 2.1000000000000002E-6,
      "p98" : 2.4000000000000003E-6,
      "p99" : 2.601E-6,
      "p999" : 2.6102000000000002E-5,
      "stddev" : 1.1999018436280988E-6,
      "m15_rate" : 95.62454311919471,
      "m1_rate" : 114.7416466823963,
      "m5_rate" : 112.76673858784827,
      "mean_rate" : 112.61544843220439,
      "duration_units" : "seconds",
      "rate_units" : "calls/second"
    },
    "eu.domibus.core.replication.UIMessageDaoImpl.deleteMessages.deleteUIMessagesByMessageIds.timer" : {
      "count" : 82,
      "max" : 0.009789008,
      "mean" : 0.0029941067188141465,
      "min" : 8.60079E-4,
      "p50" : 0.002789258,
      "p75" : 0.003169794,
      "p95" : 0.005013565,
      "p98" : 0.005013565,
      "p99" : 0.005013565,
      "p999" : 0.008226663,
      "stddev" : 8.608558717603707E-4,
      "m15_rate" : 0.17786222624278403,
      "m1_rate" : 8.726025697349321E-4,
      "m5_rate" : 0.056681937497414035,
      "mean_rate" : 0.08102052192828138,
      "duration_units" : "seconds",
      "rate_units" : "calls/second"
    },
    "eu.domibus.core.util.SoapUtil.logMessage.timer" : {
      "count" : 92104,
      "max" : 1.4601000000000001E-5,
      "mean" : 8.272368866277363E-7,
      "min" : 3.0000000000000004E-7,
      "p50" : 7.000000000000001E-7,
      "p75" : 1.0000000000000002E-6,
      "p95" : 1.3010000000000001E-6,
      "p98" : 1.6000000000000001E-6,
      "p99" : 1.8000000000000001E-6,
      "p999" : 1.4601000000000001E-5,
      "stddev" : 5.788891408450582E-7,
      "m15_rate" : 47.94715634380828,
      "m1_rate" : 56.794072522073776,
      "m5_rate" : 56.24512886169405,
      "mean_rate" : 56.27156625482627,
      "duration_units" : "seconds",
      "rate_units" : "calls/second"
    },
    "eu.domibus.plugin.jms.JMSPluginImpl.deliverMessage.timer" : {
      "count" : 92234,
      "max" : 0.36313237400000004,
      "mean" : 0.09821535752310984,
      "min" : 0.008113653,
      "p50" : 0.101875347,
      "p75" : 0.11312959,
      "p95" : 0.19343363800000002,
      "p98" : 0.21185994600000002,
      "p99" : 0.22870620800000002,
      "p999" : 0.29444420400000004,
      "stddev" : 0.04724816765618647,
      "m15_rate" : 48.07374983183692,
      "m1_rate" : 57.19179800239948,
      "m5_rate" : 56.403979546084734,
      "mean_rate" : 56.37386634420793,
      "duration_units" : "seconds",
      "rate_units" : "calls/second"
    },
    "eu.domibus.plugin.jms.JMSPluginImpl.receiveMessage.timer" : {
      "count" : 92217,
      "max" : 0.547629782,
      "mean" : 0.17972418523087647,
      "min" : 0.008399079,
      "p50" : 0.19761302500000003,
      "p75" : 0.21671609600000002,
      "p95" : 0.28635225400000003,
      "p98" : 0.34922548400000003,
      "p99" : 0.44346742400000005,
      "p999" : 0.51686813,
      "stddev" : 0.08166015714215369,
      "m15_rate" : 48.24277630295787,
      "m1_rate" : 58.36541534053042,
      "m5_rate" : 56.59836724521886,
      "mean_rate" : 57.64287892118055,
      "duration_units" : "seconds",
      "rate_units" : "calls/second"
    }
  }
}