{
  "version" : "4.0.0",
  "gauges" : { },
  "counters" : {
    "eu.domibus.core.ebms3.receiver.MSHWebservice.incoming_user_message.counter" : {
      "count" : 12
    },
    "eu.domibus.core.ebms3.receiver.handler.AbstractIncomingMessageHandler.processMessage.counter" : {
      "count" : 12
    },
    "eu.domibus.core.ebms3.receiver.handler.IncomingUserMessageHandler.around_handleNewUserMessage.counter.counter" : {
      "count" : 12
    },
    "eu.domibus.core.ebms3.sender.AbstractUserMessageSender.outgoing_user_message.counter" : {
      "count" : 0
    },
    "eu.domibus.core.ebms3.sender.MessageSenderListener.onMessage.counter" : {
      "count" : 0
    },
    "eu.domibus.core.ebms3.sender.MessageSenderService.sendUserMessage.counter" : {
      "count" : 0
    },
    "eu.domibus.core.ebms3.sender.client.MSHDispatcher.dispatch.counter" : {
      "count" : 0
    },
    "eu.domibus.core.error.ErrorLogDao.deleteMessages.deleteErrorLogsByMessageIdInError.counter" : {
      "count" : 0
    },
    "eu.domibus.core.message.MessageInfoDao.deleteMessages.counter" : {
      "count" : 0
    },
    "eu.domibus.core.message.MessageInfoDao.findSignalMessageIds.counter" : {
      "count" : 0
    },
    "eu.domibus.core.message.MessagingServiceImpl.storeMessage.counter" : {
      "count" : 0
    },
    "eu.domibus.core.message.UserMessageHandlerServiceImpl.handleNewUserMessage.counter" : {
      "count" : 3
    },
    "eu.domibus.core.message.UserMessageLogDao.deleteMessages.deleteMessageLogs.counter" : {
      "count" : 0
    },
    "eu.domibus.core.message.acknowledge.MessageAcknowledgementDao.deleteMessages.deleteMessageAcknowledgementsByMessageIds.counter" : {
      "count" : 0
    },
    "eu.domibus.core.message.attempt.MessageAttemptDao.deleteMessages.deleteAttemptsByMessageIds.counter" : {
      "count" : 0
    },
    "eu.domibus.core.message.receipt.AS4ReceiptServiceImpl.generateReceipt.counter" : {
      "count" : 3
    },
    "eu.domibus.core.message.retention.MessageRetentionDefaultService.schedule_deleteExpiredMessages.counter" : {
      "count" : 0
    },
    "eu.domibus.core.message.retention.RetentionListener.onMessage.deleteMessages.counter" : {
      "count" : 0
    },
    "eu.domibus.core.message.signal.SignalMessageDao.deleteMessages.deleteReceipts.counter" : {
      "count" : 0
    },
    "eu.domibus.core.message.signal.SignalMessageLogDao.deleteMessages.deleteMessageLogs.counter" : {
      "count" : 0
    },
    "eu.domibus.core.plugin.handler.DatabaseMessageHandler.submit.counter" : {
      "count" : 9
    },
    "eu.domibus.core.plugin.notification.BackendNotificationService.notifyMessageReceived.counter" : {
      "count" : 0
    },
    "eu.domibus.core.plugin.notification.PluginAsyncNotificationListener.onMessage.counter" : {
      "count" : 2
    },
    "eu.domibus.core.pmode.validation.validators.MessagePropertyValidator.validate.counter" : {
      "count" : 0
    },
    "eu.domibus.core.replication.UIMessageDaoImpl.deleteMessages.deleteUIMessagesByMessageIds.counter" : {
      "count" : 0
    },
    "eu.domibus.core.util.SoapUtil.SoapUtil.counter" : {
      "count" : 0
    },
    "eu.domibus.plugin.jms.JMSPluginImpl.deliverMessage.counter" : {
      "count" : 2
    },
    "eu.domibus.plugin.jms.JMSPluginImpl.receiveMessage.counter" : {
      "count" : 11
    }
  },
  "histograms" : { },
  "meters" : { },
  "timers" : {
    "eu.domibus.core.ebms3.receiver.MSHWebservice.incoming_user_message.timer" : {
      "count" : 93332,
      "max" : 1.217868897,
      "mean" : 0.4103604007943533,
      "min" : 0.137702503,
      "p50" : 0.39992629,
      "p75" : 0.47320234800000005,
      "p95" : 0.581919464,
      "p98" : 0.664818161,
      "p99" : 0.8053874990000001,
      "p999" : 1.209927341,
      "stddev" : 0.1149854346553272,
      "m15_rate" : 49.731585090128426,
      "m1_rate" : 60.95208573090398,
      "m5_rate" : 59.619763877166264,
      "mean_rate" : 57.07981484630382,
      "duration_units" : "seconds",
      "rate_units" : "calls/second"
    },
    "eu.domibus.core.ebms3.receiver.handler.AbstractIncomingMessageHandler.processMessage.timer" : {
      "count" : 93332,
      "max" : 1.2162303060000001,
      "mean" : 0.4093470315210399,
      "min" : 0.160429436,
      "p50" : 0.402506199,
      "p75" : 0.468863733,
      "p95" : 0.5825123360000001,
      "p98" : 0.664790271,
      "p99" : 0.791934476,
      "p999" : 0.9540792520000001,
      "stddev" : 0.11257556561866357,
      "m15_rate" : 49.73141219526443,
      "m1_rate" : 60.95091880660832,
      "m5_rate" : 59.61927751510313,
      "mean_rate" : 57.079906023931095,
      "duration_units" : "seconds",
      "rate_units" : "calls/second"
    },
    "eu.domibus.core.ebms3.receiver.handler.IncomingUserMessageHandler.around_handleNewUserMessage.timer.timer" : {
      "count" : 93332,
      "max" : 1.2171996010000001,
      "mean" : 0.4081895565087305,
      "min" : 0.13647441000000002,
      "p50" : 0.40049690000000004,
      "p75" : 0.472861678,
      "p95" : 0.578642957,
      "p98" : 0.6859313810000001,
      "p99" : 0.789446991,
      "p999" : 1.1470061550000001,
      "stddev" : 0.11576760922200986,
      "m15_rate" : 49.684930585832646,
      "m1_rate" : 60.559689201486286,
      "m5_rate" : 59.524646853893834,
      "mean_rate" : 57.100834189316444,
      "duration_units" : "seconds",
      "rate_units" : "calls/second"
    },
    "eu.domibus.core.ebms3.sender.AbstractUserMessageSender.outgoing_user_message.timer" : {
      "count" : 93471,
      "max" : 0.5029956790000001,
      "mean" : 0.06088647173835124,
      "min" : 0.043137552,
      "p50" : 0.058261863000000004,
      "p75" : 0.063200534,
      "p95" : 0.073061976,
      "p98" : 0.09557765300000001,
      "p99" : 0.144784073,
      "p999" : 0.19645699000000003,
      "stddev" : 0.017776931736171606,
      "m15_rate" : 50.26061431718311,
      "m1_rate" : 61.78477282034626,
      "m5_rate" : 59.86522011438999,
      "mean_rate" : 58.42135945064009,
      "duration_units" : "seconds",
      "rate_units" : "calls/second"
    },
    "eu.domibus.core.ebms3.sender.MessageSenderListener.onMessage.timer" : {
      "count" : 93471,
      "max" : 0.553882404,
      "mean" : 0.08506856188527796,
      "min" : 0.04733453,
      "p50" : 0.067540109,
      "p75" : 0.08923779000000001,
      "p95" : 0.16702713700000002,
      "p98" : 0.19341509,
      "p99" : 0.225192203,
      "p999" : 0.553882404,
      "stddev" : 0.04533353250816301,
      "m15_rate" : 50.33746929495247,
      "m1_rate" : 61.978989478492025,
      "m5_rate" : 59.93725462834809,
      "mean_rate" : 58.41934908963122,
      "duration_units" : "seconds",
      "rate_units" : "calls/second"
    },
    "eu.domibus.core.ebms3.sender.MessageSenderService.sendUserMessage.timer" : {
      "count" : 93471,
      "max" : 0.553703305,
      "mean" : 0.08481029871010007,
      "min" : 0.049203116000000005,
      "p50" : 0.06826191300000001,
      "p75" : 0.09328156600000001,
      "p95" : 0.16585854800000002,
      "p98" : 0.179968658,
      "p99" : 0.19399998200000002,
      "p999" : 0.553703305,
      "stddev" : 0.04054169527417274,
      "m15_rate" : 50.26164965926769,
      "m1_rate" : 61.80755071924941,
      "m5_rate" : 59.86948471389623,
      "mean_rate" : 58.41993882674905,
      "duration_units" : "seconds",
      "rate_units" : "calls/second"
    },
    "eu.domibus.core.ebms3.sender.client.MSHDispatcher.dispatch.timer" : {
      "count" : 93471,
      "max" : 0.437185877,
      "mean" : 0.05067769382882916,
      "min" : 0.03331511,
      "p50" : 0.047639225,
      "p75" : 0.052145908000000005,
      "p95" : 0.061069149,
      "p98" : 0.078719352,
      "p99" : 0.151027028,
      "p999" : 0.437185877,
      "stddev" : 0.021574081834925603,
      "m15_rate" : 50.26932718272288,
      "m1_rate" : 61.90803140900776,
      "m5_rate" : 59.88470256901869,
      "mean_rate" : 58.429681942942835,
      "duration_units" : "seconds",
      "rate_units" : "calls/second"
    },
    "eu.domibus.core.error.ErrorLogDao.deleteMessages.deleteErrorLogsByMessageIdInError.timer" : {
      "count" : 32,
      "max" : 0.014922433,
      "mean" : 0.003294701663224265,
      "min" : 0.0021022890000000002,
      "p50" : 0.0033295810000000003,
      "p75" : 0.004002077000000001,
      "p95" : 0.0042945760000000005,
      "p98" : 0.0042945760000000005,
      "p99" : 0.0042945760000000005,
      "p999" : 0.0048458780000000005,
      "stddev" : 7.487923488540707E-4,
      "m15_rate" : 0.9758782345114682,
      "m1_rate" : 0.07010299593835828,
      "m5_rate" : 0.3845201887191713,
      "mean_rate" : 0.06801815989159903,
      "duration_units" : "seconds",
      "rate_units" : "calls/second"
    },
    "eu.domibus.core.message.MessageInfoDao.deleteMessages.timer" : {
      "count" : 64,
      "max" : 1.269811347,
      "mean" : 0.6340300461432765,
      "min" : 0.127936601,
      "p50" : 0.46607916000000005,
      "p75" : 0.9234404610000001,
      "p95" : 1.269811347,
      "p98" : 1.269811347,
      "p99" : 1.269811347,
      "p999" : 1.269811347,
      "stddev" : 0.3611694935179194,
      "m15_rate" : 1.9517784903146023,
      "m1_rate" : 0.1416965608804993,
      "m5_rate" : 0.7692001208901457,
      "mean_rate" : 0.1354982631016576,
      "duration_units" : "seconds",
      "rate_units" : "calls/second"
    },
    "eu.domibus.core.message.MessageInfoDao.findSignalMessageIds.timer" : {
      "count" : 32,
      "max" : 0.29500959200000004,
      "mean" : 0.12103131817532893,
      "min" : 0.080969239,
      "p50" : 0.09789444200000001,
      "p75" : 0.114358047,
      "p95" : 0.240666126,
      "p98" : 0.27440200400000003,
      "p99" : 0.29500959200000004,
      "p999" : 0.29500959200000004,
      "stddev" : 0.05593664185678217,
      "m15_rate" : 0.975879459175223,
      "m1_rate" : 0.07019033896647886,
      "m5_rate" : 0.3845380777118375,
      "mean_rate" : 0.06770872087440205,
      "duration_units" : "seconds",
      "rate_units" : "calls/second"
    },
    "eu.domibus.core.message.MessagingServiceImpl.storeMessage.timer" : {
      "count" : 186834,
      "max" : 0.09697734300000001,
      "mean" : 0.006629875639297505,
      "min" : 0.003260381,
      "p50" : 0.005571068,
      "p75" : 0.007236258000000001,
      "p95" : 0.011891031000000002,
      "p98" : 0.014297917,
      "p99" : 0.017615999,
      "p999" : 0.09697734300000001,
      "stddev" : 0.004341699777923429,
      "m15_rate" : 98.82604398582077,
      "m1_rate" : 121.96537578620844,
      "m5_rate" : 119.31017786792788,
      "mean_rate" : 114.30753966777361,
      "duration_units" : "seconds",
      "rate_units" : "calls/second"
    },
    "eu.domibus.core.message.UserMessageHandlerServiceImpl.handleNewUserMessage.timer" : {
      "count" : 93341,
      "max" : 0.599674079,
      "mean" : 0.12555395257542332,
      "min" : 0.028352054,
      "p50" : 0.123169495,
      "p75" : 0.149567335,
      "p95" : 0.24253179800000002,
      "p98" : 0.281770992,
      "p99" : 0.31562718,
      "p999" : 0.521892321,
      "stddev" : 0.06179372864815374,
      "m15_rate" : 49.69120474501023,
      "m1_rate" : 60.54142231647382,
      "m5_rate" : 59.531589051536365,
      "mean_rate" : 57.10629920389959,
      "duration_units" : "seconds",
      "rate_units" : "calls/second"
    },
    "eu.domibus.core.message.UserMessageLogDao.deleteMessages.deleteMessageLogs.timer" : {
      "count" : 32,
      "max" : 0.13168731,
      "mean" : 0.0710526541967534,
      "min" : 0.046302247000000005,
      "p50" : 0.06352713800000001,
      "p75" : 0.07771335600000001,
      "p95" : 0.093948663,
      "p98" : 0.093948663,
      "p99" : 0.093948663,
      "p999" : 0.10566990100000001,
      "stddev" : 0.014131352781113923,
      "m15_rate" : 0.9758782345114682,
      "m1_rate" : 0.07010299593835828,
      "m5_rate" : 0.3845201887191713,
      "mean_rate" : 0.06798471305070694,
      "duration_units" : "seconds",
      "rate_units" : "calls/second"
    },
    "eu.domibus.core.message.acknowledge.MessageAcknowledgementDao.deleteMessages.deleteMessageAcknowledgementsByMessageIds.timer" : {
      "count" : 32,
      "max" : 0.022106401,
      "mean" : 0.0031440181185185693,
      "min" : 0.0020629890000000003,
      "p50" : 0.0028702830000000004,
      "p75" : 0.0036934790000000004,
      "p95" : 0.0049674720000000006,
      "p98" : 0.0049674720000000006,
      "p99" : 0.0049674720000000006,
      "p999" : 0.0049674720000000006,
      "stddev" : 8.605941349712972E-4,
      "m15_rate" : 0.9758782345114682,
      "m1_rate" : 0.07010299593835828,
      "m5_rate" : 0.3845201887191713,
      "mean_rate" : 0.06802376603445406,
      "duration_units" : "seconds",
      "rate_units" : "calls/second"
    },
    "eu.domibus.core.message.attempt.MessageAttemptDao.deleteMessages.deleteAttemptsByMessageIds.timer" : {
      "count" : 32,
      "max" : 0.016787625,
      "mean" : 0.0037838749027102225,
      "min" : 0.002615586,
      "p50" : 0.00360828,
      "p75" : 0.004373475,
      "p95" : 0.005813767,
      "p98" : 0.005813767,
      "p99" : 0.009882946,
      "p999" : 0.009882946,
      "stddev" : 0.001267987864099258,
      "m15_rate" : 0.9758782345114682,
      "m1_rate" : 0.07010299593835828,
      "m5_rate" : 0.3845201887191713,
      "mean_rate" : 0.06801561802740502,
      "duration_units" : "seconds",
      "rate_units" : "calls/second"
    },
    "eu.domibus.core.message.receipt.AS4ReceiptServiceImpl.generateReceipt.timer" : {
      "count" : 93341,
      "max" : 0.187995617,
      "mean" : 0.02832397763988086,
      "min" : 0.016980602,
      "p50" : 0.025741552,
      "p75" : 0.030013726,
      "p95" : 0.040464166,
      "p98" : 0.053761989,
      "p99" : 0.077218854,
      "p999" : 0.187995617,
      "stddev" : 0.013623825729505755,
      "m15_rate" : 49.76237300482313,
      "m1_rate" : 60.585005351678404,
      "m5_rate" : 59.543155344866626,
      "mean_rate" : 57.1130014382627,
      "duration_units" : "seconds",
      "rate_units" : "calls/second"
    },
    "eu.domibus.core.message.retention.MessageRetentionDefaultService.schedule_deleteExpiredMessages.timer" : {
      "count" : 10,
      "max" : 7.713311949,
      "mean" : 7.553860765266116,
      "min" : 0.22445804700000002,
      "p50" : 7.543044963000001,
      "p75" : 7.543044963000001,
      "p95" : 7.713311949,
      "p98" : 7.713311949,
      "p99" : 7.713311949,
      "p999" : 7.713311949,
      "stddev" : 0.19413827980018916,
      "m15_rate" : 0.016467042186104893,
      "m1_rate" : 0.009347441589145567,
      "m5_rate" : 0.0064993384665363,
      "mean_rate" : 0.00397769827381668,
      "duration_units" : "seconds",
      "rate_units" : "calls/second"
    },
    "eu.domibus.core.message.retention.RetentionListener.onMessage.deleteMessages.timer" : {
      "count" : 32,
      "max" : 3.7124255870000002,
      "mean" : 2.3351056186809114,
      "min" : 1.544505672,
      "p50" : 2.1866159290000002,
      "p75" : 2.3895402580000003,
      "p95" : 3.7124255870000002,
      "p98" : 3.7124255870000002,
      "p99" : 3.7124255870000002,
      "p999" : 3.7124255870000002,
      "stddev" : 0.6323248793019568,
      "m15_rate" : 0.9759179355639113,
      "m1_rate" : 0.07225489084271108,
      "m5_rate" : 0.38477095809793593,
      "mean_rate" : 0.0677042632771108,
      "duration_units" : "seconds",
      "rate_units" : "calls/second"
    },
    "eu.domibus.core.message.signal.SignalMessageDao.deleteMessages.deleteReceipts.timer" : {
      "count" : 32,
      "max" : 1.7242994450000002,
      "mean" : 0.6943637358310984,
      "min" : 0.17868217900000002,
      "p50" : 0.6251324300000001,
      "p75" : 0.9658551870000001,
      "p95" : 1.7242994450000002,
      "p98" : 1.7242994450000002,
      "p99" : 1.7242994450000002,
      "p999" : 1.7242994450000002,
      "stddev" : 0.45698461140304975,
      "m15_rate" : 0.9758782345114682,
      "m1_rate" : 0.07010299593835828,
      "m5_rate" : 0.3845201887191713,
      "mean_rate" : 0.06794475249170343,
      "duration_units" : "seconds",
      "rate_units" : "calls/second"
    },
    "eu.domibus.core.message.signal.SignalMessageLogDao.deleteMessages.deleteMessageLogs.timer" : {
      "count" : 32,
      "max" : 0.268937464,
      "mean" : 0.07869860471498073,
      "min" : 0.041619873,
      "p50" : 0.056599577000000005,
      "p75" : 0.06187834700000001,
      "p95" : 0.268937464,
      "p98" : 0.268937464,
      "p99" : 0.268937464,
      "p999" : 0.268937464,
      "stddev" : 0.06619974689457679,
      "m15_rate" : 0.9758782345114682,
      "m1_rate" : 0.07010299593835828,
      "m5_rate" : 0.3845201887191713,
      "mean_rate" : 0.06800369643666902,
      "duration_units" : "seconds",
      "rate_units" : "calls/second"
    },
    "eu.domibus.core.plugin.handler.DatabaseMessageHandler.submit.timer" : {
      "count" : 93481,
      "max" : 0.5012544400000001,
      "mean" : 0.1146815727176958,
      "min" : 0.011465541000000001,
      "p50" : 0.102868814,
      "p75" : 0.12609187300000002,
      "p95" : 0.218608237,
      "p98" : 0.24491110200000002,
      "p99" : 0.277323608,
      "p999" : 0.500941341,
      "stddev" : 0.05539752237473973,
      "m15_rate" : 50.3299372624499,
      "m1_rate" : 61.805319252212726,
      "m5_rate" : 59.91007617149344,
      "mean_rate" : 58.41408566691861,
      "duration_units" : "seconds",
      "rate_units" : "calls/second"
    },
    "eu.domibus.core.plugin.notification.BackendNotificationService.notifyMessageReceived.timer" : {
      "count" : 93344,
      "max" : 0.345075573,
      "mean" : 0.07262583218480104,
      "min" : 4.7129800000000004E-4,
      "p50" : 0.076322859,
      "p75" : 0.099538728,
      "p95" : 0.132873238,
      "p98" : 0.160688195,
      "p99" : 0.183804152,
      "p999" : 0.278923307,
      "stddev" : 0.04086022144832501,
      "m15_rate" : 49.693164638095205,
      "m1_rate" : 60.54753492468686,
      "m5_rate" : 59.53254525038119,
      "mean_rate" : 57.111381530936065,
      "duration_units" : "seconds",
      "rate_units" : "calls/second"
    },
    "eu.domibus.core.plugin.notification.PluginAsyncNotificationListener.onMessage.timer" : {
      "count" : 93521,
      "max" : 0.574788421,
      "mean" : 0.11069415790864101,
      "min" : 0.011627233,
      "p50" : 0.10556789400000001,
      "p75" : 0.122103894,
      "p95" : 0.20537412200000002,
      "p98" : 0.236029282,
      "p99" : 0.26101630800000003,
      "p999" : 0.572674533,
      "stddev" : 0.049840586236171915,
      "m15_rate" : 49.931165225722204,
      "m1_rate" : 61.177278313053456,
      "m5_rate" : 59.78049963470187,
      "mean_rate" : 57.23822932928188,
      "duration_units" : "seconds",
      "rate_units" : "calls/second"
    },
    "eu.domibus.core.pmode.validation.validators.MessagePropertyValidator.validate.timer" : {
      "count" : 186835,
      "max" : 2.2800000000000002E-5,
      "mean" : 1.3343584112360754E-6,
      "min" : 5.000000000000001E-7,
      "p50" : 1.2000000000000002E-6,
      "p75" : 1.4000000000000001E-6,
      "p95" : 2.3E-6,
      "p98" : 2.7E-6,
      "p99" : 2.9E-6,
      "p999" : 2.2800000000000002E-5,
      "stddev" : 1.099248031159703E-6,
      "m15_rate" : 98.82659341267578,
      "m1_rate" : 121.9772032072759,
      "m5_rate" : 119.31213870939648,
      "mean_rate" : 114.30712898160583,
      "duration_units" : "seconds",
      "rate_units" : "calls/second"
    },
    "eu.domibus.core.replication.UIMessageDaoImpl.deleteMessages.deleteUIMessagesByMessageIds.timer" : {
      "count" : 64,
      "max" : 0.018841515,
      "mean" : 0.0027514425233042795,
      "min" : 0.0017871900000000001,
      "p50" : 0.002466486,
      "p75" : 0.00343558,
      "p95" : 0.004978471,
      "p98" : 0.004978471,
      "p99" : 0.004978471,
      "p999" : 0.004978471,
      "stddev" : 8.458861720015426E-4,
      "m15_rate" : 1.9517564690229363,
      "m1_rate" : 0.14020599187671656,
      "m5_rate" : 0.7690403774383426,
      "mean_rate" : 0.13604003645711338,
      "duration_units" : "seconds",
      "rate_units" : "calls/second"
    },
    "eu.domibus.core.util.SoapUtil.logMessage.timer" : {
      "count" : 93345,
      "max" : 7.87E-5,
      "mean" : 9.953497932684285E-7,
      "min" : 4.0000000000000003E-7,
      "p50" : 7.000000000000001E-7,
      "p75" : 9.000000000000001E-7,
      "p95" : 1.5E-6,
      "p98" : 1.7E-6,
      "p99" : 1.9E-6,
      "p999" : 7.87E-5,
      "stddev" : 3.140017638728647E-6,
      "m15_rate" : 49.68918973368355,
      "m1_rate" : 60.47752483002758,
      "m5_rate" : 59.52059400790467,
      "mean_rate" : 57.10890522787285,
      "duration_units" : "seconds",
      "rate_units" : "calls/second"
    },
    "eu.domibus.plugin.jms.JMSPluginImpl.deliverMessage.timer" : {
      "count" : 93521,
      "max" : 0.537865029,
      "mean" : 0.10671454544476605,
      "min" : 0.011238035,
      "p50" : 0.102993635,
      "p75" : 0.120359108,
      "p95" : 0.205200144,
      "p98" : 0.240411528,
      "p99" : 0.26358622600000003,
      "p999" : 0.536849835,
      "stddev" : 0.05380701865193908,
      "m15_rate" : 49.93003967574227,
      "m1_rate" : 61.170733412791726,
      "m5_rate" : 59.77884658407384,
      "mean_rate" : 57.23869888250467,
      "duration_units" : "seconds",
      "rate_units" : "calls/second"
    },
    "eu.domibus.plugin.jms.JMSPluginImpl.receiveMessage.timer" : {
      "count" : 93479,
      "max" : 0.617512473,
      "mean" : 0.20116087818606573,
      "min" : 0.011881539,
      "p50" : 0.201058542,
      "p75" : 0.22755318600000002,
      "p95" : 0.32365504100000003,
      "p98" : 0.36457709600000004,
      "p99" : 0.38423708300000003,
      "p999" : 0.6156167840000001,
      "stddev" : 0.07370965195440773,
      "m15_rate" : 50.32250750541944,
      "m1_rate" : 61.729539347222634,
      "m5_rate" : 59.89322389722958,
      "mean_rate" : 58.41066751248756,
      "duration_units" : "seconds",
      "rate_units" : "calls/second"
    }
  }
}