{
  "version" : "4.0.0",
  "gauges" : { },
  "counters" : {
    "eu.domibus.core.ebms3.receiver.MSHWebservice.incoming_user_message.counter" : {
      "count" : 12
    },
    "eu.domibus.core.ebms3.receiver.handler.AbstractIncomingMessageHandler.processMessage.counter" : {
      "count" : 12
    },
    "eu.domibus.core.ebms3.receiver.handler.IncomingUserMessageHandler.around_handleNewUserMessage.counter.counter" : {
      "count" : 12
    },
    "eu.domibus.core.ebms3.sender.AbstractUserMessageSender.outgoing_user_message.counter" : {
      "count" : 0
    },
    "eu.domibus.core.ebms3.sender.MessageSenderListener.onMessage.counter" : {
      "count" : 0
    },
    "eu.domibus.core.ebms3.sender.MessageSenderService.sendUserMessage.counter" : {
      "count" : 0
    },
    "eu.domibus.core.ebms3.sender.client.MSHDispatcher.dispatch.counter" : {
      "count" : 0
    },
    "eu.domibus.core.error.ErrorLogDao.deleteMessages.deleteErrorLogsByMessageIdInError.counter" : {
      "count" : 0
    },
    "eu.domibus.core.message.MessageInfoDao.deleteMessages.counter" : {
      "count" : 0
    },
    "eu.domibus.core.message.MessageInfoDao.findSignalMessageIds.counter" : {
      "count" : 0
    },
    "eu.domibus.core.message.MessagingServiceImpl.storeMessage.counter" : {
      "count" : 1
    },
    "eu.domibus.core.message.UserMessageHandlerServiceImpl.handleNewUserMessage.counter" : {
      "count" : 4
    },
    "eu.domibus.core.message.UserMessageLogDao.deleteMessages.deleteMessageLogs.counter" : {
      "count" : 0
    },
    "eu.domibus.core.message.acknowledge.MessageAcknowledgementDao.deleteMessages.deleteMessageAcknowledgementsByMessageIds.counter" : {
      "count" : 0
    },
    "eu.domibus.core.message.attempt.MessageAttemptDao.deleteMessages.deleteAttemptsByMessageIds.counter" : {
      "count" : 0
    },
    "eu.domibus.core.message.pull.IncomingPullRequestHandler.incoming_pull_request.counter" : {
      "count" : 0
    },
    "eu.domibus.core.message.receipt.AS4ReceiptServiceImpl.generateReceipt.counter" : {
      "count" : 1
    },
    "eu.domibus.core.message.retention.MessageRetentionDefaultService.schedule_deleteExpiredMessages.counter" : {
      "count" : 0
    },
    "eu.domibus.core.message.retention.RetentionListener.onMessage.deleteMessages.counter" : {
      "count" : 0
    },
    "eu.domibus.core.message.signal.SignalMessageDao.deleteMessages.deleteReceipts.counter" : {
      "count" : 0
    },
    "eu.domibus.core.message.signal.SignalMessageLogDao.deleteMessages.deleteMessageLogs.counter" : {
      "count" : 0
    },
    "eu.domibus.core.plugin.handler.DatabaseMessageHandler.submit.counter" : {
      "count" : 0
    },
    "eu.domibus.core.plugin.notification.BackendNotificationService.notifyMessageReceived.counter" : {
      "count" : 2
    },
    "eu.domibus.core.plugin.notification.PluginAsyncNotificationListener.onMessage.counter" : {
      "count" : 4
    },
    "eu.domibus.core.pmode.validation.validators.MessagePropertyValidator.validate.counter" : {
      "count" : 0
    },
    "eu.domibus.core.replication.UIMessageDaoImpl.deleteMessages.deleteUIMessagesByMessageIds.counter" : {
      "count" : 0
    },
    "eu.domibus.core.util.SoapUtil.SoapUtil.counter" : {
      "count" : 0
    },
    "eu.domibus.plugin.jms.JMSPluginImpl.deliverMessage.counter" : {
      "count" : 4
    },
    "eu.domibus.plugin.jms.JMSPluginImpl.receiveMessage.counter" : {
      "count" : 4
    }
  },
  "histograms" : { },
  "meters" : { },
  "timers" : {
    "eu.domibus.core.ebms3.receiver.MSHWebservice.incoming_user_message.timer" : {
      "count" : 91743,
      "max" : 1.4508596260000002,
      "mean" : 0.38939911925563353,
      "min" : 0.13034483200000002,
      "p50" : 0.386569926,
      "p75" : 0.44197394700000003,
      "p95" : 0.548919071,
      "p98" : 0.613596722,
      "p99" : 0.780353924,
      "p999" : 1.08907751,
      "stddev" : 0.1092069655446698,
      "m15_rate" : 49.2149956233314,
      "m1_rate" : 64.05232623976381,
      "m5_rate" : 61.371475303283155,
      "mean_rate" : 36.519906645511206,
      "duration_units" : "seconds",
      "rate_units" : "calls/second"
    },
    "eu.domibus.core.ebms3.receiver.handler.AbstractIncomingMessageHandler.processMessage.timer" : {
      "count" : 91741,
      "max" : 1.69112411,
      "mean" : 0.3910218096822655,
      "min" : 0.134874191,
      "p50" : 0.38528289200000004,
      "p75" : 0.45111737100000004,
      "p95" : 0.5624348410000001,
      "p98" : 0.762207485,
      "p99" : 0.8300462820000001,
      "p999" : 1.2155321080000001,
      "stddev" : 0.12125018149634233,
      "m15_rate" : 49.817008104416516,
      "m1_rate" : 64.11104350920812,
      "m5_rate" : 61.4082434279563,
      "mean_rate" : 56.071453027959144,
      "duration_units" : "seconds",
      "rate_units" : "calls/second"
    },
    "eu.domibus.core.ebms3.receiver.handler.IncomingUserMessageHandler.around_handleNewUserMessage.timer.timer" : {
      "count" : 91741,
      "max" : 1.216751023,
      "mean" : 0.39455415262797816,
      "min" : 0.130015127,
      "p50" : 0.388479036,
      "p75" : 0.448787535,
      "p95" : 0.547557348,
      "p98" : 0.667264521,
      "p99" : 0.8762800940000001,
      "p999" : 1.041689182,
      "stddev" : 0.11209221644044959,
      "m15_rate" : 49.815748035391415,
      "m1_rate" : 64.08914738035223,
      "m5_rate" : 61.40504554780076,
      "mean_rate" : 56.07230609894754,
      "duration_units" : "seconds",
      "rate_units" : "calls/second"
    },
    "eu.domibus.core.ebms3.sender.AbstractUserMessageSender.outgoing_user_message.timer" : {
      "count" : 91636,
      "max" : 0.171264571,
      "mean" : 0.057247855238021186,
      "min" : 0.039880928,
      "p50" : 0.055719436000000004,
      "p75" : 0.06052080000000001,
      "p95" : 0.069307716,
      "p98" : 0.081205673,
      "p99" : 0.09748508900000001,
      "p999" : 0.15537805500000001,
      "stddev" : 0.010477256045642777,
      "m15_rate" : 50.170932276157124,
      "m1_rate" : 64.35337044013922,
      "m5_rate" : 61.171186109669485,
      "mean_rate" : 57.29243504607699,
      "duration_units" : "seconds",
      "rate_units" : "calls/second"
    },
    "eu.domibus.core.ebms3.sender.MessageSenderListener.onMessage.timer" : {
      "count" : 91636,
      "max" : 0.424730818,
      "mean" : 0.07438856916938111,
      "min" : 0.046094609,
      "p50" : 0.062867131,
      "p75" : 0.07221145500000001,
      "p95" : 0.150019385,
      "p98" : 0.17461120900000002,
      "p99" : 0.19498748100000002,
      "p999" : 0.424730818,
      "stddev" : 0.03408056320106765,
      "m15_rate" : 50.1609938195619,
      "m1_rate" : 64.25705293116927,
      "m5_rate" : 61.147380657058704,
      "mean_rate" : 57.28805800886519,
      "duration_units" : "seconds",
      "rate_units" : "calls/second"
    },
    "eu.domibus.core.ebms3.sender.MessageSenderService.sendUserMessage.timer" : {
      "count" : 91636,
      "max" : 0.31975053800000003,
      "mean" : 0.0759490993038181,
      "min" : 0.044150084000000006,
      "p50" : 0.063121335,
      "p75" : 0.073897078,
      "p95" : 0.154712247,
      "p98" : 0.172864487,
      "p99" : 0.191291232,
      "p999" : 0.23741144100000003,
      "stddev" : 0.03292829530521735,
      "m15_rate" : 50.15970145095581,
      "m1_rate" : 64.22606045023579,
      "m5_rate" : 61.141813193572524,
      "mean_rate" : 57.288846936039604,
      "duration_units" : "seconds",
      "rate_units" : "calls/second"
    },
    "eu.domibus.core.ebms3.sender.client.MSHDispatcher.dispatch.timer" : {
      "count" : 91636,
      "max" : 0.32899515100000004,
      "mean" : 0.04991561552074201,
      "min" : 0.03242163,
      "p50" : 0.047012422000000005,
      "p75" : 0.051903986000000006,
      "p95" : 0.060897904,
      "p98" : 0.07406427900000001,
      "p99" : 0.132727557,
      "p999" : 0.32899515100000004,
      "stddev" : 0.01841449995885151,
      "m15_rate" : 50.164529662582,
      "m1_rate" : 64.23177039475776,
      "m5_rate" : 61.14532837553229,
      "mean_rate" : 57.29789380220096,
      "duration_units" : "seconds",
      "rate_units" : "calls/second"
    },
    "eu.domibus.core.error.ErrorLogDao.deleteMessages.deleteErrorLogsByMessageIdInError.timer" : {
      "count" : 16,
      "max" : 0.014011987,
      "mean" : 0.00423778180867432,
      "min" : 0.002541934,
      "p50" : 0.0037384500000000004,
      "p75" : 0.003979453,
      "p95" : 0.011332551000000001,
      "p98" : 0.014011987,
      "p99" : 0.014011987,
      "p999" : 0.014011987,
      "stddev" : 0.0023930868541369105,
      "m15_rate" : 1.172621195557621,
      "m1_rate" : 0.01685131254341868,
      "m5_rate" : 0.6312776893353672,
      "mean_rate" : 0.055081018937588405,
      "duration_units" : "seconds",
      "rate_units" : "calls/second"
    },
    "eu.domibus.core.message.MessageInfoDao.deleteMessages.timer" : {
      "count" : 32,
      "max" : 1.281239776,
      "mean" : 0.637665519161053,
      "min" : 0.138156737,
      "p50" : 0.461607539,
      "p75" : 0.9970361600000001,
      "p95" : 1.175501332,
      "p98" : 1.175501332,
      "p99" : 1.281239776,
      "p999" : 1.281239776,
      "stddev" : 0.3793807847178375,
      "m15_rate" : 2.3452568133890597,
      "m1_rate" : 0.03380067241522673,
      "m5_rate" : 1.2626341082519432,
      "mean_rate" : 0.10946377764085258,
      "duration_units" : "seconds",
      "rate_units" : "calls/second"
    },
    "eu.domibus.core.message.MessageInfoDao.findSignalMessageIds.timer" : {
      "count" : 16,
      "max" : 0.295633132,
      "mean" : 0.15917450298347746,
      "min" : 0.09515596800000001,
      "p50" : 0.14263430100000002,
      "p75" : 0.175392232,
      "p95" : 0.295633132,
      "p98" : 0.295633132,
      "p99" : 0.295633132,
      "p999" : 0.295633132,
      "stddev" : 0.06517047581003949,
      "m15_rate" : 1.172621195557621,
      "m1_rate" : 0.01685131254341868,
      "m5_rate" : 0.6312776893353672,
      "mean_rate" : 0.05468531217529041,
      "duration_units" : "seconds",
      "rate_units" : "calls/second"
    },
    "eu.domibus.core.message.MessagingServiceImpl.storeMessage.timer" : {
      "count" : 183406,
      "max" : 0.133169271,
      "mean" : 0.0056456749530246295,
      "min" : 0.00294894,
      "p50" : 0.004799364,
      "p75" : 0.005961579000000001,
      "p95" : 0.010803542000000001,
      "p98" : 0.013783883,
      "p99" : 0.015315102,
      "p999" : 0.031209813000000003,
      "stddev" : 0.003361193846830725,
      "m15_rate" : 98.95352876776062,
      "m1_rate" : 128.0542516507576,
      "m5_rate" : 122.52958028624188,
      "mean_rate" : 112.09925392020295,
      "duration_units" : "seconds",
      "rate_units" : "calls/second"
    },
    "eu.domibus.core.message.UserMessageHandlerServiceImpl.handleNewUserMessage.timer" : {
      "count" : 91749,
      "max" : 0.47394567200000004,
      "mean" : 0.11774812049363084,
      "min" : 0.023137207,
      "p50" : 0.11745765300000001,
      "p75" : 0.143451498,
      "p95" : 0.21487694200000002,
      "p98" : 0.236876738,
      "p99" : 0.254256364,
      "p999" : 0.45305219500000005,
      "stddev" : 0.05337649528794799,
      "m15_rate" : 49.81731164154759,
      "m1_rate" : 63.99323877568674,
      "m5_rate" : 61.39583096872733,
      "mean_rate" : 56.077146056046956,
      "duration_units" : "seconds",
      "rate_units" : "calls/second"
    },
    "eu.domibus.core.message.UserMessageLogDao.deleteMessages.deleteMessageLogs.timer" : {
      "count" : 16,
      "max" : 0.07873824700000001,
      "mean" : 0.06614038138199646,
      "min" : 0.058128773,
      "p50" : 0.0676284,
      "p75" : 0.07082964400000001,
      "p95" : 0.07873824700000001,
      "p98" : 0.07873824700000001,
      "p99" : 0.07873824700000001,
      "p999" : 0.07873824700000001,
      "stddev" : 0.006499528176922417,
      "m15_rate" : 1.172621195557621,
      "m1_rate" : 0.01685131254341868,
      "m5_rate" : 0.6312776893353672,
      "mean_rate" : 0.05504788705462503,
      "duration_units" : "seconds",
      "rate_units" : "calls/second"
    },
    "eu.domibus.core.message.acknowledge.MessageAcknowledgementDao.deleteMessages.deleteMessageAcknowledgementsByMessageIds.timer" : {
      "count" : 16,
      "max" : 0.012557867,
      "mean" : 0.004422356503147148,
      "min" : 0.002672335,
      "p50" : 0.003510646,
      "p75" : 0.00451946,
      "p95" : 0.009279623,
      "p98" : 0.012557867,
      "p99" : 0.012557867,
      "p999" : 0.012557867,
      "stddev" : 0.002321704831082229,
      "m15_rate" : 1.172621195557621,
      "m1_rate" : 0.01685131254341868,
      "m5_rate" : 0.6312776893353672,
      "mean_rate" : 0.05508860522149087,
      "duration_units" : "seconds",
      "rate_units" : "calls/second"
    },
    "eu.domibus.core.message.attempt.MessageAttemptDao.deleteMessages.deleteAttemptsByMessageIds.timer" : {
      "count" : 16,
      "max" : 0.018284944,
      "mean" : 0.004847179671697022,
      "min" : 0.00303104,
      "p50" : 0.004037153,
      "p75" : 0.0048214650000000005,
      "p95" : 0.010473039,
      "p98" : 0.018284944,
      "p99" : 0.018284944,
      "p999" : 0.018284944,
      "stddev" : 0.002891606782192837,
      "m15_rate" : 1.172621195557621,
      "m1_rate" : 0.01685131254341868,
      "m5_rate" : 0.6312776893353672,
      "mean_rate" : 0.05507739596501879,
      "duration_units" : "seconds",
      "rate_units" : "calls/second"
    },
    "eu.domibus.core.message.pull.IncomingPullRequestHandler.incoming_pull_request.timer" : {
      "count" : 2,
      "max" : 0.48937461000000004,
      "mean" : 0.252557005,
      "min" : 0.0157394,
      "p50" : 0.48937461000000004,
      "p75" : 0.48937461000000004,
      "p95" : 0.48937461000000004,
      "p98" : 0.48937461000000004,
      "p99" : 0.48937461000000004,
      "p999" : 0.48937461000000004,
      "stddev" : 0.23681760500000001,
      "m15_rate" : 0.02473282265140237,
      "m1_rate" : 2.953013088466066E-19,
      "m5_rate" : 9.455860737145631E-5,
      "mean_rate" : 7.961356481383784E-4,
      "duration_units" : "seconds",
      "rate_units" : "calls/second"
    },
    "eu.domibus.core.message.receipt.AS4ReceiptServiceImpl.generateReceipt.timer" : {
      "count" : 91749,
      "max" : 0.41992695500000005,
      "mean" : 0.027623710481945472,
      "min" : 0.015659307,
      "p50" : 0.024079918000000002,
      "p75" : 0.029430589000000004,
      "p95" : 0.045514702000000004,
      "p98" : 0.063154735,
      "p99" : 0.09223911900000001,
      "p999" : 0.214158434,
      "stddev" : 0.017623451312820313,
      "m15_rate" : 49.85008949097189,
      "m1_rate" : 63.96851408481904,
      "m5_rate" : 61.391053264192145,
      "mean_rate" : 56.08280250427349,
      "duration_units" : "seconds",
      "rate_units" : "calls/second"
    },
    "eu.domibus.core.message.retention.MessageRetentionDefaultService.schedule_deleteExpiredMessages.timer" : {
      "count" : 5,
      "max" : 7.548240988000001,
      "mean" : 7.018391816515069,
      "min" : 0.49070941,
      "p50" : 7.548240988000001,
      "p75" : 7.548240988000001,
      "p95" : 7.548240988000001,
      "p98" : 7.548240988000001,
      "p99" : 7.548240988000001,
      "p999" : 7.548240988000001,
      "stddev" : 0.843536738764562,
      "m15_rate" : 0.026326606306995445,
      "m1_rate" : 5.591310569271213E-4,
      "m5_rate" : 0.003349713514634053,
      "mean_rate" : 0.002612109163218983,
      "duration_units" : "seconds",
      "rate_units" : "calls/second"
    },
    "eu.domibus.core.message.retention.RetentionListener.onMessage.deleteMessages.timer" : {
      "count" : 16,
      "max" : 2.411042435,
      "mean" : 2.1480439202874213,
      "min" : 1.9363786520000001,
      "p50" : 2.184756353,
      "p75" : 2.228192298,
      "p95" : 2.377253982,
      "p98" : 2.411042435,
      "p99" : 2.411042435,
      "p999" : 2.411042435,
      "stddev" : 0.13806767202940412,
      "m15_rate" : 0.882829746918011,
      "m1_rate" : 0.013789428729909604,
      "m5_rate" : 0.4792598885004148,
      "mean_rate" : 0.05467892180014335,
      "duration_units" : "seconds",
      "rate_units" : "calls/second"
    },
    "eu.domibus.core.message.signal.SignalMessageDao.deleteMessages.deleteReceipts.timer" : {
      "count" : 16,
      "max" : 0.591289081,
      "mean" : 0.47209330784855125,
      "min" : 0.376493807,
      "p50" : 0.47720814600000006,
      "p75" : 0.5442784380000001,
      "p95" : 0.564546724,
      "p98" : 0.591289081,
      "p99" : 0.591289081,
      "p999" : 0.591289081,
      "stddev" : 0.0679181501158504,
      "m15_rate" : 1.1726260029822269,
      "m1_rate" : 0.016883994986215133,
      "m5_rate" : 0.6313039325291037,
      "mean_rate" : 0.054941088417707264,
      "duration_units" : "seconds",
      "rate_units" : "calls/second"
    },
    "eu.domibus.core.message.signal.SignalMessageLogDao.deleteMessages.deleteMessageLogs.timer" : {
      "count" : 16,
      "max" : 0.08455952700000001,
      "mean" : 0.06362502823034795,
      "min" : 0.04886775,
      "p50" : 0.061213716,
      "p75" : 0.071066845,
      "p95" : 0.08129038100000001,
      "p98" : 0.08455952700000001,
      "p99" : 0.08455952700000001,
      "p999" : 0.08455952700000001,
      "stddev" : 0.01193718354219034,
      "m15_rate" : 1.172621195557621,
      "m1_rate" : 0.01685131254341868,
      "m5_rate" : 0.6312776893353672,
      "mean_rate" : 0.05506127384484044,
      "duration_units" : "seconds",
      "rate_units" : "calls/second"
    },
    "eu.domibus.core.plugin.handler.DatabaseMessageHandler.submit.timer" : {
      "count" : 91653,
      "max" : 0.65504668,
      "mean" : 0.10594029948434242,
      "min" : 0.009196522,
      "p50" : 0.10011692600000001,
      "p75" : 0.114349613,
      "p95" : 0.200179547,
      "p98" : 0.22900022900000003,
      "p99" : 0.242718117,
      "p999" : 0.475960698,
      "stddev" : 0.04852970925223209,
      "m15_rate" : 50.155059989844176,
      "m1_rate" : 64.02988453471285,
      "m5_rate" : 61.115486563718534,
      "mean_rate" : 57.288841867207644,
      "duration_units" : "seconds",
      "rate_units" : "calls/second"
    },
    "eu.domibus.core.plugin.notification.BackendNotificationService.notifyMessageReceived.timer" : {
      "count" : 91750,
      "max" : 0.263824596,
      "mean" : 0.06885064328108213,
      "min" : 4.09505E-4,
      "p50" : 0.069020312,
      "p75" : 0.09681078200000001,
      "p95" : 0.127550886,
      "p98" : 0.15190241100000001,
      "p99" : 0.180173688,
      "p999" : 0.246163757,
      "stddev" : 0.03927389344525955,
      "m15_rate" : 49.85143359128714,
      "m1_rate" : 64.01596953201422,
      "m5_rate" : 61.39903317626462,
      "mean_rate" : 56.080387332295274,
      "duration_units" : "seconds",
      "rate_units" : "calls/second"
    },
    "eu.domibus.core.plugin.notification.PluginAsyncNotificationListener.onMessage.timer" : {
      "count" : 91688,
      "max" : 0.5572340960000001,
      "mean" : 0.10611784788743699,
      "min" : 0.008895118,
      "p50" : 0.100512639,
      "p75" : 0.113865906,
      "p95" : 0.210642986,
      "p98" : 0.233894493,
      "p99" : 0.272350809,
      "p999" : 0.44068253100000004,
      "stddev" : 0.048730238755950124,
      "m15_rate" : 49.794308449659866,
      "m1_rate" : 63.726922253151436,
      "m5_rate" : 61.116172678178955,
      "mean_rate" : 56.06023558143261,
      "duration_units" : "seconds",
      "rate_units" : "calls/second"
    },
    "eu.domibus.core.pmode.validation.validators.MessagePropertyValidator.validate.timer" : {
      "count" : 183406,
      "max" : 7.450100000000001E-5,
      "mean" : 1.4887872227459765E-6,
      "min" : 5.000000000000001E-7,
      "p50" : 1.3E-6,
      "p75" : 1.6000000000000001E-6,
      "p95" : 2.3E-6,
      "p98" : 2.6E-6,
      "p99" : 3.0E-6,
      "p999" : 2.65E-5,
      "stddev" : 2.2186240847511144E-6,
      "m15_rate" : 98.95287093523405,
      "m1_rate" : 128.0501954802354,
      "m5_rate" : 122.52814549576115,
      "mean_rate" : 112.09846694091627,
      "duration_units" : "seconds",
      "rate_units" : "calls/second"
    },
    "eu.domibus.core.replication.UIMessageDaoImpl.deleteMessages.deleteUIMessagesByMessageIds.timer" : {
      "count" : 32,
      "max" : 0.016420019,
      "mean" : 0.0035880925947983137,
      "min" : 0.0019504260000000001,
      "p50" : 0.003207342,
      "p75" : 0.003883552,
      "p95" : 0.006702589,
      "p98" : 0.009871932,
      "p99" : 0.016420019,
      "p999" : 0.016420019,
      "stddev" : 0.0021267141821916615,
      "m15_rate" : 2.345242391115242,
      "m1_rate" : 0.03370262508683736,
      "m5_rate" : 1.2625553786707344,
      "mean_rate" : 0.11016659912875937,
      "duration_units" : "seconds",
      "rate_units" : "calls/second"
    },
    "eu.domibus.core.util.SoapUtil.logMessage.timer" : {
      "count" : 91753,
      "max" : 2.1000000000000002E-6,
      "mean" : 9.249841468230594E-7,
      "min" : 3.0000000000000004E-7,
      "p50" : 8.000000000000001E-7,
      "p75" : 1.1E-6,
      "p95" : 1.5E-6,
      "p98" : 1.8000000000000001E-6,
      "p99" : 1.8000000000000001E-6,
      "p999" : 2.1000000000000002E-6,
      "stddev" : 3.0804880733912586E-7,
      "m15_rate" : 49.848598854171904,
      "m1_rate" : 63.94087359911835,
      "m5_rate" : 61.38789154822672,
      "mean_rate" : 56.07967627288793,
      "duration_units" : "seconds",
      "rate_units" : "calls/second"
    },
    "eu.domibus.plugin.jms.JMSPluginImpl.deliverMessage.timer" : {
      "count" : 91688,
      "max" : 0.440203025,
      "mean" : 0.1051727908845472,
      "min" : 0.007940905,
      "p50" : 0.100328227,
      "p75" : 0.112664289,
      "p95" : 0.20807175600000002,
      "p98" : 0.231582164,
      "p99" : 0.24698116700000003,
      "p999" : 0.42064917300000004,
      "stddev" : 0.04735193007688242,
      "m15_rate" : 49.793443266007905,
      "m1_rate" : 63.71217664958688,
      "m5_rate" : 61.11307256959596,
      "mean_rate" : 56.06074815079504,
      "duration_units" : "seconds",
      "rate_units" : "calls/second"
    },
    "eu.domibus.plugin.jms.JMSPluginImpl.receiveMessage.timer" : {
      "count" : 91649,
      "max" : 0.67938959,
      "mean" : 0.1899920138877252,
      "min" : 0.009398524,
      "p50" : 0.19667240100000002,
      "p75" : 0.21795968100000002,
      "p95" : 0.314877464,
      "p98" : 0.340298209,
      "p99" : 0.39718136200000004,
      "p999" : 0.6669408250000001,
      "stddev" : 0.07241508839445826,
      "m15_rate" : 50.15684553853021,
      "m1_rate" : 64.07987019415646,
      "m5_rate" : 61.12482961140043,
      "mean_rate" : 57.2858415812437,
      "duration_units" : "seconds",
      "rate_units" : "calls/second"
    }
  }
}