{
  "version" : "4.0.0",
  "gauges" : { },
  "counters" : {
    "eu.domibus.core.ebms3.receiver.MSHWebservice.incoming_user_message.counter" : {
      "count" : 30
    },
    "eu.domibus.core.ebms3.receiver.handler.AbstractIncomingMessageHandler.processMessage.counter" : {
      "count" : 30
    },
    "eu.domibus.core.ebms3.receiver.handler.IncomingUserMessageHandler.around_handleNewUserMessage.counter.counter" : {
      "count" : 60
    },
    "eu.domibus.core.ebms3.sender.AbstractUserMessageSender.outgoing_user_message.counter" : {
      "count" : 0
    },
    "eu.domibus.core.ebms3.sender.MessageSenderListener.onMessage.counter" : {
      "count" : 0
    },
    "eu.domibus.core.ebms3.sender.MessageSenderService.sendUserMessage.counter" : {
      "count" : 0
    },
    "eu.domibus.core.ebms3.sender.client.MSHDispatcher.dispatch.counter" : {
      "count" : 0
    },
    "eu.domibus.core.error.ErrorLogDao.deleteMessages.deleteErrorLogsByMessageIdInError.counter" : {
      "count" : 0
    },
    "eu.domibus.core.message.MessageInfoDao.deleteMessages.counter" : {
      "count" : 0
    },
    "eu.domibus.core.message.MessageInfoDao.findSignalMessageIds.counter" : {
      "count" : 0
    },
    "eu.domibus.core.message.MessagingServiceImpl.storeMessage.counter" : {
      "count" : 0
    },
    "eu.domibus.core.message.UserMessageHandlerServiceImpl.handleNewUserMessage.counter" : {
      "count" : 4
    },
    "eu.domibus.core.message.UserMessageLogDao.deleteMessages.deleteMessageLogs.counter" : {
      "count" : 0
    },
    "eu.domibus.core.message.acknowledge.MessageAcknowledgementDao.deleteMessages.deleteMessageAcknowledgementsByMessageIds.counter" : {
      "count" : 0
    },
    "eu.domibus.core.message.attempt.MessageAttemptDao.deleteMessages.deleteAttemptsByMessageIds.counter" : {
      "count" : 0
    },
    "eu.domibus.core.message.pull.IncomingPullRequestHandler.incoming_pull_request.counter" : {
      "count" : 0
    },
    "eu.domibus.core.message.receipt.AS4ReceiptServiceImpl.generateReceipt.counter" : {
      "count" : 0
    },
    "eu.domibus.core.message.retention.MessageRetentionDefaultService.schedule_deleteExpiredMessages.counter" : {
      "count" : 0
    },
    "eu.domibus.core.message.retention.RetentionListener.onMessage.deleteMessages.counter" : {
      "count" : 0
    },
    "eu.domibus.core.message.signal.SignalMessageDao.deleteMessages.deleteReceipts.counter" : {
      "count" : 0
    },
    "eu.domibus.core.message.signal.SignalMessageLogDao.deleteMessages.deleteMessageLogs.counter" : {
      "count" : 0
    },
    "eu.domibus.core.plugin.handler.DatabaseMessageHandler.submit.counter" : {
      "count" : 1
    },
    "eu.domibus.core.plugin.notification.BackendNotificationService.notifyMessageReceived.counter" : {
      "count" : 4
    },
    "eu.domibus.core.plugin.notification.PluginAsyncNotificationListener.onMessage.counter" : {
      "count" : 6
    },
    "eu.domibus.core.pmode.validation.validators.MessagePropertyValidator.validate.counter" : {
      "count" : 0
    },
    "eu.domibus.core.replication.UIMessageDaoImpl.deleteMessages.deleteUIMessagesByMessageIds.counter" : {
      "count" : 0
    },
    "eu.domibus.core.util.SoapUtil.SoapUtil.counter" : {
      "count" : 0
    },
    "eu.domibus.plugin.jms.JMSPluginImpl.deliverMessage.counter" : {
      "count" : 6
    },
    "eu.domibus.plugin.jms.JMSPluginImpl.receiveMessage.counter" : {
      "count" : 18
    }
  },
  "histograms" : { },
  "meters" : { },
  "timers" : {
    "eu.domibus.core.ebms3.receiver.MSHWebservice.incoming_user_message.timer" : {
      "count" : 295370,
      "max" : 1.503815951,
      "mean" : 0.4642859460232361,
      "min" : 0.13184774900000001,
      "p50" : 0.444548119,
      "p75" : 0.522703357,
      "p95" : 0.677152655,
      "p98" : 0.7970273790000001,
      "p99" : 0.98785023,
      "p999" : 1.2840361100000002,
      "stddev" : 0.1317517804012491,
      "m15_rate" : 60.550508106932696,
      "m1_rate" : 60.1914930320765,
      "m5_rate" : 60.49280669195897,
      "mean_rate" : 51.52562472735492,
      "duration_units" : "seconds",
      "rate_units" : "calls/second"
    },
    "eu.domibus.core.ebms3.receiver.handler.AbstractIncomingMessageHandler.processMessage.timer" : {
      "count" : 295357,
      "max" : 1.473787159,
      "mean" : 0.463443560164579,
      "min" : 0.139998128,
      "p50" : 0.444503919,
      "p75" : 0.521790266,
      "p95" : 0.665714637,
      "p98" : 0.84186547,
      "p99" : 1.0353753890000001,
      "p999" : 1.284187309,
      "stddev" : 0.13194684991408995,
      "m15_rate" : 60.56348615926426,
      "m1_rate" : 60.29879153909665,
      "m5_rate" : 60.50755379195436,
      "mean_rate" : 60.80353210650464,
      "duration_units" : "seconds",
      "rate_units" : "calls/second"
    },
    "eu.domibus.core.ebms3.receiver.handler.IncomingUserMessageHandler.around_handleNewUserMessage.timer.timer" : {
      "count" : 295327,
      "max" : 1.479370721,
      "mean" : 0.46309874734416845,
      "min" : 0.13768781200000002,
      "p50" : 0.445961103,
      "p75" : 0.5203599790000001,
      "p95" : 0.668411219,
      "p98" : 0.7695743850000001,
      "p99" : 0.830082458,
      "p999" : 1.245772584,
      "stddev" : 0.12032575903163314,
      "m15_rate" : 60.55985231804669,
      "m1_rate" : 60.26336030867986,
      "m5_rate" : 60.50137268176804,
      "mean_rate" : 60.79765138136944,
      "duration_units" : "seconds",
      "rate_units" : "calls/second"
    },
    "eu.domibus.core.ebms3.sender.AbstractUserMessageSender.outgoing_user_message.timer" : {
      "count" : 295173,
      "max" : 0.514194626,
      "mean" : 0.062684211868785,
      "min" : 0.0418281,
      "p50" : 0.059750173000000004,
      "p75" : 0.066089827,
      "p95" : 0.082098213,
      "p98" : 0.11101820600000001,
      "p99" : 0.16504862,
      "p999" : 0.21750914400000002,
      "stddev" : 0.01740796208556832,
      "m15_rate" : 60.827528925231135,
      "m1_rate" : 60.76710773458916,
      "m5_rate" : 61.15933983533685,
      "mean_rate" : 61.23095776501756,
      "duration_units" : "seconds",
      "rate_units" : "calls/second"
    },
    "eu.domibus.core.ebms3.sender.MessageSenderListener.onMessage.timer" : {
      "count" : 295173,
      "max" : 0.44767948900000004,
      "mean" : 0.09590955025509083,
      "min" : 0.048317952000000004,
      "p50" : 0.073519969,
      "p75" : 0.122539724,
      "p95" : 0.182153897,
      "p98" : 0.24880532000000002,
      "p99" : 0.26291632000000004,
      "p999" : 0.379857584,
      "stddev" : 0.04806725585187394,
      "m15_rate" : 60.83259534019605,
      "m1_rate" : 60.835072452841494,
      "m5_rate" : 61.174155420229916,
      "mean_rate" : 61.22995263743472,
      "duration_units" : "seconds",
      "rate_units" : "calls/second"
    },
    "eu.domibus.core.ebms3.sender.MessageSenderService.sendUserMessage.timer" : {
      "count" : 295173,
      "max" : 0.423775261,
      "mean" : 0.09569429367100495,
      "min" : 0.048699849,
      "p50" : 0.072246183,
      "p75" : 0.12236582400000001,
      "p95" : 0.18699896200000002,
      "p98" : 0.221096218,
      "p99" : 0.28925683,
      "p999" : 0.37980208400000004,
      "stddev" : 0.04912942863802555,
      "m15_rate" : 60.83029568816151,
      "m1_rate" : 60.81220470511882,
      "m5_rate" : 61.16752996455954,
      "mean_rate" : 61.230424150183005,
      "duration_units" : "seconds",
      "rate_units" : "calls/second"
    },
    "eu.domibus.core.ebms3.sender.client.MSHDispatcher.dispatch.timer" : {
      "count" : 295173,
      "max" : 0.204362237,
      "mean" : 0.05025405883298899,
      "min" : 0.034795650000000004,
      "p50" : 0.048055357,
      "p75" : 0.053409118000000005,
      "p95" : 0.064701936,
      "p98" : 0.07983292900000001,
      "p99" : 0.103544459,
      "p999" : 0.204362237,
      "stddev" : 0.01394175129058686,
      "m15_rate" : 60.822851184869315,
      "m1_rate" : 60.713984508050366,
      "m5_rate" : 61.14501002957624,
      "mean_rate" : 61.23272849917152,
      "duration_units" : "seconds",
      "rate_units" : "calls/second"
    },
    "eu.domibus.core.error.ErrorLogDao.deleteMessages.deleteErrorLogsByMessageIdInError.timer" : {
      "count" : 120,
      "max" : 0.019309257,
      "mean" : 0.003684239514687513,
      "min" : 0.0021679860000000002,
      "p50" : 0.0032157770000000004,
      "p75" : 0.004338769,
      "p95" : 0.005891559,
      "p98" : 0.005891559,
      "p99" : 0.005891559,
      "p999" : 0.005891559,
      "stddev" : 0.001002137964709637,
      "m15_rate" : 0.043135137413570876,
      "m1_rate" : 1.4484028293807466E-5,
      "m5_rate" : 0.008988897879406188,
      "mean_rate" : 0.031004120248480056,
      "duration_units" : "seconds",
      "rate_units" : "calls/second"
    },
    "eu.domibus.core.message.MessageInfoDao.deleteMessages.timer" : {
      "count" : 240,
      "max" : 3.151192705,
      "mean" : 0.6563624059056767,
      "min" : 0.125853628,
      "p50" : 0.40087242100000003,
      "p75" : 1.042885671,
      "p95" : 1.256020294,
      "p98" : 1.256020294,
      "p99" : 1.322806637,
      "p999" : 1.322806637,
      "stddev" : 0.4263850470271609,
      "m15_rate" : 0.08088918465564779,
      "m1_rate" : 2.9247679608653516E-5,
      "m5_rate" : 0.018021673005312353,
      "mean_rate" : 0.06197750531090161,
      "duration_units" : "seconds",
      "rate_units" : "calls/second"
    },
    "eu.domibus.core.message.MessageInfoDao.findSignalMessageIds.timer" : {
      "count" : 120,
      "max" : 0.41663691700000005,
      "mean" : 0.1302024192079368,
      "min" : 0.076689801,
      "p50" : 0.110434135,
      "p75" : 0.126539223,
      "p95" : 0.274168199,
      "p98" : 0.274168199,
      "p99" : 0.274168199,
      "p999" : 0.274168199,
      "stddev" : 0.05336069461026357,
      "m15_rate" : 0.04315108571431532,
      "m1_rate" : 1.45673093523097E-5,
      "m5_rate" : 0.009006534422209188,
      "mean_rate" : 0.030985719217505266,
      "duration_units" : "seconds",
      "rate_units" : "calls/second"
    },
    "eu.domibus.core.message.MessagingServiceImpl.storeMessage.timer" : {
      "count" : 590608,
      "max" : 0.12826737900000001,
      "mean" : 0.00754772444092965,
      "min" : 0.0030820780000000002,
      "p50" : 0.005533560000000001,
      "p75" : 0.007207649000000001,
      "p95" : 0.013312405000000001,
      "p98" : 0.016561582000000002,
      "p99" : 0.07693395,
      "p999" : 0.12257862400000001,
      "stddev" : 0.010852778927077065,
      "m15_rate" : 121.35145033279163,
      "m1_rate" : 120.70346432990634,
      "m5_rate" : 121.60696192686628,
      "mean_rate" : 121.58625660500087,
      "duration_units" : "seconds",
      "rate_units" : "calls/second"
    },
    "eu.domibus.core.message.UserMessageHandlerServiceImpl.handleNewUserMessage.timer" : {
      "count" : 295383,
      "max" : 0.475517397,
      "mean" : 0.14441917622907846,
      "min" : 0.02646031,
      "p50" : 0.13389884300000002,
      "p75" : 0.172214065,
      "p95" : 0.261562526,
      "p98" : 0.32303818900000003,
      "p99" : 0.37872238900000005,
      "p999" : 0.475517397,
      "stddev" : 0.06625894901301468,
      "m15_rate" : 60.57121852279055,
      "m1_rate" : 60.35541255913547,
      "m5_rate" : 60.5286056342695,
      "mean_rate" : 60.80916143682527,
      "duration_units" : "seconds",
      "rate_units" : "calls/second"
    },
    "eu.domibus.core.message.UserMessageLogDao.deleteMessages.deleteMessageLogs.timer" : {
      "count" : 120,
      "max" : 0.194769459,
      "mean" : 0.0647246685128074,
      "min" : 0.051178845,
      "p50" : 0.06380545800000001,
      "p75" : 0.074350784,
      "p95" : 0.086014904,
      "p98" : 0.086014904,
      "p99" : 0.086014904,
      "p999" : 0.086014904,
      "stddev" : 0.010488349273071594,
      "m15_rate" : 0.04314499251702541,
      "m1_rate" : 1.4525716570094974E-5,
      "m5_rate" : 0.008999079113251335,
      "mean_rate" : 0.031002037913459894,
      "duration_units" : "seconds",
      "rate_units" : "calls/second"
    },
    "eu.domibus.core.message.acknowledge.MessageAcknowledgementDao.deleteMessages.deleteMessageAcknowledgementsByMessageIds.timer" : {
      "count" : 120,
      "max" : 0.014198495,
      "mean" : 0.00300962851200188,
      "min" : 0.001977586,
      "p50" : 0.00290398,
      "p75" : 0.003782174,
      "p95" : 0.004485369,
      "p98" : 0.004485369,
      "p99" : 0.004485369,
      "p999" : 0.004485369,
      "stddev" : 7.265169365828894E-4,
      "m15_rate" : 0.04313145773025471,
      "m1_rate" : 1.4483932799759288E-5,
      "m5_rate" : 0.00898609410124164,
      "mean_rate" : 0.031004467501735276,
      "duration_units" : "seconds",
      "rate_units" : "calls/second"
    },
    "eu.domibus.core.message.attempt.MessageAttemptDao.deleteMessages.deleteAttemptsByMessageIds.timer" : {
      "count" : 120,
      "max" : 0.028946485,
      "mean" : 0.00361141020953298,
      "min" : 0.002153486,
      "p50" : 0.003574475,
      "p75" : 0.00428357,
      "p95" : 0.004766867,
      "p98" : 0.004766867,
      "p99" : 0.004766867,
      "p999" : 0.004766867,
      "stddev" : 6.421967020267273E-4,
      "m15_rate" : 0.043138219839947055,
      "m1_rate" : 1.4525621075220596E-5,
      "m5_rate" : 0.008995815510170084,
      "mean_rate" : 0.031003882362165395,
      "duration_units" : "seconds",
      "rate_units" : "calls/second"
    },
    "eu.domibus.core.message.pull.IncomingPullRequestHandler.incoming_pull_request.timer" : {
      "count" : 13,
      "max" : 0.47321025600000005,
      "mean" : 0.06705810293421274,
      "min" : 0.009397942000000001,
      "p50" : 0.020702972,
      "p75" : 0.09622820900000001,
      "p95" : 0.19203912,
      "p98" : 0.19203912,
      "p99" : 0.19203912,
      "p999" : 0.19203912,
      "stddev" : 0.0696259494293639,
      "m15_rate" : 0.003284119623710511,
      "m1_rate" : 3.110844058709904E-17,
      "m5_rate" : 1.3691872764226351E-5,
      "mean_rate" : 0.0022677770501483125,
      "duration_units" : "seconds",
      "rate_units" : "calls/second"
    },
    "eu.domibus.core.message.receipt.AS4ReceiptServiceImpl.generateReceipt.timer" : {
      "count" : 295372,
      "max" : 0.180044912,
      "mean" : 0.0315584770572988,
      "min" : 0.015289091000000001,
      "p50" : 0.027614102,
      "p75" : 0.03492625,
      "p95" : 0.055527003000000005,
      "p98" : 0.067594717,
      "p99" : 0.080423325,
      "p999" : 0.180044912,
      "stddev" : 0.015049584985088816,
      "m15_rate" : 60.5636638231396,
      "m1_rate" : 60.26504695990646,
      "m5_rate" : 60.50824733792841,
      "mean_rate" : 60.80876270474827,
      "duration_units" : "seconds",
      "rate_units" : "calls/second"
    },
    "eu.domibus.core.message.retention.MessageRetentionDefaultService.schedule_deleteExpiredMessages.timer" : {
      "count" : 21,
      "max" : 10.605950536,
      "mean" : 9.10877738196268,
      "min" : 0.22059636800000001,
      "p50" : 8.485633983000001,
      "p75" : 10.605950536,
      "p95" : 10.605950536,
      "p98" : 10.605950536,
      "p99" : 10.605950536,
      "p999" : 10.605950536,
      "stddev" : 0.9700384833170583,
      "m15_rate" : 0.0031440069448737244,
      "m1_rate" : 1.9807504075710657E-6,
      "m5_rate" : 0.0011457916587278684,
      "mean_rate" : 0.0037804290733070385,
      "duration_units" : "seconds",
      "rate_units" : "calls/second"
    },
    "eu.domibus.core.message.retention.RetentionListener.onMessage.deleteMessages.timer" : {
      "count" : 120,
      "max" : 5.081132028000001,
      "mean" : 2.0010800897272567,
      "min" : 1.402168096,
      "p50" : 1.9513894740000002,
      "p75" : 2.261419725,
      "p95" : 2.628124483,
      "p98" : 2.955480128,
      "p99" : 2.955480128,
      "p999" : 2.955480128,
      "stddev" : 0.36606571415288963,
      "m15_rate" : 0.03504589653374535,
      "m1_rate" : 1.5106559997054595E-5,
      "m5_rate" : 0.009058869744357868,
      "mean_rate" : 0.030985292785947305,
      "duration_units" : "seconds",
      "rate_units" : "calls/second"
    },
    "eu.domibus.core.message.signal.SignalMessageDao.deleteMessages.deleteReceipts.timer" : {
      "count" : 120,
      "max" : 2.291634637,
      "mean" : 0.3264193916560624,
      "min" : 0.160763337,
      "p50" : 0.196744936,
      "p75" : 0.48608593000000005,
      "p95" : 0.791628713,
      "p98" : 1.2423395940000002,
      "p99" : 1.2423395940000002,
      "p999" : 1.2423395940000002,
      "stddev" : 0.2642677248492003,
      "m15_rate" : 0.043148096182568915,
      "m1_rate" : 1.4525716571021716E-5,
      "m5_rate" : 0.008999552493471364,
      "mean_rate" : 0.031000061247890256,
      "duration_units" : "seconds",
      "rate_units" : "calls/second"
    },
    "eu.domibus.core.message.signal.SignalMessageLogDao.deleteMessages.deleteMessageLogs.timer" : {
      "count" : 120,
      "max" : 0.18694101700000001,
      "mean" : 0.05991468563574673,
      "min" : 0.039609607000000005,
      "p50" : 0.059218789,
      "p75" : 0.072732295,
      "p95" : 0.078874253,
      "p98" : 0.078874253,
      "p99" : 0.078874253,
      "p999" : 0.078874253,
      "stddev" : 0.012679695344010436,
      "m15_rate" : 0.04314044804927129,
      "m1_rate" : 1.4525621714377023E-5,
      "m5_rate" : 0.00899667135574712,
      "mean_rate" : 0.031003052890207893,
      "duration_units" : "seconds",
      "rate_units" : "calls/second"
    },
    "eu.domibus.core.plugin.handler.DatabaseMessageHandler.submit.timer" : {
      "count" : 295231,
      "max" : 0.541349826,
      "mean" : 0.1267094019316343,
      "min" : 0.008968935,
      "p50" : 0.11085940700000001,
      "p75" : 0.15384050000000002,
      "p95" : 0.254901176,
      "p98" : 0.290078922,
      "p99" : 0.31516514700000003,
      "p999" : 0.541349826,
      "stddev" : 0.06947859018595766,
      "m15_rate" : 60.833471072536355,
      "m1_rate" : 60.76003372382606,
      "m5_rate" : 61.16988113364534,
      "mean_rate" : 61.238853347925975,
      "duration_units" : "seconds",
      "rate_units" : "calls/second"
    },
    "eu.domibus.core.plugin.notification.BackendNotificationService.notifyMessageReceived.timer" : {
      "count" : 295372,
      "max" : 0.436996572,
      "mean" : 0.08537693645747946,
      "min" : 4.53297E-4,
      "p50" : 0.078489638,
      "p75" : 0.11287959,
      "p95" : 0.183134086,
      "p98" : 0.24713253100000002,
      "p99" : 0.281554484,
      "p999" : 0.436996572,
      "stddev" : 0.05957010918207107,
      "m15_rate" : 60.566572827142416,
      "m1_rate" : 60.297252015348384,
      "m5_rate" : 60.516324365608085,
      "mean_rate" : 60.80781769739767,
      "duration_units" : "seconds",
      "rate_units" : "calls/second"
    },
    "eu.domibus.core.plugin.notification.PluginAsyncNotificationListener.onMessage.timer" : {
      "count" : 295272,
      "max" : 0.570264019,
      "mean" : 0.14037138654220396,
      "min" : 0.009456732,
      "p50" : 0.123605215,
      "p75" : 0.173232657,
      "p95" : 0.26940677300000004,
      "p98" : 0.31413775400000005,
      "p99" : 0.431418112,
      "p999" : 0.570264019,
      "stddev" : 0.0741533210360435,
      "m15_rate" : 60.82234265365867,
      "m1_rate" : 60.65298950105213,
      "m5_rate" : 61.16146922906277,
      "mean_rate" : 60.79354532662249,
      "duration_units" : "seconds",
      "rate_units" : "calls/second"
    },
    "eu.domibus.core.pmode.validation.validators.MessagePropertyValidator.validate.timer" : {
      "count" : 590608,
      "max" : 0.001325891,
      "mean" : 2.6899146220243185E-6,
      "min" : 5.000000000000001E-7,
      "p50" : 1.1E-6,
      "p75" : 1.4000000000000001E-6,
      "p95" : 2.4000000000000003E-6,
      "p98" : 2.8000000000000003E-6,
      "p99" : 3.1000000000000004E-6,
      "p999" : 0.001325891,
      "stddev" : 4.188951628499472E-5,
      "m15_rate" : 121.35203657395459,
      "m1_rate" : 120.7157490393536,
      "m5_rate" : 121.60887244994912,
      "mean_rate" : 121.58593897840612,
      "duration_units" : "seconds",
      "rate_units" : "calls/second"
    },
    "eu.domibus.core.replication.UIMessageDaoImpl.deleteMessages.deleteUIMessagesByMessageIds.timer" : {
      "count" : 240,
      "max" : 0.021387842,
      "mean" : 0.0029823240483465995,
      "min" : 0.0017442870000000002,
      "p50" : 0.002600082,
      "p75" : 0.0033390760000000003,
      "p95" : 0.004623468,
      "p98" : 0.005409663,
      "p99" : 0.00862454,
      "p999" : 0.00862454,
      "stddev" : 0.0011493858773045306,
      "m15_rate" : 0.08627027482714175,
      "m1_rate" : 2.8968056587614932E-5,
      "m5_rate" : 0.017977795758812375,
      "mean_rate" : 0.06200852149515673,
      "duration_units" : "seconds",
      "rate_units" : "calls/second"
    },
    "eu.domibus.core.util.SoapUtil.logMessage.timer" : {
      "count" : 295376,
      "max" : 1.84E-5,
      "mean" : 8.254550874806585E-7,
      "min" : 3.0000000000000004E-7,
      "p50" : 7.000000000000001E-7,
      "p75" : 8.000000000000001E-7,
      "p95" : 1.3E-6,
      "p98" : 1.5E-6,
      "p99" : 1.8000000000000001E-6,
      "p999" : 1.84E-5,
      "stddev" : 1.1275205377687576E-6,
      "m15_rate" : 60.56716465767664,
      "m1_rate" : 60.305767620723344,
      "m5_rate" : 60.51724803373414,
      "mean_rate" : 60.80774808990349,
      "duration_units" : "seconds",
      "rate_units" : "calls/second"
    },
    "eu.domibus.plugin.jms.JMSPluginImpl.deliverMessage.timer" : {
      "count" : 295272,
      "max" : 0.569161126,
      "mean" : 0.13766282453599357,
      "min" : 0.009230734,
      "p50" : 0.12211472500000001,
      "p75" : 0.16491332,
      "p95" : 0.26374901100000003,
      "p98" : 0.313444659,
      "p99" : 0.36368389900000003,
      "p999" : 0.569161126,
      "stddev" : 0.07010261532838852,
      "m15_rate" : 60.82160110684407,
      "m1_rate" : 60.64425016468166,
      "m5_rate" : 61.15914840963091,
      "mean_rate" : 60.79369357096452,
      "duration_units" : "seconds",
      "rate_units" : "calls/second"
    },
    "eu.domibus.plugin.jms.JMSPluginImpl.receiveMessage.timer" : {
      "count" : 295214,
      "max" : 0.7823708,
      "mean" : 0.22565901581743236,
      "min" : 0.011668916000000001,
      "p50" : 0.21785524,
      "p75" : 0.26999996800000003,
      "p95" : 0.392984785,
      "p98" : 0.43760996700000004,
      "p99" : 0.6657321350000001,
      "p999" : 0.7823708,
      "stddev" : 0.10502234468673419,
      "m15_rate" : 60.833088088053046,
      "m1_rate" : 60.81170656058191,
      "m5_rate" : 61.17201767137264,
      "mean_rate" : 61.234848592030154,
      "duration_units" : "seconds",
      "rate_units" : "calls/second"
    }
  }
}