{
  "version" : "4.0.0",
  "gauges" : { },
  "counters" : {
    "eu.domibus.core.ebms3.receiver.MSHWebservice.incoming_user_message.counter" : {
      "count" : 30
    },
    "eu.domibus.core.ebms3.receiver.handler.AbstractIncomingMessageHandler.processMessage.counter" : {
      "count" : 30
    },
    "eu.domibus.core.ebms3.receiver.handler.IncomingUserMessageHandler.around_handleNewUserMessage.counter.counter" : {
      "count" : 60
    },
    "eu.domibus.core.ebms3.sender.AbstractUserMessageSender.outgoing_user_message.counter" : {
      "count" : 0
    },
    "eu.domibus.core.ebms3.sender.MessageSenderListener.onMessage.counter" : {
      "count" : 0
    },
    "eu.domibus.core.ebms3.sender.MessageSenderService.sendUserMessage.counter" : {
      "count" : 0
    },
    "eu.domibus.core.ebms3.sender.client.MSHDispatcher.dispatch.counter" : {
      "count" : 0
    },
    "eu.domibus.core.error.ErrorLogDao.deleteMessages.deleteErrorLogsByMessageIdInError.counter" : {
      "count" : 0
    },
    "eu.domibus.core.message.MessageInfoDao.deleteMessages.counter" : {
      "count" : 0
    },
    "eu.domibus.core.message.MessageInfoDao.findSignalMessageIds.counter" : {
      "count" : 0
    },
    "eu.domibus.core.message.MessagingServiceImpl.storeMessage.counter" : {
      "count" : 0
    },
    "eu.domibus.core.message.UserMessageHandlerServiceImpl.handleNewUserMessage.counter" : {
      "count" : 21
    },
    "eu.domibus.core.message.UserMessageLogDao.deleteMessages.deleteMessageLogs.counter" : {
      "count" : 0
    },
    "eu.domibus.core.message.acknowledge.MessageAcknowledgementDao.deleteMessages.deleteMessageAcknowledgementsByMessageIds.counter" : {
      "count" : 0
    },
    "eu.domibus.core.message.attempt.MessageAttemptDao.deleteMessages.deleteAttemptsByMessageIds.counter" : {
      "count" : 0
    },
    "eu.domibus.core.message.pull.IncomingPullRequestHandler.incoming_pull_request.counter" : {
      "count" : 0
    },
    "eu.domibus.core.message.receipt.AS4ReceiptServiceImpl.generateReceipt.counter" : {
      "count" : 10
    },
    "eu.domibus.core.message.retention.MessageRetentionDefaultService.schedule_deleteExpiredMessages.counter" : {
      "count" : 0
    },
    "eu.domibus.core.message.retention.RetentionListener.onMessage.deleteMessages.counter" : {
      "count" : 0
    },
    "eu.domibus.core.message.signal.SignalMessageDao.deleteMessages.deleteReceipts.counter" : {
      "count" : 0
    },
    "eu.domibus.core.message.signal.SignalMessageLogDao.deleteMessages.deleteMessageLogs.counter" : {
      "count" : 0
    },
    "eu.domibus.core.plugin.handler.DatabaseMessageHandler.submit.counter" : {
      "count" : 21
    },
    "eu.domibus.core.plugin.notification.BackendNotificationService.notifyMessageReceived.counter" : {
      "count" : 11
    },
    "eu.domibus.core.plugin.notification.PluginAsyncNotificationListener.onMessage.counter" : {
      "count" : 2
    },
    "eu.domibus.core.pmode.validation.validators.MessagePropertyValidator.validate.counter" : {
      "count" : 0
    },
    "eu.domibus.core.replication.UIMessageDaoImpl.deleteMessages.deleteUIMessagesByMessageIds.counter" : {
      "count" : 0
    },
    "eu.domibus.core.util.SoapUtil.SoapUtil.counter" : {
      "count" : 0
    },
    "eu.domibus.plugin.jms.JMSPluginImpl.deliverMessage.counter" : {
      "count" : 2
    },
    "eu.domibus.plugin.jms.JMSPluginImpl.receiveMessage.counter" : {
      "count" : 24
    }
  },
  "histograms" : { },
  "meters" : { },
  "timers" : {
    "eu.domibus.core.ebms3.receiver.MSHWebservice.incoming_user_message.timer" : {
      "count" : 296915,
      "max" : 1.206686862,
      "mean" : 0.45726978389042977,
      "min" : 0.133544283,
      "p50" : 0.44715405900000005,
      "p75" : 0.512105504,
      "p95" : 0.63769379,
      "p98" : 0.8142000660000001,
      "p99" : 0.967288349,
      "p999" : 1.206686862,
      "stddev" : 0.1216519301642457,
      "m15_rate" : 62.11938789772469,
      "m1_rate" : 62.4635921687199,
      "m5_rate" : 62.71815292752624,
      "mean_rate" : 51.79238452721607,
      "duration_units" : "seconds",
      "rate_units" : "calls/second"
    },
    "eu.domibus.core.ebms3.receiver.handler.AbstractIncomingMessageHandler.processMessage.timer" : {
      "count" : 296907,
      "max" : 1.082417859,
      "mean" : 0.4686768098393514,
      "min" : 0.14831657,
      "p50" : 0.460944444,
      "p75" : 0.522569803,
      "p95" : 0.641897903,
      "p98" : 0.8219915600000001,
      "p99" : 0.9354850720000001,
      "p999" : 1.082417859,
      "stddev" : 0.11943442161050125,
      "m15_rate" : 62.12919742391192,
      "m1_rate" : 62.48295984298801,
      "m5_rate" : 62.717586820162865,
      "mean_rate" : 61.12545257824961,
      "duration_units" : "seconds",
      "rate_units" : "calls/second"
    },
    "eu.domibus.core.ebms3.receiver.handler.IncomingUserMessageHandler.around_handleNewUserMessage.timer.timer" : {
      "count" : 296877,
      "max" : 1.198484468,
      "mean" : 0.4660947524185474,
      "min" : 0.120803092,
      "p50" : 0.454629045,
      "p75" : 0.518615601,
      "p95" : 0.639740905,
      "p98" : 0.934662073,
      "p99" : 1.0732721650000001,
      "p999" : 1.198484468,
      "stddev" : 0.1314207864983427,
      "m15_rate" : 62.127061483242095,
      "m1_rate" : 62.46671876387543,
      "m5_rate" : 62.71758665256731,
      "mean_rate" : 61.119531454735025,
      "duration_units" : "seconds",
      "rate_units" : "calls/second"
    },
    "eu.domibus.core.ebms3.sender.AbstractUserMessageSender.outgoing_user_message.timer" : {
      "count" : 296863,
      "max" : 0.22985901500000003,
      "mean" : 0.061498882018902946,
      "min" : 0.040241268000000004,
      "p50" : 0.057475054000000005,
      "p75" : 0.06394955100000001,
      "p95" : 0.08514273500000001,
      "p98" : 0.135845496,
      "p99" : 0.169638371,
      "p999" : 0.209410131,
      "stddev" : 0.019680907226873903,
      "m15_rate" : 62.150129797221354,
      "m1_rate" : 60.11743884427067,
      "m5_rate" : 62.429611944408386,
      "mean_rate" : 61.5757688568328,
      "duration_units" : "seconds",
      "rate_units" : "calls/second"
    },
    "eu.domibus.core.ebms3.sender.MessageSenderListener.onMessage.timer" : {
      "count" : 296863,
      "max" : 0.37022501500000005,
      "mean" : 0.08891198455978815,
      "min" : 0.046642760000000005,
      "p50" : 0.06894114400000001,
      "p75" : 0.101038322,
      "p95" : 0.18073345700000001,
      "p98" : 0.245357711,
      "p99" : 0.30214896900000004,
      "p999" : 0.37022501500000005,
      "stddev" : 0.04774165970801332,
      "m15_rate" : 62.14539155006839,
      "m1_rate" : 60.05530244904121,
      "m5_rate" : 62.41515932466867,
      "mean_rate" : 61.57475065245083,
      "duration_units" : "seconds",
      "rate_units" : "calls/second"
    },
    "eu.domibus.core.ebms3.sender.MessageSenderService.sendUserMessage.timer" : {
      "count" : 296863,
      "max" : 0.42873667400000004,
      "mean" : 0.09306394496907937,
      "min" : 0.04702046,
      "p50" : 0.07113844500000001,
      "p75" : 0.10639121900000001,
      "p95" : 0.185876959,
      "p98" : 0.263676299,
      "p99" : 0.307784164,
      "p999" : 0.42873667400000004,
      "stddev" : 0.052544959882941805,
      "m15_rate" : 62.15141932970314,
      "m1_rate" : 60.14968750723731,
      "m5_rate" : 62.43350793156296,
      "mean_rate" : 61.57506610508073,
      "duration_units" : "seconds",
      "rate_units" : "calls/second"
    },
    "eu.domibus.core.ebms3.sender.client.MSHDispatcher.dispatch.timer" : {
      "count" : 296863,
      "max" : 0.346261819,
      "mean" : 0.05132729683147322,
      "min" : 0.03417047,
      "p50" : 0.047812062,
      "p75" : 0.053396359000000004,
      "p95" : 0.069328147,
      "p98" : 0.09543272800000001,
      "p99" : 0.15893267700000002,
      "p999" : 0.297712973,
      "stddev" : 0.020442998413133972,
      "m15_rate" : 62.14742504386622,
      "m1_rate" : 60.09875999601597,
      "m5_rate" : 62.422321763928664,
      "mean_rate" : 61.576156057970884,
      "duration_units" : "seconds",
      "rate_units" : "calls/second"
    },
    "eu.domibus.core.error.ErrorLogDao.deleteMessages.deleteErrorLogsByMessageIdInError.timer" : {
      "count" : 127,
      "max" : 0.033840284000000005,
      "mean" : 0.0031951709257587286,
      "min" : 0.0021967,
      "p50" : 0.0033158970000000004,
      "p75" : 0.0035671970000000002,
      "p95" : 0.004059097,
      "p98" : 0.004074398,
      "p99" : 0.004235796,
      "p999" : 0.004235796,
      "stddev" : 5.231261298623725E-4,
      "m15_rate" : 0.057760964781567815,
      "m1_rate" : 0.049786216625806505,
      "m5_rate" : 0.06654540494896584,
      "mean_rate" : 0.03043961696346724,
      "duration_units" : "seconds",
      "rate_units" : "calls/second"
    },
    "eu.domibus.core.message.MessageInfoDao.deleteMessages.timer" : {
      "count" : 254,
      "max" : 3.677401197,
      "mean" : 0.7739691836040176,
      "min" : 0.036752078,
      "p50" : 0.45950472400000003,
      "p75" : 1.218012802,
      "p95" : 1.4584497090000001,
      "p98" : 1.505299497,
      "p99" : 1.517693806,
      "p999" : 1.8163894340000002,
      "stddev" : 0.5092953254003894,
      "m15_rate" : 0.11555156744700895,
      "m1_rate" : 0.10029428304578673,
      "m5_rate" : 0.13329436428732633,
      "mean_rate" : 0.06086706240787777,
      "duration_units" : "seconds",
      "rate_units" : "calls/second"
    },
    "eu.domibus.core.message.MessageInfoDao.findSignalMessageIds.timer" : {
      "count" : 127,
      "max" : 0.656096059,
      "mean" : 0.17563752850636308,
      "min" : 0.023439886,
      "p50" : 0.17982325300000002,
      "p75" : 0.247077598,
      "p95" : 0.257624589,
      "p98" : 0.257624589,
      "p99" : 0.280826997,
      "p999" : 0.656096059,
      "stddev" : 0.07343549065291125,
      "m15_rate" : 0.057727325446485483,
      "m1_rate" : 0.049262793429323534,
      "m5_rate" : 0.06641074013681153,
      "mean_rate" : 0.030431458491468708,
      "duration_units" : "seconds",
      "rate_units" : "calls/second"
    },
    "eu.domibus.core.message.MessagingServiceImpl.storeMessage.timer" : {
      "count" : 593846,
      "max" : 0.34716493000000004,
      "mean" : 0.00884066934233568,
      "min" : 0.0030107970000000004,
      "p50" : 0.0056112950000000005,
      "p75" : 0.007895894,
      "p95" : 0.015027388000000001,
      "p98" : 0.024705881000000002,
      "p99" : 0.112365114,
      "p999" : 0.34716493000000004,
      "stddev" : 0.017736089723032537,
      "m15_rate" : 124.25947237658976,
      "m1_rate" : 122.35911384719044,
      "m5_rate" : 125.11754831925275,
      "mean_rate" : 122.25842990751454,
      "duration_units" : "seconds",
      "rate_units" : "calls/second"
    },
    "eu.domibus.core.message.UserMessageHandlerServiceImpl.handleNewUserMessage.timer" : {
      "count" : 296916,
      "max" : 0.5269876,
      "mean" : 0.13851621672152808,
      "min" : 0.024077379000000003,
      "p50" : 0.133418694,
      "p75" : 0.164694171,
      "p95" : 0.254300006,
      "p98" : 0.305584167,
      "p99" : 0.350372934,
      "p999" : 0.5269876,
      "stddev" : 0.06277622839531408,
      "m15_rate" : 62.13590014057244,
      "m1_rate" : 62.54718024511126,
      "m5_rate" : 62.737217953119675,
      "mean_rate" : 61.12754137285662,
      "duration_units" : "seconds",
      "rate_units" : "calls/second"
    },
    "eu.domibus.core.message.UserMessageLogDao.deleteMessages.deleteMessageLogs.timer" : {
      "count" : 127,
      "max" : 5.7534777120000005,
      "mean" : 0.06779722230353326,
      "min" : 0.01622689,
      "p50" : 0.066397439,
      "p75" : 0.072711337,
      "p95" : 0.083103732,
      "p98" : 0.10826790600000001,
      "p99" : 0.10826790600000001,
      "p999" : 0.10826790600000001,
      "stddev" : 0.01087450134711026,
      "m15_rate" : 0.057760964781567815,
      "m1_rate" : 0.049786216625806505,
      "m5_rate" : 0.06654540494896584,
      "mean_rate" : 0.030439206825467503,
      "duration_units" : "seconds",
      "rate_units" : "calls/second"
    },
    "eu.domibus.core.message.acknowledge.MessageAcknowledgementDao.deleteMessages.deleteMessageAcknowledgementsByMessageIds.timer" : {
      "count" : 127,
      "max" : 0.09631374200000001,
      "mean" : 0.002961437685926843,
      "min" : 0.0018722010000000002,
      "p50" : 0.0028377980000000003,
      "p75" : 0.003411397,
      "p95" : 0.004209696000000001,
      "p98" : 0.005659095,
      "p99" : 0.005659095,
      "p999" : 0.005659095,
      "stddev" : 7.649362350142743E-4,
      "m15_rate" : 0.057755348234516925,
      "m1_rate" : 0.04944918682723467,
      "m5_rate" : 0.06650355572155522,
      "mean_rate" : 0.03043987144907091,
      "duration_units" : "seconds",
      "rate_units" : "calls/second"
    },
    "eu.domibus.core.message.attempt.MessageAttemptDao.deleteMessages.deleteAttemptsByMessageIds.timer" : {
      "count" : 127,
      "max" : 0.011950792,
      "mean" : 0.0029871391101279825,
      "min" : 0.002119298,
      "p50" : 0.0030016970000000002,
      "p75" : 0.003601897,
      "p95" : 0.004087896000000001,
      "p98" : 0.0041712960000000006,
      "p99" : 0.0041712960000000006,
      "p999" : 0.007929397000000001,
      "stddev" : 7.359075201183134E-4,
      "m15_rate" : 0.057760964781567815,
      "m1_rate" : 0.049786216625806505,
      "m5_rate" : 0.06654540494896584,
      "mean_rate" : 0.03043952215015309,
      "duration_units" : "seconds",
      "rate_units" : "calls/second"
    },
    "eu.domibus.core.message.pull.IncomingPullRequestHandler.incoming_pull_request.timer" : {
      "count" : 8,
      "max" : 0.42838590000000004,
      "mean" : 0.0656841031432932,
      "min" : 0.009123302,
      "p50" : 0.010902902,
      "p75" : 0.011355402,
      "p95" : 0.238127149,
      "p98" : 0.238127149,
      "p99" : 0.238127149,
      "p999" : 0.238127149,
      "stddev" : 0.09759101659360121,
      "m15_rate" : 0.0017999741969841607,
      "m1_rate" : 2.658740146796424E-17,
      "m5_rate" : 1.109771261224478E-5,
      "mean_rate" : 0.0013954809437413884,
      "duration_units" : "seconds",
      "rate_units" : "calls/second"
    },
    "eu.domibus.core.message.receipt.AS4ReceiptServiceImpl.generateReceipt.timer" : {
      "count" : 296913,
      "max" : 0.130411201,
      "mean" : 0.030509075221986932,
      "min" : 0.016598487000000002,
      "p50" : 0.026242980000000003,
      "p75" : 0.033472074000000004,
      "p95" : 0.054485659000000006,
      "p98" : 0.101131622,
      "p99" : 0.114603113,
      "p999" : 0.130411201,
      "stddev" : 0.015426276040011861,
      "m15_rate" : 62.131914365137675,
      "m1_rate" : 62.50841649071481,
      "m5_rate" : 62.72641769376021,
      "mean_rate" : 61.128836530017146,
      "duration_units" : "seconds",
      "rate_units" : "calls/second"
    },
    "eu.domibus.core.message.retention.MessageRetentionDefaultService.schedule_deleteExpiredMessages.timer" : {
      "count" : 20,
      "max" : 10.202125951000001,
      "mean" : 8.641184587181892,
      "min" : 0.225089898,
      "p50" : 9.593632439,
      "p75" : 9.593632439,
      "p95" : 9.593632439,
      "p98" : 10.202125951000001,
      "p99" : 10.202125951000001,
      "p999" : 10.202125951000001,
      "stddev" : 1.4503058075122792,
      "m15_rate" : 0.006075617830334174,
      "m1_rate" : 0.006564732771662865,
      "m5_rate" : 0.008432886124067101,
      "mean_rate" : 0.0037209819226030933,
      "duration_units" : "seconds",
      "rate_units" : "calls/second"
    },
    "eu.domibus.core.message.retention.RetentionListener.onMessage.deleteMessages.timer" : {
      "count" : 127,
      "max" : 7.329803948,
      "mean" : 2.1646752485467644,
      "min" : 0.354285887,
      "p50" : 2.228627178,
      "p75" : 2.253771758,
      "p95" : 2.4123679250000003,
      "p98" : 2.4416332880000002,
      "p99" : 2.4819501240000004,
      "p999" : 2.4819501240000004,
      "stddev" : 0.18155060564210304,
      "m15_rate" : 0.05781791800171156,
      "m1_rate" : 0.050845117190510554,
      "m5_rate" : 0.06680581309108753,
      "mean_rate" : 0.03043109828610872,
      "duration_units" : "seconds",
      "rate_units" : "calls/second"
    },
    "eu.domibus.core.message.signal.SignalMessageDao.deleteMessages.deleteReceipts.timer" : {
      "count" : 127,
      "max" : 2.067616572,
      "mean" : 0.21294807603693516,
      "min" : 0.024995185000000003,
      "p50" : 0.209935228,
      "p75" : 0.23939110400000002,
      "p95" : 0.252881693,
      "p98" : 0.309881732,
      "p99" : 0.309881732,
      "p999" : 0.309881732,
      "stddev" : 0.030171771750572864,
      "m15_rate" : 0.0577523004433111,
      "m1_rate" : 0.04944918682723467,
      "m5_rate" : 0.06650348884946039,
      "mean_rate" : 0.030438885017256057,
      "duration_units" : "seconds",
      "rate_units" : "calls/second"
    },
    "eu.domibus.core.message.signal.SignalMessageLogDao.deleteMessages.deleteMessageLogs.timer" : {
      "count" : 127,
      "max" : 0.097585853,
      "mean" : 0.05842052973311112,
      "min" : 0.007286096000000001,
      "p50" : 0.05769275200000001,
      "p75" : 0.060313251000000005,
      "p95" : 0.07578683,
      "p98" : 0.090678222,
      "p99" : 0.090678222,
      "p999" : 0.090678222,
      "stddev" : 0.010573634547501997,
      "m15_rate" : 0.057760964781567815,
      "m1_rate" : 0.049786216625806505,
      "m5_rate" : 0.06654540494896584,
      "mean_rate" : 0.030439376761283096,
      "duration_units" : "seconds",
      "rate_units" : "calls/second"
    },
    "eu.domibus.core.plugin.handler.DatabaseMessageHandler.submit.timer" : {
      "count" : 296893,
      "max" : 0.461340442,
      "mean" : 0.12279245339510517,
      "min" : 0.009606092,
      "p50" : 0.105352519,
      "p75" : 0.148408487,
      "p95" : 0.241380913,
      "p98" : 0.27640567800000004,
      "p99" : 0.314346248,
      "p999" : 0.461340442,
      "stddev" : 0.062455363189296904,
      "m15_rate" : 62.14507368420834,
      "m1_rate" : 60.01482373620385,
      "m5_rate" : 62.410358307261866,
      "mean_rate" : 61.578517181114336,
      "duration_units" : "seconds",
      "rate_units" : "calls/second"
    },
    "eu.domibus.core.plugin.notification.BackendNotificationService.notifyMessageReceived.timer" : {
      "count" : 296923,
      "max" : 0.312158458,
      "mean" : 0.08921358964960216,
      "min" : 4.046E-4,
      "p50" : 0.086227333,
      "p75" : 0.11359691000000001,
      "p95" : 0.18660135800000002,
      "p98" : 0.219392533,
      "p99" : 0.257056803,
      "p999" : 0.312158458,
      "stddev" : 0.05204384040696752,
      "m15_rate" : 62.13490078701153,
      "m1_rate" : 62.54700424370535,
      "m5_rate" : 62.734617398365366,
      "mean_rate" : 61.12991908317093,
      "duration_units" : "seconds",
      "rate_units" : "calls/second"
    },
    "eu.domibus.core.plugin.notification.PluginAsyncNotificationListener.onMessage.timer" : {
      "count" : 296959,
      "max" : 0.446727452,
      "mean" : 0.13512208538047968,
      "min" : 0.009737891,
      "p50" : 0.12211630500000001,
      "p75" : 0.162690269,
      "p95" : 0.24918930400000003,
      "p98" : 0.28881897500000003,
      "p99" : 0.30803735000000004,
      "p999" : 0.446727452,
      "stddev" : 0.058327700688896096,
      "m15_rate" : 62.15551992039519,
      "m1_rate" : 60.04653564654875,
      "m5_rate" : 62.43628697297094,
      "mean_rate" : 61.14225179086169,
      "duration_units" : "seconds",
      "rate_units" : "calls/second"
    },
    "eu.domibus.core.pmode.validation.validators.MessagePropertyValidator.validate.timer" : {
      "count" : 593846,
      "max" : 2.39E-5,
      "mean" : 1.365892245795328E-6,
      "min" : 5.000000000000001E-7,
      "p50" : 1.1E-6,
      "p75" : 1.4000000000000001E-6,
      "p95" : 2.3E-6,
      "p98" : 2.6E-6,
      "p99" : 2.8000000000000003E-6,
      "p999" : 2.01E-5,
      "stddev" : 1.482518272819626E-6,
      "m15_rate" : 124.26014917792742,
      "m1_rate" : 122.37569032257902,
      "m5_rate" : 125.11989182760583,
      "mean_rate" : 122.25807537875485,
      "duration_units" : "seconds",
      "rate_units" : "calls/second"
    },
    "eu.domibus.core.replication.UIMessageDaoImpl.deleteMessages.deleteUIMessagesByMessageIds.timer" : {
      "count" : 254,
      "max" : 0.014376792000000001,
      "mean" : 0.0028544558882494563,
      "min" : 7.569E-4,
      "p50" : 0.002368598,
      "p75" : 0.003032697,
      "p95" : 0.003549697,
      "p98" : 0.013717088,
      "p99" : 0.013717088,
      "p999" : 0.014046687,
      "stddev" : 0.0017374351510642937,
      "m15_rate" : 0.11551069646903385,
      "m1_rate" : 0.09889837365446934,
      "m5_rate" : 0.13300711144311045,
      "mean_rate" : 0.06087948430169981,
      "duration_units" : "seconds",
      "rate_units" : "calls/second"
    },
    "eu.domibus.core.util.SoapUtil.logMessage.timer" : {
      "count" : 296934,
      "max" : 1.84E-5,
      "mean" : 7.343640150429052E-7,
      "min" : 2.0000000000000002E-7,
      "p50" : 7.000000000000001E-7,
      "p75" : 7.000000000000001E-7,
      "p95" : 1.1E-6,
      "p98" : 1.4000000000000001E-6,
      "p99" : 1.5E-6,
      "p999" : 1.79E-5,
      "stddev" : 7.84546125512596E-7,
      "m15_rate" : 62.134527852171786,
      "m1_rate" : 62.526579032827264,
      "m5_rate" : 62.73301660831462,
      "mean_rate" : 61.13126899761044,
      "duration_units" : "seconds",
      "rate_units" : "calls/second"
    },
    "eu.domibus.plugin.jms.JMSPluginImpl.deliverMessage.timer" : {
      "count" : 296959,
      "max" : 0.48680080200000003,
      "mean" : 0.13492241525777451,
      "min" : 0.009024592000000001,
      "p50" : 0.12140880500000001,
      "p75" : 0.167360171,
      "p95" : 0.249144207,
      "p98" : 0.28963417,
      "p99" : 0.31698015300000004,
      "p999" : 0.386297999,
      "stddev" : 0.0593415537235628,
      "m15_rate" : 62.15911803881788,
      "m1_rate" : 60.089540151398964,
      "m5_rate" : 62.44721521635383,
      "mean_rate" : 61.142403512102874,
      "duration_units" : "seconds",
      "rate_units" : "calls/second"
    },
    "eu.domibus.plugin.jms.JMSPluginImpl.receiveMessage.timer" : {
      "count" : 296890,
      "max" : 0.7352079290000001,
      "mean" : 0.22474273488323612,
      "min" : 0.010673891000000001,
      "p50" : 0.21296473800000001,
      "p75" : 0.26728239600000003,
      "p95" : 0.369999418,
      "p98" : 0.44556905700000005,
      "p99" : 0.590918442,
      "p999" : 0.7352079290000001,
      "stddev" : 0.0893948764275337,
      "m15_rate" : 62.14275248160779,
      "m1_rate" : 59.977064881620365,
      "m5_rate" : 62.405099899627814,
      "mean_rate" : 61.577789232904586,
      "duration_units" : "seconds",
      "rate_units" : "calls/second"
    }
  }
}