{
  "version" : "4.0.0",
  "gauges" : { },
  "counters" : {
    "eu.domibus.core.ebms3.receiver.MSHWebservice.incoming_user_message.counter" : {
      "count" : 30
    },
    "eu.domibus.core.ebms3.receiver.handler.AbstractIncomingMessageHandler.processMessage.counter" : {
      "count" : 30
    },
    "eu.domibus.core.ebms3.receiver.handler.IncomingUserMessageHandler.around_handleNewUserMessage.counter.counter" : {
      "count" : 60
    },
    "eu.domibus.core.ebms3.sender.AbstractUserMessageSender.outgoing_user_message.counter" : {
      "count" : 1
    },
    "eu.domibus.core.ebms3.sender.MessageSenderListener.onMessage.counter" : {
      "count" : 1
    },
    "eu.domibus.core.ebms3.sender.MessageSenderService.sendUserMessage.counter" : {
      "count" : 1
    },
    "eu.domibus.core.ebms3.sender.client.MSHDispatcher.dispatch.counter" : {
      "count" : 1
    },
    "eu.domibus.core.error.ErrorLogDao.deleteMessages.deleteErrorLogsByMessageIdInError.counter" : {
      "count" : 0
    },
    "eu.domibus.core.message.MessageInfoDao.deleteMessages.counter" : {
      "count" : 0
    },
    "eu.domibus.core.message.MessageInfoDao.findSignalMessageIds.counter" : {
      "count" : 0
    },
    "eu.domibus.core.message.MessagingServiceImpl.storeMessage.counter" : {
      "count" : 0
    },
    "eu.domibus.core.message.UserMessageHandlerServiceImpl.handleNewUserMessage.counter" : {
      "count" : 10
    },
    "eu.domibus.core.message.UserMessageLogDao.deleteMessages.deleteMessageLogs.counter" : {
      "count" : 0
    },
    "eu.domibus.core.message.acknowledge.MessageAcknowledgementDao.deleteMessages.deleteMessageAcknowledgementsByMessageIds.counter" : {
      "count" : 0
    },
    "eu.domibus.core.message.attempt.MessageAttemptDao.deleteMessages.deleteAttemptsByMessageIds.counter" : {
      "count" : 0
    },
    "eu.domibus.core.message.pull.IncomingPullRequestHandler.incoming_pull_request.counter" : {
      "count" : 0
    },
    "eu.domibus.core.message.receipt.AS4ReceiptServiceImpl.generateReceipt.counter" : {
      "count" : 1
    },
    "eu.domibus.core.message.retention.MessageRetentionDefaultService.schedule_deleteExpiredMessages.counter" : {
      "count" : 0
    },
    "eu.domibus.core.message.retention.RetentionListener.onMessage.deleteMessages.counter" : {
      "count" : 0
    },
    "eu.domibus.core.message.signal.SignalMessageDao.deleteMessages.deleteReceipts.counter" : {
      "count" : 0
    },
    "eu.domibus.core.message.signal.SignalMessageLogDao.deleteMessages.deleteMessageLogs.counter" : {
      "count" : 0
    },
    "eu.domibus.core.plugin.handler.DatabaseMessageHandler.submit.counter" : {
      "count" : 9
    },
    "eu.domibus.core.plugin.notification.BackendNotificationService.notifyMessageReceived.counter" : {
      "count" : 9
    },
    "eu.domibus.core.plugin.notification.PluginAsyncNotificationListener.onMessage.counter" : {
      "count" : 8
    },
    "eu.domibus.core.pmode.validation.validators.MessagePropertyValidator.validate.counter" : {
      "count" : 0
    },
    "eu.domibus.core.replication.UIMessageDaoImpl.deleteMessages.deleteUIMessagesByMessageIds.counter" : {
      "count" : 0
    },
    "eu.domibus.core.util.SoapUtil.SoapUtil.counter" : {
      "count" : 0
    },
    "eu.domibus.plugin.jms.JMSPluginImpl.deliverMessage.counter" : {
      "count" : 8
    },
    "eu.domibus.plugin.jms.JMSPluginImpl.receiveMessage.counter" : {
      "count" : 28
    }
  },
  "histograms" : { },
  "meters" : { },
  "timers" : {
    "eu.domibus.core.ebms3.receiver.MSHWebservice.incoming_user_message.timer" : {
      "count" : 285253,
      "max" : 1.106642422,
      "mean" : 0.455290921246433,
      "min" : 0.14690820100000002,
      "p50" : 0.44701122200000004,
      "p75" : 0.49912183000000004,
      "p95" : 0.679574187,
      "p98" : 0.8384822620000001,
      "p99" : 0.941154891,
      "p999" : 1.106642422,
      "stddev" : 0.12738817016120757,
      "m15_rate" : 60.089411786531116,
      "m1_rate" : 61.040457818004256,
      "m5_rate" : 60.57945848591052,
      "mean_rate" : 49.758646311917445,
      "duration_units" : "seconds",
      "rate_units" : "calls/second"
    },
    "eu.domibus.core.ebms3.receiver.handler.AbstractIncomingMessageHandler.processMessage.timer" : {
      "count" : 285245,
      "max" : 1.083175221,
      "mean" : 0.45711747946601955,
      "min" : 0.12783043300000002,
      "p50" : 0.44829847,
      "p75" : 0.503907069,
      "p95" : 0.666274227,
      "p98" : 0.8155836110000001,
      "p99" : 0.967883,
      "p999" : 1.083175221,
      "stddev" : 0.12569932826783187,
      "m15_rate" : 60.09662782658361,
      "m1_rate" : 61.00989420947641,
      "m5_rate" : 60.57489886816159,
      "mean_rate" : 58.72166152556516,
      "duration_units" : "seconds",
      "rate_units" : "calls/second"
    },
    "eu.domibus.core.ebms3.receiver.handler.IncomingUserMessageHandler.around_handleNewUserMessage.timer.timer" : {
      "count" : 285215,
      "max" : 1.082364045,
      "mean" : 0.4515705003849184,
      "min" : 0.13964984600000002,
      "p50" : 0.43942350500000005,
      "p75" : 0.501060699,
      "p95" : 0.642861401,
      "p98" : 0.8050941290000001,
      "p99" : 0.9305266010000001,
      "p999" : 1.082364045,
      "stddev" : 0.12225964663738713,
      "m15_rate" : 60.0927635730817,
      "m1_rate" : 60.99239658484408,
      "m5_rate" : 60.568825962417684,
      "mean_rate" : 58.715899350638615,
      "duration_units" : "seconds",
      "rate_units" : "calls/second"
    },
    "eu.domibus.core.ebms3.sender.AbstractUserMessageSender.outgoing_user_message.timer" : {
      "count" : 285235,
      "max" : 0.437801877,
      "mean" : 0.05744727491392926,
      "min" : 0.040580706,
      "p50" : 0.05488645,
      "p75" : 0.06085950700000001,
      "p95" : 0.072141965,
      "p98" : 0.08759842100000001,
      "p99" : 0.10572811500000001,
      "p999" : 0.22868394500000003,
      "stddev" : 0.014720305578983286,
      "m15_rate" : 60.13212617880067,
      "m1_rate" : 60.99524129676067,
      "m5_rate" : 60.575258414815586,
      "mean_rate" : 59.17472260911449,
      "duration_units" : "seconds",
      "rate_units" : "calls/second"
    },
    "eu.domibus.core.ebms3.sender.MessageSenderListener.onMessage.timer" : {
      "count" : 285235,
      "max" : 0.379961847,
      "mean" : 0.09348686631122906,
      "min" : 0.044248456000000005,
      "p50" : 0.067963586,
      "p75" : 0.1204892,
      "p95" : 0.191570275,
      "p98" : 0.237561088,
      "p99" : 0.309168005,
      "p999" : 0.379961847,
      "stddev" : 0.05220847936736344,
      "m15_rate" : 60.138547668501516,
      "m1_rate" : 61.10223859943869,
      "m5_rate" : 60.59532798005164,
      "mean_rate" : 59.17360940580944,
      "duration_units" : "seconds",
      "rate_units" : "calls/second"
    },
    "eu.domibus.core.ebms3.sender.MessageSenderService.sendUserMessage.timer" : {
      "count" : 285235,
      "max" : 0.363461397,
      "mean" : 0.090595273677419,
      "min" : 0.044373268,
      "p50" : 0.06873604800000001,
      "p75" : 0.114682454,
      "p95" : 0.173608789,
      "p98" : 0.202903033,
      "p99" : 0.236401767,
      "p999" : 0.363461397,
      "stddev" : 0.0458301545797691,
      "m15_rate" : 60.137435118024,
      "m1_rate" : 61.087287108508654,
      "m5_rate" : 60.592004018545154,
      "mean_rate" : 59.173803941024495,
      "duration_units" : "seconds",
      "rate_units" : "calls/second"
    },
    "eu.domibus.core.ebms3.sender.client.MSHDispatcher.dispatch.timer" : {
      "count" : 285235,
      "max" : 0.21511917700000002,
      "mean" : 0.05061700292118423,
      "min" : 0.033809972,
      "p50" : 0.046677582,
      "p75" : 0.05276405,
      "p95" : 0.068173605,
      "p98" : 0.10922857700000001,
      "p99" : 0.150592323,
      "p999" : 0.21511917700000002,
      "stddev" : 0.018820900235035968,
      "m15_rate" : 60.1282380551269,
      "m1_rate" : 60.92497455666097,
      "m5_rate" : 60.562778894648545,
      "mean_rate" : 59.175522144190985,
      "duration_units" : "seconds",
      "rate_units" : "calls/second"
    },
    "eu.domibus.core.error.ErrorLogDao.deleteMessages.deleteErrorLogsByMessageIdInError.timer" : {
      "count" : 145,
      "max" : 0.009879216000000001,
      "mean" : 0.00339701793301904,
      "min" : 0.002116796,
      "p50" : 0.003268407,
      "p75" : 0.003578636,
      "p95" : 0.004857656,
      "p98" : 0.004857656,
      "p99" : 0.004857656,
      "p999" : 0.004857656,
      "stddev" : 7.123085252100967E-4,
      "m15_rate" : 0.03407198122975751,
      "m1_rate" : 0.09012855249724458,
      "m5_rate" : 0.03629414703512417,
      "mean_rate" : 0.034255781408629726,
      "duration_units" : "seconds",
      "rate_units" : "calls/second"
    },
    "eu.domibus.core.message.MessageInfoDao.deleteMessages.timer" : {
      "count" : 290,
      "max" : 4.068851689000001,
      "mean" : 0.8341879963382701,
      "min" : 0.031121386,
      "p50" : 0.39432009300000004,
      "p75" : 1.0052354030000001,
      "p95" : 4.068851689000001,
      "p98" : 4.068851689000001,
      "p99" : 4.068851689000001,
      "p999" : 4.068851689000001,
      "stddev" : 0.959482064915124,
      "m15_rate" : 0.06811445533617416,
      "m1_rate" : 0.1775086775390475,
      "m5_rate" : 0.07242696154891774,
      "mean_rate" : 0.06850826809865743,
      "duration_units" : "seconds",
      "rate_units" : "calls/second"
    },
    "eu.domibus.core.message.MessageInfoDao.findSignalMessageIds.timer" : {
      "count" : 145,
      "max" : 0.39977460600000003,
      "mean" : 0.14187584781700371,
      "min" : 0.04497007,
      "p50" : 0.081073614,
      "p75" : 0.100504728,
      "p95" : 0.39977460600000003,
      "p98" : 0.39977460600000003,
      "p99" : 0.39977460600000003,
      "p999" : 0.39977460600000003,
      "stddev" : 0.11138029190787455,
      "m15_rate" : 0.03401522500002916,
      "m1_rate" : 0.08637981786517103,
      "m5_rate" : 0.03603535489074091,
      "mean_rate" : 0.03425364684683926,
      "duration_units" : "seconds",
      "rate_units" : "calls/second"
    },
    "eu.domibus.core.message.MessagingServiceImpl.storeMessage.timer" : {
      "count" : 570555,
      "max" : 0.13971543,
      "mean" : 0.006275457369298719,
      "min" : 0.0025274380000000003,
      "p50" : 0.004669038,
      "p75" : 0.005973760000000001,
      "p95" : 0.011052237000000001,
      "p98" : 0.014458156000000002,
      "p99" : 0.015806983,
      "p999" : 0.136993358,
      "stddev" : 0.00969233481982512,
      "m15_rate" : 120.19354177549783,
      "m1_rate" : 121.63484111868941,
      "m5_rate" : 121.08832966758804,
      "mean_rate" : 117.45789102374509,
      "duration_units" : "seconds",
      "rate_units" : "calls/second"
    },
    "eu.domibus.core.message.UserMessageHandlerServiceImpl.handleNewUserMessage.timer" : {
      "count" : 285265,
      "max" : 0.44831186,
      "mean" : 0.1302574295501576,
      "min" : 0.023383901000000002,
      "p50" : 0.12932352700000002,
      "p75" : 0.15840595400000002,
      "p95" : 0.237392866,
      "p98" : 0.290473237,
      "p99" : 0.325243326,
      "p999" : 0.44831186,
      "stddev" : 0.05820934598657553,
      "m15_rate" : 60.09976241420721,
      "m1_rate" : 61.02636205069321,
      "m5_rate" : 60.58258790331792,
      "mean_rate" : 58.726166255267366,
      "duration_units" : "seconds",
      "rate_units" : "calls/second"
    },
    "eu.domibus.core.message.UserMessageLogDao.deleteMessages.deleteMessageLogs.timer" : {
      "count" : 145,
      "max" : 0.22589054700000002,
      "mean" : 0.06834497119650515,
      "min" : 0.013553057,
      "p50" : 0.06417002100000001,
      "p75" : 0.094390254,
      "p95" : 0.09445896200000001,
      "p98" : 0.09445896200000001,
      "p99" : 0.09445896200000001,
      "p999" : 0.09445896200000001,
      "stddev" : 0.018662167327437012,
      "m15_rate" : 0.03407198122975751,
      "m1_rate" : 0.09012855249724458,
      "m5_rate" : 0.03629414703512417,
      "mean_rate" : 0.0342554166807132,
      "duration_units" : "seconds",
      "rate_units" : "calls/second"
    },
    "eu.domibus.core.message.acknowledge.MessageAcknowledgementDao.deleteMessages.deleteMessageAcknowledgementsByMessageIds.timer" : {
      "count" : 145,
      "max" : 0.011262844000000001,
      "mean" : 0.002757987649920896,
      "min" : 0.0017853650000000001,
      "p50" : 0.002814964,
      "p75" : 0.0028955720000000003,
      "p95" : 0.004117286,
      "p98" : 0.004117286,
      "p99" : 0.004117286,
      "p999" : 0.004117286,
      "stddev" : 7.107700758722833E-4,
      "m15_rate" : 0.03407198122975751,
      "m1_rate" : 0.09012855249724458,
      "m5_rate" : 0.03629414703512417,
      "mean_rate" : 0.03425593760630671,
      "duration_units" : "seconds",
      "rate_units" : "calls/second"
    },
    "eu.domibus.core.message.attempt.MessageAttemptDao.deleteMessages.deleteAttemptsByMessageIds.timer" : {
      "count" : 145,
      "max" : 0.009724302,
      "mean" : 0.003285495260478174,
      "min" : 0.002092094,
      "p50" : 0.003049786,
      "p75" : 0.0034271220000000003,
      "p95" : 0.005280295,
      "p98" : 0.005280295,
      "p99" : 0.005280295,
      "p999" : 0.005280295,
      "stddev" : 8.307470134202743E-4,
      "m15_rate" : 0.03407198122975751,
      "m1_rate" : 0.09012855249724458,
      "m5_rate" : 0.03629414703512417,
      "mean_rate" : 0.034255696075105764,
      "duration_units" : "seconds",
      "rate_units" : "calls/second"
    },
    "eu.domibus.core.message.pull.IncomingPullRequestHandler.incoming_pull_request.timer" : {
      "count" : 8,
      "max" : 0.5287768500000001,
      "mean" : 0.013826028,
      "min" : 0.01362466,
      "p50" : 0.014027396000000001,
      "p75" : 0.014027396000000001,
      "p95" : 0.014027396000000001,
      "p98" : 0.014027396000000001,
      "p99" : 0.014027396000000001,
      "p999" : 0.014027396000000001,
      "stddev" : 2.01368E-4,
      "m15_rate" : 0.002280786167433951,
      "m1_rate" : 1.2230795110053985E-17,
      "m5_rate" : 5.461299716366899E-6,
      "mean_rate" : 0.0013954950692479302,
      "duration_units" : "seconds",
      "rate_units" : "calls/second"
    },
    "eu.domibus.core.message.receipt.AS4ReceiptServiceImpl.generateReceipt.timer" : {
      "count" : 285254,
      "max" : 0.1844706,
      "mean" : 0.030221594585502068,
      "min" : 0.015142820000000001,
      "p50" : 0.023974150000000003,
      "p75" : 0.031596563,
      "p95" : 0.053420514,
      "p98" : 0.13413687800000001,
      "p99" : 0.178582247,
      "p999" : 0.1844706,
      "stddev" : 0.023515759789636867,
      "m15_rate" : 60.098738778658785,
      "m1_rate" : 60.99966486636952,
      "m5_rate" : 60.58006821276331,
      "mean_rate" : 58.72555901322868,
      "duration_units" : "seconds",
      "rate_units" : "calls/second"
    },
    "eu.domibus.core.message.retention.MessageRetentionDefaultService.schedule_deleteExpiredMessages.timer" : {
      "count" : 23,
      "max" : 10.347208436,
      "mean" : 10.339563420869078,
      "min" : 0.47981724000000003,
      "p50" : 10.347208436,
      "p75" : 10.347208436,
      "p95" : 10.347208436,
      "p98" : 10.347208436,
      "p99" : 10.347208436,
      "p999" : 10.347208436,
      "stddev" : 0.115346174388296,
      "m15_rate" : 0.004632337558050546,
      "m1_rate" : 0.01248233181115365,
      "m5_rate" : 0.004616194301334435,
      "mean_rate" : 0.004327433223023458,
      "duration_units" : "seconds",
      "rate_units" : "calls/second"
    },
    "eu.domibus.core.message.retention.RetentionListener.onMessage.deleteMessages.timer" : {
      "count" : 145,
      "max" : 6.701729759,
      "mean" : 2.541822478541944,
      "min" : 0.313984819,
      "p50" : 1.710701894,
      "p75" : 3.143875742,
      "p95" : 6.701729759,
      "p98" : 6.701729759,
      "p99" : 6.701729759,
      "p999" : 6.701729759,
      "stddev" : 1.738359463128423,
      "m15_rate" : 0.03408445926230178,
      "m1_rate" : 0.0901308275278584,
      "m5_rate" : 0.036318098373797736,
      "mean_rate" : 0.03425351504786235,
      "duration_units" : "seconds",
      "rate_units" : "calls/second"
    },
    "eu.domibus.core.message.signal.SignalMessageDao.deleteMessages.deleteReceipts.timer" : {
      "count" : 145,
      "max" : 2.1517271360000003,
      "mean" : 0.5115793208723274,
      "min" : 0.026139125000000003,
      "p50" : 0.18700254400000002,
      "p75" : 0.680257517,
      "p95" : 2.1517271360000003,
      "p98" : 2.1517271360000003,
      "p99" : 2.1517271360000003,
      "p999" : 2.1517271360000003,
      "stddev" : 0.6768992378714496,
      "m15_rate" : 0.03407198122975751,
      "m1_rate" : 0.09012855249724458,
      "m5_rate" : 0.03629414703512417,
      "mean_rate" : 0.03425520009632557,
      "duration_units" : "seconds",
      "rate_units" : "calls/second"
    },
    "eu.domibus.core.message.signal.SignalMessageLogDao.deleteMessages.deleteMessageLogs.timer" : {
      "count" : 145,
      "max" : 0.21624372800000002,
      "mean" : 0.0606469096440597,
      "min" : 0.020845633000000002,
      "p50" : 0.065111309,
      "p75" : 0.072675717,
      "p95" : 0.094137731,
      "p98" : 0.094137731,
      "p99" : 0.094137731,
      "p999" : 0.094137731,
      "stddev" : 0.018069227204102315,
      "m15_rate" : 0.03407198122975751,
      "m1_rate" : 0.09012855249724458,
      "m5_rate" : 0.03629414703512417,
      "mean_rate" : 0.03425552251918066,
      "duration_units" : "seconds",
      "rate_units" : "calls/second"
    },
    "eu.domibus.core.plugin.handler.DatabaseMessageHandler.submit.timer" : {
      "count" : 285282,
      "max" : 0.620819144,
      "mean" : 0.12669919480475828,
      "min" : 0.0074895050000000005,
      "p50" : 0.110266058,
      "p75" : 0.150756042,
      "p95" : 0.255230042,
      "p98" : 0.303290667,
      "p99" : 0.33044699800000005,
      "p999" : 0.620819144,
      "stddev" : 0.06910127292349533,
      "m15_rate" : 60.144790849170136,
      "m1_rate" : 61.116265686948154,
      "m5_rate" : 60.60783634450775,
      "mean_rate" : 59.18029653914365,
      "duration_units" : "seconds",
      "rate_units" : "calls/second"
    },
    "eu.domibus.core.plugin.notification.BackendNotificationService.notifyMessageReceived.timer" : {
      "count" : 285255,
      "max" : 0.31321438300000004,
      "mean" : 0.08353181543540156,
      "min" : 3.68135E-4,
      "p50" : 0.085705245,
      "p75" : 0.11294709600000001,
      "p95" : 0.16556784100000002,
      "p98" : 0.20360470900000002,
      "p99" : 0.22883786800000003,
      "p999" : 0.31321438300000004,
      "stddev" : 0.05009711425782039,
      "m15_rate" : 60.09605140680921,
      "m1_rate" : 60.959921964203666,
      "m5_rate" : 60.57244447487578,
      "mean_rate" : 58.72493855661664,
      "duration_units" : "seconds",
      "rate_units" : "calls/second"
    },
    "eu.domibus.core.plugin.notification.PluginAsyncNotificationListener.onMessage.timer" : {
      "count" : 285335,
      "max" : 0.613866891,
      "mean" : 0.129495352517075,
      "min" : 0.007923845,
      "p50" : 0.113783169,
      "p75" : 0.151427412,
      "p95" : 0.25197893600000004,
      "p98" : 0.281527813,
      "p99" : 0.301366369,
      "p999" : 0.613866891,
      "stddev" : 0.0655769300906848,
      "m15_rate" : 60.11808613866699,
      "m1_rate" : 60.660280348844445,
      "m5_rate" : 60.53723073010441,
      "mean_rate" : 58.74845091572441,
      "duration_units" : "seconds",
      "rate_units" : "calls/second"
    },
    "eu.domibus.core.pmode.validation.validators.MessagePropertyValidator.validate.timer" : {
      "count" : 570555,
      "max" : 2.1822100000000002E-4,
      "mean" : 1.8221898170285627E-6,
      "min" : 4.0000000000000003E-7,
      "p50" : 1.3E-6,
      "p75" : 1.6000000000000001E-6,
      "p95" : 2.2E-6,
      "p98" : 2.4000000000000003E-6,
      "p99" : 2.8000000000000003E-6,
      "p999" : 2.1822100000000002E-4,
      "stddev" : 9.056580165089165E-6,
      "m15_rate" : 120.19398613813186,
      "m1_rate" : 121.64880643884675,
      "m5_rate" : 121.08973340513111,
      "mean_rate" : 117.45759928270903,
      "duration_units" : "seconds",
      "rate_units" : "calls/second"
    },
    "eu.domibus.core.replication.UIMessageDaoImpl.deleteMessages.deleteUIMessagesByMessageIds.timer" : {
      "count" : 290,
      "max" : 0.009789008,
      "mean" : 0.002621108532769875,
      "min" : 8.60079E-4,
      "p50" : 0.0026551490000000003,
      "p75" : 0.0028635680000000004,
      "p95" : 0.003566535,
      "p98" : 0.003566535,
      "p99" : 0.003566535,
      "p999" : 0.003566535,
      "stddev" : 4.7836718071684383E-4,
      "m15_rate" : 0.06814396245951503,
      "m1_rate" : 0.18025710499448916,
      "m5_rate" : 0.07258829407024835,
      "mean_rate" : 0.06851166584040744,
      "duration_units" : "seconds",
      "rate_units" : "calls/second"
    },
    "eu.domibus.core.util.SoapUtil.logMessage.timer" : {
      "count" : 285264,
      "max" : 1.6402E-5,
      "mean" : 7.866876154590485E-7,
      "min" : 2.0000000000000002E-7,
      "p50" : 7.000000000000001E-7,
      "p75" : 9.000000000000001E-7,
      "p95" : 1.3E-6,
      "p98" : 1.5E-6,
      "p99" : 1.6000000000000001E-6,
      "p999" : 5.801E-6,
      "stddev" : 3.25276190423267E-7,
      "m15_rate" : 60.10089703688798,
      "m1_rate" : 61.04018049179679,
      "m5_rate" : 60.58660824018726,
      "mean_rate" : 58.725979510262555,
      "duration_units" : "seconds",
      "rate_units" : "calls/second"
    },
    "eu.domibus.plugin.jms.JMSPluginImpl.deliverMessage.timer" : {
      "count" : 285335,
      "max" : 0.623327579,
      "mean" : 0.12946979874427225,
      "min" : 0.008186969,
      "p50" : 0.111901499,
      "p75" : 0.149246806,
      "p95" : 0.266231276,
      "p98" : 0.293492833,
      "p99" : 0.398784154,
      "p999" : 0.623327579,
      "stddev" : 0.07365609934939785,
      "m15_rate" : 60.11703107776571,
      "m1_rate" : 60.64639798945167,
      "m5_rate" : 60.53446828265376,
      "mean_rate" : 58.74862689144183,
      "duration_units" : "seconds",
      "rate_units" : "calls/second"
    },
    "eu.domibus.plugin.jms.JMSPluginImpl.receiveMessage.timer" : {
      "count" : 285263,
      "max" : 0.814718511,
      "mean" : 0.2173482967934147,
      "min" : 0.008643713,
      "p50" : 0.21338351100000003,
      "p75" : 0.270365152,
      "p95" : 0.372399535,
      "p98" : 0.438630644,
      "p99" : 0.491422901,
      "p999" : 0.739068037,
      "stddev" : 0.0916535432536615,
      "m15_rate" : 60.131132987235624,
      "m1_rate" : 60.92548032062608,
      "m5_rate" : 60.56722650875418,
      "mean_rate" : 59.17625177665265,
      "duration_units" : "seconds",
      "rate_units" : "calls/second"
    }
  }
}