{
  "version" : "4.0.0",
  "gauges" : { },
  "counters" : {
    "eu.domibus.core.ebms3.receiver.MSHWebservice.incoming_user_message.counter" : {
      "count" : 30
    },
    "eu.domibus.core.ebms3.receiver.handler.AbstractIncomingMessageHandler.processMessage.counter" : {
      "count" : 30
    },
    "eu.domibus.core.ebms3.receiver.handler.IncomingUserMessageHandler.around_handleNewUserMessage.counter.counter" : {
      "count" : 60
    },
    "eu.domibus.core.ebms3.sender.AbstractUserMessageSender.outgoing_user_message.counter" : {
      "count" : 0
    },
    "eu.domibus.core.ebms3.sender.MessageSenderListener.onMessage.counter" : {
      "count" : 0
    },
    "eu.domibus.core.ebms3.sender.MessageSenderService.sendUserMessage.counter" : {
      "count" : 0
    },
    "eu.domibus.core.ebms3.sender.client.MSHDispatcher.dispatch.counter" : {
      "count" : 0
    },
    "eu.domibus.core.error.ErrorLogDao.deleteMessages.deleteErrorLogsByMessageIdInError.counter" : {
      "count" : 0
    },
    "eu.domibus.core.message.MessageInfoDao.deleteMessages.counter" : {
      "count" : 0
    },
    "eu.domibus.core.message.MessageInfoDao.findSignalMessageIds.counter" : {
      "count" : 0
    },
    "eu.domibus.core.message.MessagingServiceImpl.storeMessage.counter" : {
      "count" : 0
    },
    "eu.domibus.core.message.UserMessageHandlerServiceImpl.handleNewUserMessage.counter" : {
      "count" : 20
    },
    "eu.domibus.core.message.UserMessageLogDao.deleteMessages.deleteMessageLogs.counter" : {
      "count" : 0
    },
    "eu.domibus.core.message.acknowledge.MessageAcknowledgementDao.deleteMessages.deleteMessageAcknowledgementsByMessageIds.counter" : {
      "count" : 0
    },
    "eu.domibus.core.message.attempt.MessageAttemptDao.deleteMessages.deleteAttemptsByMessageIds.counter" : {
      "count" : 0
    },
    "eu.domibus.core.message.pull.IncomingPullRequestHandler.incoming_pull_request.counter" : {
      "count" : 0
    },
    "eu.domibus.core.message.receipt.AS4ReceiptServiceImpl.generateReceipt.counter" : {
      "count" : 9
    },
    "eu.domibus.core.message.retention.MessageRetentionDefaultService.schedule_deleteExpiredMessages.counter" : {
      "count" : 0
    },
    "eu.domibus.core.message.retention.RetentionListener.onMessage.deleteMessages.counter" : {
      "count" : 0
    },
    "eu.domibus.core.message.signal.SignalMessageDao.deleteMessages.deleteReceipts.counter" : {
      "count" : 0
    },
    "eu.domibus.core.message.signal.SignalMessageLogDao.deleteMessages.deleteMessageLogs.counter" : {
      "count" : 0
    },
    "eu.domibus.core.plugin.handler.DatabaseMessageHandler.submit.counter" : {
      "count" : 2
    },
    "eu.domibus.core.plugin.notification.BackendNotificationService.notifyMessageReceived.counter" : {
      "count" : 0
    },
    "eu.domibus.core.plugin.notification.PluginAsyncNotificationListener.onMessage.counter" : {
      "count" : 7
    },
    "eu.domibus.core.pmode.validation.validators.MessagePropertyValidator.validate.counter" : {
      "count" : 0
    },
    "eu.domibus.core.replication.UIMessageDaoImpl.deleteMessages.deleteUIMessagesByMessageIds.counter" : {
      "count" : 0
    },
    "eu.domibus.core.util.SoapUtil.SoapUtil.counter" : {
      "count" : 0
    },
    "eu.domibus.plugin.jms.JMSPluginImpl.deliverMessage.counter" : {
      "count" : 7
    },
    "eu.domibus.plugin.jms.JMSPluginImpl.receiveMessage.counter" : {
      "count" : 9
    }
  },
  "histograms" : { },
  "meters" : { },
  "timers" : {
    "eu.domibus.core.ebms3.receiver.MSHWebservice.incoming_user_message.timer" : {
      "count" : 285305,
      "max" : 1.246288128,
      "mean" : 0.4707053787525262,
      "min" : 0.129568226,
      "p50" : 0.45306595600000005,
      "p75" : 0.53567673,
      "p95" : 0.682837267,
      "p98" : 0.909450223,
      "p99" : 1.041757564,
      "p999" : 1.246288128,
      "stddev" : 0.13862591102430766,
      "m15_rate" : 59.49125561500322,
      "m1_rate" : 61.41877686311125,
      "m5_rate" : 60.56795548802832,
      "mean_rate" : 58.75451343191684,
      "duration_units" : "seconds",
      "rate_units" : "calls/second"
    },
    "eu.domibus.core.ebms3.receiver.handler.AbstractIncomingMessageHandler.processMessage.timer" : {
      "count" : 285300,
      "max" : 1.102840676,
      "mean" : 0.474701070746308,
      "min" : 0.11816802400000001,
      "p50" : 0.45481167400000005,
      "p75" : 0.535751123,
      "p95" : 0.710115636,
      "p98" : 0.9002086960000001,
      "p99" : 0.9641660890000001,
      "p999" : 1.102840676,
      "stddev" : 0.13549260772808916,
      "m15_rate" : 59.48973478924613,
      "m1_rate" : 61.41566749353212,
      "m5_rate" : 60.56642784046646,
      "mean_rate" : 58.7535140013165,
      "duration_units" : "seconds",
      "rate_units" : "calls/second"
    },
    "eu.domibus.core.ebms3.receiver.handler.IncomingUserMessageHandler.around_handleNewUserMessage.timer.timer" : {
      "count" : 285270,
      "max" : 1.455775057,
      "mean" : 0.470777047536476,
      "min" : 0.139230551,
      "p50" : 0.45204130600000003,
      "p75" : 0.530309082,
      "p95" : 0.6793221810000001,
      "p98" : 0.812314716,
      "p99" : 1.03983968,
      "p999" : 1.455775057,
      "stddev" : 0.13459200800494783,
      "m15_rate" : 59.49386909708751,
      "m1_rate" : 61.47720721940035,
      "m5_rate" : 60.57951366359172,
      "mean_rate" : 58.754585473521665,
      "duration_units" : "seconds",
      "rate_units" : "calls/second"
    },
    "eu.domibus.core.ebms3.sender.AbstractUserMessageSender.outgoing_user_message.timer" : {
      "count" : 285367,
      "max" : 0.19394354700000002,
      "mean" : 0.0633620768815639,
      "min" : 0.042736759000000006,
      "p50" : 0.059154028000000004,
      "p75" : 0.065491778,
      "p95" : 0.08584311500000001,
      "p98" : 0.139424889,
      "p99" : 0.179344473,
      "p999" : 0.187121599,
      "stddev" : 0.019544294747170857,
      "m15_rate" : 59.49771067198499,
      "m1_rate" : 61.59842727591277,
      "m5_rate" : 60.57071597754568,
      "mean_rate" : 59.19599866328318,
      "duration_units" : "seconds",
      "rate_units" : "calls/second"
    },
    "eu.domibus.core.ebms3.sender.MessageSenderListener.onMessage.timer" : {
      "count" : 285367,
      "max" : 0.400790703,
      "mean" : 0.09751488822117346,
      "min" : 0.050532794000000006,
      "p50" : 0.073757214,
      "p75" : 0.121592032,
      "p95" : 0.196728319,
      "p98" : 0.25992892,
      "p99" : 0.273630682,
      "p999" : 0.400790703,
      "stddev" : 0.0516851339001582,
      "m15_rate" : 59.4999238987793,
      "m1_rate" : 61.63654721657209,
      "m5_rate" : 60.57795480441134,
      "mean_rate" : 59.19532223138389,
      "duration_units" : "seconds",
      "rate_units" : "calls/second"
    },
    "eu.domibus.core.ebms3.sender.MessageSenderService.sendUserMessage.timer" : {
      "count" : 285367,
      "max" : 0.347040432,
      "mean" : 0.095864337061411,
      "min" : 0.04765562,
      "p50" : 0.07291971600000001,
      "p75" : 0.11267510200000001,
      "p95" : 0.195502231,
      "p98" : 0.24878470500000002,
      "p99" : 0.28101235900000004,
      "p999" : 0.347040432,
      "stddev" : 0.04979509666788855,
      "m15_rate" : 59.498949985368796,
      "m1_rate" : 61.62561810976781,
      "m5_rate" : 60.57526580716109,
      "mean_rate" : 59.195520478620715,
      "duration_units" : "seconds",
      "rate_units" : "calls/second"
    },
    "eu.domibus.core.ebms3.sender.client.MSHDispatcher.dispatch.timer" : {
      "count" : 285367,
      "max" : 0.21213201,
      "mean" : 0.05119138501464933,
      "min" : 0.033361226,
      "p50" : 0.048001517,
      "p75" : 0.053667767000000005,
      "p95" : 0.067711457,
      "p98" : 0.089820385,
      "p99" : 0.14921398500000002,
      "p999" : 0.21213201,
      "stddev" : 0.01622355760387913,
      "m15_rate" : 59.5023723303284,
      "m1_rate" : 61.66674786779294,
      "m5_rate" : 60.58351363261335,
      "mean_rate" : 59.19879655878641,
      "duration_units" : "seconds",
      "rate_units" : "calls/second"
    },
    "eu.domibus.core.error.ErrorLogDao.deleteMessages.deleteErrorLogsByMessageIdInError.timer" : {
      "count" : 96,
      "max" : 0.014922433,
      "mean" : 0.0037284159645156003,
      "min" : 0.0021022890000000002,
      "p50" : 0.0030996780000000002,
      "p75" : 0.0043661690000000005,
      "p95" : 0.005849760000000001,
      "p98" : 0.005849760000000001,
      "p99" : 0.005849760000000001,
      "p999" : 0.005849760000000001,
      "stddev" : 0.0011635723280721494,
      "m15_rate" : 0.05355287356329457,
      "m1_rate" : 6.749268975450672E-4,
      "m5_rate" : 0.022193870937409047,
      "mean_rate" : 0.02600758100082093,
      "duration_units" : "seconds",
      "rate_units" : "calls/second"
    },
    "eu.domibus.core.message.MessageInfoDao.deleteMessages.timer" : {
      "count" : 192,
      "max" : 3.2207716320000004,
      "mean" : 0.633677033243863,
      "min" : 0.127043337,
      "p50" : 0.438426937,
      "p75" : 1.0053936780000001,
      "p95" : 1.0729646910000001,
      "p98" : 1.1849660080000002,
      "p99" : 1.249943543,
      "p999" : 1.2875642900000002,
      "stddev" : 0.38906978189878416,
      "m15_rate" : 0.10716321314891998,
      "m1_rate" : 0.001368441993443303,
      "m5_rate" : 0.044549120636008466,
      "mean_rate" : 0.05198884936872638,
      "duration_units" : "seconds",
      "rate_units" : "calls/second"
    },
    "eu.domibus.core.message.MessageInfoDao.findSignalMessageIds.timer" : {
      "count" : 96,
      "max" : 0.5832753740000001,
      "mean" : 0.11974195956218645,
      "min" : 0.07371184600000001,
      "p50" : 0.11329090800000001,
      "p75" : 0.135529653,
      "p95" : 0.173127887,
      "p98" : 0.361765369,
      "p99" : 0.361765369,
      "p999" : 0.37185719500000003,
      "stddev" : 0.047694905210478325,
      "m15_rate" : 0.053557596845806965,
      "m1_rate" : 6.760693241157891E-4,
      "m5_rate" : 0.02221302684189736,
      "mean_rate" : 0.025992440318615837,
      "duration_units" : "seconds",
      "rate_units" : "calls/second"
    },
    "eu.domibus.core.message.MessagingServiceImpl.storeMessage.timer" : {
      "count" : 570729,
      "max" : 0.11047931400000001,
      "mean" : 0.007295607845356423,
      "min" : 0.003340472,
      "p50" : 0.006025452000000001,
      "p75" : 0.008153835,
      "p95" : 0.013043296000000001,
      "p98" : 0.01609477,
      "p99" : 0.017875655,
      "p999" : 0.11047931400000001,
      "stddev" : 0.005816268329189066,
      "m15_rate" : 118.96961789386292,
      "m1_rate" : 123.06712654254875,
      "m5_rate" : 121.16224718660348,
      "mean_rate" : 117.54873496774576,
      "duration_units" : "seconds",
      "rate_units" : "calls/second"
    },
    "eu.domibus.core.message.UserMessageHandlerServiceImpl.handleNewUserMessage.timer" : {
      "count" : 285310,
      "max" : 0.460808865,
      "mean" : 0.14233657186140194,
      "min" : 0.028327766,
      "p50" : 0.137771591,
      "p75" : 0.17205172500000002,
      "p95" : 0.255530457,
      "p98" : 0.303552572,
      "p99" : 0.314766582,
      "p999" : 0.444634454,
      "stddev" : 0.060544442180829966,
      "m15_rate" : 59.503999084555076,
      "m1_rate" : 61.54539401703645,
      "m5_rate" : 60.60068117898007,
      "mean_rate" : 58.762804012397986,
      "duration_units" : "seconds",
      "rate_units" : "calls/second"
    },
    "eu.domibus.core.message.UserMessageLogDao.deleteMessages.deleteMessageLogs.timer" : {
      "count" : 96,
      "max" : 0.20956110500000003,
      "mean" : 0.066039366778416,
      "min" : 0.046302247000000005,
      "p50" : 0.06619493700000001,
      "p75" : 0.077128762,
      "p95" : 0.081961427,
      "p98" : 0.09102676300000001,
      "p99" : 0.097568716,
      "p999" : 0.10865793900000001,
      "stddev" : 0.011995689693798653,
      "m15_rate" : 0.05355663844737226,
      "m1_rate" : 6.757623108918782E-4,
      "m5_rate" : 0.022206475682478105,
      "mean_rate" : 0.026005948276583882,
      "duration_units" : "seconds",
      "rate_units" : "calls/second"
    },
    "eu.domibus.core.message.acknowledge.MessageAcknowledgementDao.deleteMessages.deleteMessageAcknowledgementsByMessageIds.timer" : {
      "count" : 96,
      "max" : 0.022106401,
      "mean" : 0.003263510314362281,
      "min" : 0.0019260870000000002,
      "p50" : 0.002718781,
      "p75" : 0.004022072000000001,
      "p95" : 0.005333463,
      "p98" : 0.005333463,
      "p99" : 0.005333463,
      "p999" : 0.005333463,
      "stddev" : 0.0010922485369984421,
      "m15_rate" : 0.05355287356329457,
      "m1_rate" : 6.749268975450672E-4,
      "m5_rate" : 0.022193870937409047,
      "mean_rate" : 0.026007852037161435,
      "duration_units" : "seconds",
      "rate_units" : "calls/second"
    },
    "eu.domibus.core.message.attempt.MessageAttemptDao.deleteMessages.deleteAttemptsByMessageIds.timer" : {
      "count" : 96,
      "max" : 0.016787625,
      "mean" : 0.0034424460164337606,
      "min" : 0.002407283,
      "p50" : 0.003359677,
      "p75" : 0.003917472,
      "p95" : 0.004759667,
      "p98" : 0.004759667,
      "p99" : 0.004759667,
      "p999" : 0.0058765580000000005,
      "stddev" : 7.59639794879707E-4,
      "m15_rate" : 0.05355287356329457,
      "m1_rate" : 6.749268975450672E-4,
      "m5_rate" : 0.022193870937409047,
      "mean_rate" : 0.026007454796718586,
      "duration_units" : "seconds",
      "rate_units" : "calls/second"
    },
    "eu.domibus.core.message.pull.IncomingPullRequestHandler.incoming_pull_request.timer" : {
      "count" : 5,
      "max" : 0.149561412,
      "mean" : 0.08450584117088691,
      "min" : 0.010796407000000001,
      "p50" : 0.10678628100000001,
      "p75" : 0.148605321,
      "p95" : 0.149561412,
      "p98" : 0.149561412,
      "p99" : 0.149561412,
      "p999" : 0.149561412,
      "stddev" : 0.06280453752499261,
      "m15_rate" : 0.09431537009970233,
      "m1_rate" : 4.156589146446769E-16,
      "m5_rate" : 8.389719092096406E-4,
      "mean_rate" : 0.002344285567035723,
      "duration_units" : "seconds",
      "rate_units" : "calls/second"
    },
    "eu.domibus.core.message.receipt.AS4ReceiptServiceImpl.generateReceipt.timer" : {
      "count" : 285300,
      "max" : 0.15340857600000002,
      "mean" : 0.030821552834990478,
      "min" : 0.017451159,
      "p50" : 0.027247683,
      "p75" : 0.033982329000000006,
      "p95" : 0.052049385000000004,
      "p98" : 0.062774301,
      "p99" : 0.074190001,
      "p999" : 0.15340857600000002,
      "stddev" : 0.01314179427525445,
      "m15_rate" : 59.495858201176056,
      "m1_rate" : 61.420614437111794,
      "m5_rate" : 60.57320320261434,
      "mean_rate" : 58.76306440875438,
      "duration_units" : "seconds",
      "rate_units" : "calls/second"
    },
    "eu.domibus.core.message.retention.MessageRetentionDefaultService.schedule_deleteExpiredMessages.timer" : {
      "count" : 18,
      "max" : 9.979755262000001,
      "mean" : 8.215585728853672,
      "min" : 0.22445804700000002,
      "p50" : 7.846554492,
      "p75" : 7.846554492,
      "p95" : 9.979755262000001,
      "p98" : 9.979755262000001,
      "p99" : 9.979755262000001,
      "p999" : 9.979755262000001,
      "stddev" : 0.7688788901399934,
      "m15_rate" : 0.003761983645439485,
      "m1_rate" : 9.150053717345198E-5,
      "m5_rate" : 0.0028148789513594394,
      "mean_rate" : 0.003138739662309596,
      "duration_units" : "seconds",
      "rate_units" : "calls/second"
    },
    "eu.domibus.core.message.retention.RetentionListener.onMessage.deleteMessages.timer" : {
      "count" : 96,
      "max" : 5.641026311,
      "mean" : 1.8222742019539377,
      "min" : 1.544505672,
      "p50" : 1.7897558990000002,
      "p75" : 1.8744548070000002,
      "p95" : 2.097792419,
      "p98" : 2.207932349,
      "p99" : 2.207932349,
      "p999" : 2.5121917000000002,
      "stddev" : 0.16996696125321759,
      "m15_rate" : 0.053607441742056325,
      "m1_rate" : 6.968747966516646E-4,
      "m5_rate" : 0.022331772850790136,
      "mean_rate" : 0.025992219013091473,
      "duration_units" : "seconds",
      "rate_units" : "calls/second"
    },
    "eu.domibus.core.message.signal.SignalMessageDao.deleteMessages.deleteReceipts.timer" : {
      "count" : 96,
      "max" : 1.861955083,
      "mean" : 0.20667395551378087,
      "min" : 0.1548962,
      "p50" : 0.197717219,
      "p75" : 0.228492304,
      "p95" : 0.233371767,
      "p98" : 0.241761206,
      "p99" : 0.265510242,
      "p999" : 0.265510242,
      "stddev" : 0.02116205012085332,
      "m15_rate" : 0.05356067004437772,
      "m1_rate" : 6.760696422870503E-4,
      "m5_rate" : 0.022216826818940136,
      "mean_rate" : 0.026003997122177828,
      "duration_units" : "seconds",
      "rate_units" : "calls/second"
    },
    "eu.domibus.core.message.signal.SignalMessageLogDao.deleteMessages.deleteMessageLogs.timer" : {
      "count" : 96,
      "max" : 0.268937464,
      "mean" : 0.06115948820792823,
      "min" : 0.040056338000000004,
      "p50" : 0.058018694,
      "p75" : 0.075298373,
      "p95" : 0.08895657900000001,
      "p98" : 0.090294569,
      "p99" : 0.10522416300000001,
      "p999" : 0.10522416300000001,
      "stddev" : 0.0160821034454995,
      "m15_rate" : 0.05355663844737226,
      "m1_rate" : 6.757623108918782E-4,
      "m5_rate" : 0.022206475682478105,
      "mean_rate" : 0.026006872784971786,
      "duration_units" : "seconds",
      "rate_units" : "calls/second"
    },
    "eu.domibus.core.plugin.handler.DatabaseMessageHandler.submit.timer" : {
      "count" : 285422,
      "max" : 0.452188181,
      "mean" : 0.13110124915990198,
      "min" : 0.011180807000000001,
      "p50" : 0.11622747400000001,
      "p75" : 0.164895188,
      "p95" : 0.251106885,
      "p98" : 0.27957886600000004,
      "p99" : 0.300946097,
      "p999" : 0.452188181,
      "stddev" : 0.06331148515267186,
      "m15_rate" : 59.49892107709441,
      "m1_rate" : 61.54432233293988,
      "m5_rate" : 60.56799674029052,
      "mean_rate" : 59.202850750135106,
      "duration_units" : "seconds",
      "rate_units" : "calls/second"
    },
    "eu.domibus.core.plugin.notification.BackendNotificationService.notifyMessageReceived.timer" : {
      "count" : 285307,
      "max" : 0.391293969,
      "mean" : 0.08355278337798715,
      "min" : 4.7669600000000003E-4,
      "p50" : 0.079648167,
      "p75" : 0.10667503900000001,
      "p95" : 0.167773859,
      "p98" : 0.216189072,
      "p99" : 0.259436626,
      "p999" : 0.391293969,
      "stddev" : 0.05102407320046399,
      "m15_rate" : 59.498382407246,
      "m1_rate" : 61.4748796674363,
      "m5_rate" : 60.585581863877835,
      "mean_rate" : 58.7633060519326,
      "duration_units" : "seconds",
      "rate_units" : "calls/second"
    },
    "eu.domibus.core.plugin.notification.PluginAsyncNotificationListener.onMessage.timer" : {
      "count" : 285459,
      "max" : 0.554855862,
      "mean" : 0.1372900055163379,
      "min" : 0.01075681,
      "p50" : 0.12053264100000001,
      "p75" : 0.155464862,
      "p95" : 0.25922990700000004,
      "p98" : 0.308955335,
      "p99" : 0.38526342700000005,
      "p999" : 0.554855862,
      "stddev" : 0.06462008728662827,
      "m15_rate" : 59.435765993781914,
      "m1_rate" : 60.71778239938542,
      "m5_rate" : 60.414778909496974,
      "mean_rate" : 58.80102678978903,
      "duration_units" : "seconds",
      "rate_units" : "calls/second"
    },
    "eu.domibus.core.pmode.validation.validators.MessagePropertyValidator.validate.timer" : {
      "count" : 570729,
      "max" : 9.8199E-5,
      "mean" : 1.7112770706133428E-6,
      "min" : 6.000000000000001E-7,
      "p50" : 1.3E-6,
      "p75" : 1.5E-6,
      "p95" : 2.7E-6,
      "p98" : 3.2000000000000003E-6,
      "p99" : 5.0E-6,
      "p999" : 9.8199E-5,
      "stddev" : 4.750962378581409E-6,
      "m15_rate" : 118.96792511889322,
      "m1_rate" : 123.0561791311871,
      "m5_rate" : 121.15789703252948,
      "mean_rate" : 117.54835993236219,
      "duration_units" : "seconds",
      "rate_units" : "calls/second"
    },
    "eu.domibus.core.replication.UIMessageDaoImpl.deleteMessages.deleteUIMessagesByMessageIds.timer" : {
      "count" : 192,
      "max" : 0.018841515,
      "mean" : 0.0031289287977223504,
      "min" : 0.0017871900000000001,
      "p50" : 0.0025008820000000003,
      "p75" : 0.003467476,
      "p95" : 0.007596346,
      "p98" : 0.007596346,
      "p99" : 0.007596346,
      "p999" : 0.007596346,
      "stddev" : 0.0014137112365997895,
      "m15_rate" : 0.10710574712658914,
      "m1_rate" : 0.0013498537950901344,
      "m5_rate" : 0.044387741874818094,
      "mean_rate" : 0.052015328911749786,
      "duration_units" : "seconds",
      "rate_units" : "calls/second"
    },
    "eu.domibus.core.util.SoapUtil.logMessage.timer" : {
      "count" : 285307,
      "max" : 7.120000000000001E-5,
      "mean" : 1.159488879737225E-6,
      "min" : 3.0000000000000004E-7,
      "p50" : 8.000000000000001E-7,
      "p75" : 9.000000000000001E-7,
      "p95" : 1.6000000000000001E-6,
      "p98" : 1.8000000000000001E-6,
      "p99" : 4.9000000000000005E-6,
      "p999" : 7.120000000000001E-5,
      "stddev" : 3.7255036741773426E-6,
      "m15_rate" : 59.499199518236054,
      "m1_rate" : 61.48191924249899,
      "m5_rate" : 60.588101284489035,
      "mean_rate" : 58.76223141313132,
      "duration_units" : "seconds",
      "rate_units" : "calls/second"
    },
    "eu.domibus.plugin.jms.JMSPluginImpl.deliverMessage.timer" : {
      "count" : 285459,
      "max" : 0.54761342,
      "mean" : 0.13748958674732048,
      "min" : 0.010682811,
      "p50" : 0.12086471400000001,
      "p75" : 0.160717211,
      "p95" : 0.265534267,
      "p98" : 0.31548119,
      "p99" : 0.396397628,
      "p999" : 0.54761342,
      "stddev" : 0.06656952009050753,
      "m15_rate" : 59.434685418287984,
      "m1_rate" : 60.69858583433895,
      "m5_rate" : 60.41154809902911,
      "mean_rate" : 58.80118445339048,
      "duration_units" : "seconds",
      "rate_units" : "calls/second"
    },
    "eu.domibus.plugin.jms.JMSPluginImpl.receiveMessage.timer" : {
      "count" : 285415,
      "max" : 0.890898371,
      "mean" : 0.2254976270919525,
      "min" : 0.012203699,
      "p50" : 0.217477356,
      "p75" : 0.26444129,
      "p95" : 0.37030944400000004,
      "p98" : 0.439020701,
      "p99" : 0.533218733,
      "p999" : 0.890898371,
      "stddev" : 0.09176181614671014,
      "m15_rate" : 59.496215729635324,
      "m1_rate" : 61.50983565046235,
      "m5_rate" : 60.56051295933749,
      "mean_rate" : 59.200659902136124,
      "duration_units" : "seconds",
      "rate_units" : "calls/second"
    }
  }
}