{
  "version" : "4.0.0",
  "gauges" : { },
  "counters" : {
    "eu.domibus.core.ebms3.receiver.MSHWebservice.incoming_user_message.counter" : {
      "count" : 30
    },
    "eu.domibus.core.ebms3.receiver.handler.AbstractIncomingMessageHandler.processMessage.counter" : {
      "count" : 30
    },
    "eu.domibus.core.ebms3.receiver.handler.IncomingUserMessageHandler.around_handleNewUserMessage.counter.counter" : {
      "count" : 60
    },
    "eu.domibus.core.ebms3.sender.AbstractUserMessageSender.outgoing_user_message.counter" : {
      "count" : 1
    },
    "eu.domibus.core.ebms3.sender.MessageSenderListener.onMessage.counter" : {
      "count" : 1
    },
    "eu.domibus.core.ebms3.sender.MessageSenderService.sendUserMessage.counter" : {
      "count" : 1
    },
    "eu.domibus.core.ebms3.sender.client.MSHDispatcher.dispatch.counter" : {
      "count" : 1
    },
    "eu.domibus.core.error.ErrorLogDao.deleteMessages.deleteErrorLogsByMessageIdInError.counter" : {
      "count" : 0
    },
    "eu.domibus.core.message.MessageInfoDao.deleteMessages.counter" : {
      "count" : 0
    },
    "eu.domibus.core.message.MessageInfoDao.findSignalMessageIds.counter" : {
      "count" : 0
    },
    "eu.domibus.core.message.MessagingServiceImpl.storeMessage.counter" : {
      "count" : 0
    },
    "eu.domibus.core.message.UserMessageHandlerServiceImpl.handleNewUserMessage.counter" : {
      "count" : 4
    },
    "eu.domibus.core.message.UserMessageLogDao.deleteMessages.deleteMessageLogs.counter" : {
      "count" : 0
    },
    "eu.domibus.core.message.acknowledge.MessageAcknowledgementDao.deleteMessages.deleteMessageAcknowledgementsByMessageIds.counter" : {
      "count" : 0
    },
    "eu.domibus.core.message.attempt.MessageAttemptDao.deleteMessages.deleteAttemptsByMessageIds.counter" : {
      "count" : 0
    },
    "eu.domibus.core.message.pull.IncomingPullRequestHandler.incoming_pull_request.counter" : {
      "count" : 0
    },
    "eu.domibus.core.message.receipt.AS4ReceiptServiceImpl.generateReceipt.counter" : {
      "count" : 4
    },
    "eu.domibus.core.message.retention.MessageRetentionDefaultService.schedule_deleteExpiredMessages.counter" : {
      "count" : 0
    },
    "eu.domibus.core.message.retention.RetentionListener.onMessage.deleteMessages.counter" : {
      "count" : 0
    },
    "eu.domibus.core.message.signal.SignalMessageDao.deleteMessages.deleteReceipts.counter" : {
      "count" : 0
    },
    "eu.domibus.core.message.signal.SignalMessageLogDao.deleteMessages.deleteMessageLogs.counter" : {
      "count" : 0
    },
    "eu.domibus.core.plugin.handler.DatabaseMessageHandler.submit.counter" : {
      "count" : 1
    },
    "eu.domibus.core.plugin.notification.BackendNotificationService.notifyMessageReceived.counter" : {
      "count" : 0
    },
    "eu.domibus.core.plugin.notification.PluginAsyncNotificationListener.onMessage.counter" : {
      "count" : 17
    },
    "eu.domibus.core.pmode.validation.validators.MessagePropertyValidator.validate.counter" : {
      "count" : 0
    },
    "eu.domibus.core.replication.UIMessageDaoImpl.deleteMessages.deleteUIMessagesByMessageIds.counter" : {
      "count" : 0
    },
    "eu.domibus.core.util.SoapUtil.SoapUtil.counter" : {
      "count" : 0
    },
    "eu.domibus.plugin.jms.JMSPluginImpl.deliverMessage.counter" : {
      "count" : 17
    },
    "eu.domibus.plugin.jms.JMSPluginImpl.receiveMessage.counter" : {
      "count" : 2
    }
  },
  "histograms" : { },
  "meters" : { },
  "timers" : {
    "eu.domibus.core.ebms3.receiver.MSHWebservice.incoming_user_message.timer" : {
      "count" : 286694,
      "max" : 1.043160818,
      "mean" : 0.45112187609357823,
      "min" : 0.116402717,
      "p50" : 0.43970866900000005,
      "p75" : 0.499748236,
      "p95" : 0.6449210750000001,
      "p98" : 0.898010277,
      "p99" : 0.9885475250000001,
      "p999" : 1.043160818,
      "stddev" : 0.12592135543387767,
      "m15_rate" : 60.31568275986633,
      "m1_rate" : 60.80228196037613,
      "m5_rate" : 60.30726187101636,
      "mean_rate" : 50.008489539591565,
      "duration_units" : "seconds",
      "rate_units" : "calls/second"
    },
    "eu.domibus.core.ebms3.receiver.handler.AbstractIncomingMessageHandler.processMessage.timer" : {
      "count" : 286688,
      "max" : 1.2018385550000001,
      "mean" : 0.45663626929898193,
      "min" : 0.099360795,
      "p50" : 0.438711157,
      "p75" : 0.513062992,
      "p95" : 0.662525694,
      "p98" : 0.881491369,
      "p99" : 0.9910634570000001,
      "p999" : 1.102471068,
      "stddev" : 0.13062412812258226,
      "m15_rate" : 60.35294178479489,
      "m1_rate" : 61.114427706314636,
      "m5_rate" : 60.37138147547518,
      "mean_rate" : 59.026771952751616,
      "duration_units" : "seconds",
      "rate_units" : "calls/second"
    },
    "eu.domibus.core.ebms3.receiver.handler.IncomingUserMessageHandler.around_handleNewUserMessage.timer.timer" : {
      "count" : 286658,
      "max" : 1.1017056570000001,
      "mean" : 0.45107569048781637,
      "min" : 0.120645372,
      "p50" : 0.43439299200000003,
      "p75" : 0.5008275280000001,
      "p95" : 0.6413608150000001,
      "p98" : 0.915902404,
      "p99" : 0.9867552020000001,
      "p999" : 1.1017056570000001,
      "stddev" : 0.1298977319653631,
      "m15_rate" : 60.34975550962254,
      "m1_rate" : 61.097238150567144,
      "m5_rate" : 60.367189761883054,
      "mean_rate" : 59.02089476537292,
      "duration_units" : "seconds",
      "rate_units" : "calls/second"
    },
    "eu.domibus.core.ebms3.sender.AbstractUserMessageSender.outgoing_user_message.timer" : {
      "count" : 285788,
      "max" : 0.5121197710000001,
      "mean" : 0.05884006139420564,
      "min" : 0.04184723,
      "p50" : 0.055509304,
      "p75" : 0.060458967,
      "p95" : 0.078589797,
      "p98" : 0.11500204800000001,
      "p99" : 0.146943763,
      "p999" : 0.385544488,
      "stddev" : 0.019855262073668348,
      "m15_rate" : 60.143325950225886,
      "m1_rate" : 60.45322010135567,
      "m5_rate" : 60.08847768898242,
      "mean_rate" : 59.28948357265547,
      "duration_units" : "seconds",
      "rate_units" : "calls/second"
    },
    "eu.domibus.core.ebms3.sender.MessageSenderListener.onMessage.timer" : {
      "count" : 285788,
      "max" : 0.44467521800000004,
      "mean" : 0.09067582809464463,
      "min" : 0.043416247000000005,
      "p50" : 0.067563857,
      "p75" : 0.109487388,
      "p95" : 0.18669036700000002,
      "p98" : 0.23092162700000002,
      "p99" : 0.28418260500000003,
      "p999" : 0.43622281100000004,
      "stddev" : 0.048942190097607745,
      "m15_rate" : 60.15040737165066,
      "m1_rate" : 60.558879888244626,
      "m5_rate" : 60.11245608131129,
      "mean_rate" : 59.28797741888434,
      "duration_units" : "seconds",
      "rate_units" : "calls/second"
    },
    "eu.domibus.core.ebms3.sender.MessageSenderService.sendUserMessage.timer" : {
      "count" : 285788,
      "max" : 0.32440380100000005,
      "mean" : 0.09098520719656615,
      "min" : 0.043806354000000006,
      "p50" : 0.06787246100000001,
      "p75" : 0.113621939,
      "p95" : 0.18541685100000002,
      "p98" : 0.218245668,
      "p99" : 0.25267960100000003,
      "p999" : 0.294477722,
      "stddev" : 0.04666302615788757,
      "m15_rate" : 60.14996233030956,
      "m1_rate" : 60.524318554616826,
      "m5_rate" : 60.10760671199848,
      "mean_rate" : 59.28824573705638,
      "duration_units" : "seconds",
      "rate_units" : "calls/second"
    },
    "eu.domibus.core.ebms3.sender.client.MSHDispatcher.dispatch.timer" : {
      "count" : 285788,
      "max" : 0.39004214600000003,
      "mean" : 0.05031955270647297,
      "min" : 0.033285021000000005,
      "p50" : 0.0473825,
      "p75" : 0.052630467,
      "p95" : 0.067184352,
      "p98" : 0.081766537,
      "p99" : 0.132599579,
      "p999" : 0.39004214600000003,
      "stddev" : 0.019479061109794193,
      "m15_rate" : 60.139018844947266,
      "m1_rate" : 60.35928290337592,
      "m5_rate" : 60.073602413173234,
      "mean_rate" : 59.29134945937784,
      "duration_units" : "seconds",
      "rate_units" : "calls/second"
    },
    "eu.domibus.core.error.ErrorLogDao.deleteMessages.deleteErrorLogsByMessageIdInError.timer" : {
      "count" : 72,
      "max" : 0.014011987,
      "mean" : 0.0034556957629500802,
      "min" : 0.002016627,
      "p50" : 0.003359644,
      "p75" : 0.0037009480000000003,
      "p95" : 0.004264955,
      "p98" : 0.005081866,
      "p99" : 0.005081866,
      "p999" : 0.005081866,
      "stddev" : 4.909158715528681E-4,
      "m15_rate" : 0.040140803641073954,
      "m1_rate" : 6.514805457368591E-10,
      "m5_rate" : 0.001060504788689379,
      "mean_rate" : 0.020505502436202624,
      "duration_units" : "seconds",
      "rate_units" : "calls/second"
    },
    "eu.domibus.core.message.MessageInfoDao.deleteMessages.timer" : {
      "count" : 144,
      "max" : 1.349967211,
      "mean" : 0.6660902693426077,
      "min" : 0.135606679,
      "p50" : 0.453628699,
      "p75" : 1.076422996,
      "p95" : 1.178819124,
      "p98" : 1.25438471,
      "p99" : 1.25438471,
      "p999" : 1.25438471,
      "stddev" : 0.41498574478301203,
      "m15_rate" : 0.08029818344751023,
      "m1_rate" : 1.3272695712205627E-9,
      "m5_rate" : 0.0021278582528613116,
      "mean_rate" : 0.04098937337610414,
      "duration_units" : "seconds",
      "rate_units" : "calls/second"
    },
    "eu.domibus.core.message.MessageInfoDao.findSignalMessageIds.timer" : {
      "count" : 72,
      "max" : 0.39905192700000003,
      "mean" : 0.14293418142265496,
      "min" : 0.086860029,
      "p50" : 0.135877867,
      "p75" : 0.187959644,
      "p95" : 0.24027582400000003,
      "p98" : 0.24027582400000003,
      "p99" : 0.24027582400000003,
      "p999" : 0.24027582400000003,
      "stddev" : 0.05123925319549547,
      "m15_rate" : 0.04013981912478811,
      "m1_rate" : 6.463475994057599E-10,
      "m5_rate" : 0.001059444838348041,
      "mean_rate" : 0.020493234069928378,
      "duration_units" : "seconds",
      "rate_units" : "calls/second"
    },
    "eu.domibus.core.message.MessagingServiceImpl.storeMessage.timer" : {
      "count" : 572553,
      "max" : 0.14282540500000002,
      "mean" : 0.006835565683259405,
      "min" : 0.002751935,
      "p50" : 0.0051711660000000005,
      "p75" : 0.006556082,
      "p95" : 0.010790737,
      "p98" : 0.01420328,
      "p99" : 0.068640871,
      "p999" : 0.13768344500000002,
      "stddev" : 0.010184428159124764,
      "m15_rate" : 120.47559522053105,
      "m1_rate" : 121.5518871435686,
      "m5_rate" : 120.48140823356262,
      "mean_rate" : 117.8850492374943,
      "duration_units" : "seconds",
      "rate_units" : "calls/second"
    },
    "eu.domibus.core.message.UserMessageHandlerServiceImpl.handleNewUserMessage.timer" : {
      "count" : 286715,
      "max" : 0.423572151,
      "mean" : 0.13506472720940524,
      "min" : 0.02230149,
      "p50" : 0.133254188,
      "p75" : 0.15810100100000002,
      "p95" : 0.25037737200000004,
      "p98" : 0.288402349,
      "p99" : 0.321634177,
      "p999" : 0.423462349,
      "stddev" : 0.05922020423644086,
      "m15_rate" : 60.35226235148987,
      "m1_rate" : 61.06735340255899,
      "m5_rate" : 60.36778128794888,
      "mean_rate" : 59.03259525788484,
      "duration_units" : "seconds",
      "rate_units" : "calls/second"
    },
    "eu.domibus.core.message.UserMessageLogDao.deleteMessages.deleteMessageLogs.timer" : {
      "count" : 72,
      "max" : 0.17933796400000002,
      "mean" : 0.0742920339749443,
      "min" : 0.051570376,
      "p50" : 0.075921087,
      "p75" : 0.081274856,
      "p95" : 0.090948582,
      "p98" : 0.090948582,
      "p99" : 0.090948582,
      "p999" : 0.090948582,
      "stddev" : 0.010940126609419839,
      "m15_rate" : 0.04014151079625073,
      "m1_rate" : 6.51480556411374E-10,
      "m5_rate" : 0.0010605883150224414,
      "mean_rate" : 0.02050447835800645,
      "duration_units" : "seconds",
      "rate_units" : "calls/second"
    },
    "eu.domibus.core.message.acknowledge.MessageAcknowledgementDao.deleteMessages.deleteMessageAcknowledgementsByMessageIds.timer" : {
      "count" : 72,
      "max" : 0.012557867,
      "mean" : 0.0029497319436435653,
      "min" : 0.0019223250000000001,
      "p50" : 0.0032042420000000004,
      "p75" : 0.003315943,
      "p95" : 0.0036398470000000003,
      "p98" : 0.004024052,
      "p99" : 0.004024052,
      "p999" : 0.004024052,
      "stddev" : 5.540962516004432E-4,
      "m15_rate" : 0.040140485895770864,
      "m1_rate" : 6.514805457367933E-10,
      "m5_rate" : 0.0010604972113513983,
      "mean_rate" : 0.020505732737537436,
      "duration_units" : "seconds",
      "rate_units" : "calls/second"
    },
    "eu.domibus.core.message.attempt.MessageAttemptDao.deleteMessages.deleteAttemptsByMessageIds.timer" : {
      "count" : 72,
      "max" : 0.018284944,
      "mean" : 0.0034392135285265775,
      "min" : 0.002432932,
      "p50" : 0.0035765470000000002,
      "p75" : 0.003991952,
      "p95" : 0.004374557,
      "p98" : 0.004888564000000001,
      "p99" : 0.004888564000000001,
      "p999" : 0.004888564000000001,
      "stddev" : 6.497556698820716E-4,
      "m15_rate" : 0.040140803641073954,
      "m1_rate" : 6.514805457368591E-10,
      "m5_rate" : 0.001060504788689379,
      "mean_rate" : 0.020505387345882607,
      "duration_units" : "seconds",
      "rate_units" : "calls/second"
    },
    "eu.domibus.core.message.pull.IncomingPullRequestHandler.incoming_pull_request.timer" : {
      "count" : 6,
      "max" : 0.48937461000000004,
      "mean" : 0.029669991039223322,
      "min" : 0.010040529000000001,
      "p50" : 0.010642337,
      "p75" : 0.014125481,
      "p95" : 0.086060706,
      "p98" : 0.086060706,
      "p99" : 0.086060706,
      "p999" : 0.086060706,
      "stddev" : 0.03195062262596501,
      "m15_rate" : 0.0011089956928227894,
      "m1_rate" : 2.658740146796424E-17,
      "m5_rate" : 1.1095650683617318E-5,
      "mean_rate" : 0.0010465894913874144,
      "duration_units" : "seconds",
      "rate_units" : "calls/second"
    },
    "eu.domibus.core.message.receipt.AS4ReceiptServiceImpl.generateReceipt.timer" : {
      "count" : 286704,
      "max" : 0.16090373800000002,
      "mean" : 0.02952635442231599,
      "min" : 0.015699599,
      "p50" : 0.025827727,
      "p75" : 0.033313923,
      "p95" : 0.050959244,
      "p98" : 0.062641894,
      "p99" : 0.07468184800000001,
      "p999" : 0.16090373800000002,
      "stddev" : 0.013378179912504,
      "m15_rate" : 60.35483619969727,
      "m1_rate" : 61.119710340213786,
      "m5_rate" : 60.375629725790226,
      "mean_rate" : 59.03233243436595,
      "duration_units" : "seconds",
      "rate_units" : "calls/second"
    },
    "eu.domibus.core.message.retention.MessageRetentionDefaultService.schedule_deleteExpiredMessages.timer" : {
      "count" : 12,
      "max" : 8.5359107,
      "mean" : 7.713260540013697,
      "min" : 0.49070941,
      "p50" : 7.733054849,
      "p75" : 7.733054849,
      "p95" : 7.733054849,
      "p98" : 7.733054849,
      "p99" : 7.733054849,
      "p999" : 7.733054849,
      "stddev" : 0.031124288287437043,
      "m15_rate" : 0.0016630210828208777,
      "m1_rate" : 8.781472789761827E-11,
      "m5_rate" : 1.329770486128826E-4,
      "mean_rate" : 0.0023369335339731225,
      "duration_units" : "seconds",
      "rate_units" : "calls/second"
    },
    "eu.domibus.core.message.retention.RetentionListener.onMessage.deleteMessages.timer" : {
      "count" : 72,
      "max" : 3.193579025,
      "mean" : 2.1716134813094494,
      "min" : 1.6076448980000002,
      "p50" : 1.9931020160000001,
      "p75" : 2.142419557,
      "p95" : 3.193579025,
      "p98" : 3.193579025,
      "p99" : 3.193579025,
      "p999" : 3.193579025,
      "stddev" : 0.47191136695328145,
      "m15_rate" : 0.032058648912658735,
      "m1_rate" : 6.706560693845888E-10,
      "m5_rate" : 0.0010628556803328397,
      "mean_rate" : 0.020493030283350658,
      "duration_units" : "seconds",
      "rate_units" : "calls/second"
    },
    "eu.domibus.core.message.signal.SignalMessageDao.deleteMessages.deleteReceipts.timer" : {
      "count" : 72,
      "max" : 1.7183214420000001,
      "mean" : 0.4461558537570317,
      "min" : 0.16203479,
      "p50" : 0.22687455,
      "p75" : 0.264688541,
      "p95" : 1.7183214420000001,
      "p98" : 1.7183214420000001,
      "p99" : 1.7183214420000001,
      "p999" : 1.7183214420000001,
      "stddev" : 0.494959438647531,
      "m15_rate" : 0.040142491753780686,
      "m1_rate" : 6.514805564219537E-10,
      "m5_rate" : 0.0010606136306867979,
      "mean_rate" : 0.020501177763426977,
      "duration_units" : "seconds",
      "rate_units" : "calls/second"
    },
    "eu.domibus.core.message.signal.SignalMessageLogDao.deleteMessages.deleteMessageLogs.timer" : {
      "count" : 72,
      "max" : 0.153381093,
      "mean" : 0.0691243162824369,
      "min" : 0.043149766000000006,
      "p50" : 0.062948818,
      "p75" : 0.07629519200000001,
      "p95" : 0.10035830500000001,
      "p98" : 0.153381093,
      "p99" : 0.153381093,
      "p999" : 0.153381093,
      "stddev" : 0.022444759944507925,
      "m15_rate" : 0.04014151079625073,
      "m1_rate" : 6.51480556411374E-10,
      "m5_rate" : 0.0010605883150224414,
      "mean_rate" : 0.020504888949083352,
      "duration_units" : "seconds",
      "rate_units" : "calls/second"
    },
    "eu.domibus.core.plugin.handler.DatabaseMessageHandler.submit.timer" : {
      "count" : 285847,
      "max" : 0.713279791,
      "mean" : 0.12226374894134609,
      "min" : 0.007937103000000001,
      "p50" : 0.106274745,
      "p75" : 0.141854095,
      "p95" : 0.24746464,
      "p98" : 0.307492096,
      "p99" : 0.354522388,
      "p999" : 0.567730994,
      "stddev" : 0.06438143514628421,
      "m15_rate" : 60.14607283234267,
      "m1_rate" : 60.38947192395859,
      "m5_rate" : 60.089762233158325,
      "mean_rate" : 59.296819092761226,
      "duration_units" : "seconds",
      "rate_units" : "calls/second"
    },
    "eu.domibus.core.plugin.notification.BackendNotificationService.notifyMessageReceived.timer" : {
      "count" : 286705,
      "max" : 0.404931374,
      "mean" : 0.0813051120012937,
      "min" : 3.9070500000000003E-4,
      "p50" : 0.08120663,
      "p75" : 0.10880547900000001,
      "p95" : 0.158771409,
      "p98" : 0.203210777,
      "p99" : 0.238660325,
      "p999" : 0.35212296200000004,
      "stddev" : 0.04969237242220963,
      "m15_rate" : 60.346260935236295,
      "m1_rate" : 60.985551846508464,
      "m5_rate" : 60.34986940707245,
      "mean_rate" : 59.03146348659756,
      "duration_units" : "seconds",
      "rate_units" : "calls/second"
    },
    "eu.domibus.core.plugin.notification.PluginAsyncNotificationListener.onMessage.timer" : {
      "count" : 285902,
      "max" : 0.617876305,
      "mean" : 0.12157816866700727,
      "min" : 0.009219517,
      "p50" : 0.108571473,
      "p75" : 0.14024007700000002,
      "p95" : 0.245008302,
      "p98" : 0.27916592300000004,
      "p99" : 0.303557748,
      "p999" : 0.415547565,
      "stddev" : 0.05922883532439185,
      "m15_rate" : 60.1565422116894,
      "m1_rate" : 60.622058607053184,
      "m5_rate" : 60.15549026270513,
      "mean_rate" : 58.87240560764761,
      "duration_units" : "seconds",
      "rate_units" : "calls/second"
    },
    "eu.domibus.core.pmode.validation.validators.MessagePropertyValidator.validate.timer" : {
      "count" : 572553,
      "max" : 1.64802E-4,
      "mean" : 1.7213766018484256E-6,
      "min" : 4.0000000000000003E-7,
      "p50" : 1.3E-6,
      "p75" : 1.7E-6,
      "p95" : 2.4000000000000003E-6,
      "p98" : 2.7E-6,
      "p99" : 4.6E-6,
      "p999" : 1.64802E-4,
      "stddev" : 5.600671614955362E-6,
      "m15_rate" : 120.47604633254866,
      "m1_rate" : 121.55771775998029,
      "m5_rate" : 120.48241182035895,
      "mean_rate" : 117.88475300696848,
      "duration_units" : "seconds",
      "rate_units" : "calls/second"
    },
    "eu.domibus.core.replication.UIMessageDaoImpl.deleteMessages.deleteUIMessagesByMessageIds.timer" : {
      "count" : 144,
      "max" : 0.016420019,
      "mean" : 0.0030840776518170692,
      "min" : 0.0017087220000000002,
      "p50" : 0.0028291370000000002,
      "p75" : 0.003229842,
      "p95" : 0.005851676,
      "p98" : 0.008503110000000001,
      "p99" : 0.008503110000000001,
      "p999" : 0.008503110000000001,
      "stddev" : 0.001377207414252146,
      "m15_rate" : 0.08028097179154173,
      "m1_rate" : 1.3029610914735866E-9,
      "m5_rate" : 0.0021209944227027966,
      "mean_rate" : 0.04101113308924593,
      "duration_units" : "seconds",
      "rate_units" : "calls/second"
    },
    "eu.domibus.core.util.SoapUtil.logMessage.timer" : {
      "count" : 286705,
      "max" : 9.270200000000001E-5,
      "mean" : 9.880764475103479E-7,
      "min" : 2.0000000000000002E-7,
      "p50" : 8.000000000000001E-7,
      "p75" : 1.0000000000000002E-6,
      "p95" : 1.4000000000000001E-6,
      "p98" : 1.7E-6,
      "p99" : 1.8000000000000001E-6,
      "p999" : 9.270200000000001E-5,
      "stddev" : 3.1634432409778443E-6,
      "m15_rate" : 60.358539951631364,
      "m1_rate" : 61.15531850509974,
      "m5_rate" : 60.38579514532472,
      "mean_rate" : 59.030559444401256,
      "duration_units" : "seconds",
      "rate_units" : "calls/second"
    },
    "eu.domibus.plugin.jms.JMSPluginImpl.deliverMessage.timer" : {
      "count" : 285902,
      "max" : 0.45114341900000005,
      "mean" : 0.12617814160298402,
      "min" : 0.008427510000000001,
      "p50" : 0.11081510400000001,
      "p75" : 0.15781720300000002,
      "p95" : 0.237835913,
      "p98" : 0.282362277,
      "p99" : 0.355893705,
      "p999" : 0.45114341900000005,
      "stddev" : 0.06236755404038455,
      "m15_rate" : 60.155632159301966,
      "m1_rate" : 60.61995276116986,
      "m5_rate" : 60.15343341268304,
      "mean_rate" : 58.87258492630969,
      "duration_units" : "seconds",
      "rate_units" : "calls/second"
    },
    "eu.domibus.plugin.jms.JMSPluginImpl.receiveMessage.timer" : {
      "count" : 285846,
      "max" : 0.7097940920000001,
      "mean" : 0.2182005027930285,
      "min" : 0.008488811,
      "p50" : 0.20611721300000002,
      "p75" : 0.256787655,
      "p95" : 0.389483838,
      "p98" : 0.47155137500000005,
      "p99" : 0.524743352,
      "p999" : 0.7097940920000001,
      "stddev" : 0.09737632809392127,
      "m15_rate" : 60.14549347864575,
      "m1_rate" : 60.40067160609882,
      "m5_rate" : 60.08987677389332,
      "mean_rate" : 59.29643650834453,
      "duration_units" : "seconds",
      "rate_units" : "calls/second"
    }
  }
}