{
  "version" : "4.0.0",
  "gauges" : { },
  "counters" : {
    "eu.domibus.core.ebms3.receiver.MSHWebservice.incoming_user_message.counter" : {
      "count" : 25
    },
    "eu.domibus.core.ebms3.receiver.handler.AbstractIncomingMessageHandler.processMessage.counter" : {
      "count" : 25
    },
    "eu.domibus.core.ebms3.receiver.handler.IncomingUserMessageHandler.around_handleNewUserMessage.counter.counter" : {
      "count" : 55
    },
    "eu.domibus.core.ebms3.sender.AbstractUserMessageSender.outgoing_user_message.counter" : {
      "count" : 0
    },
    "eu.domibus.core.ebms3.sender.MessageSenderListener.onMessage.counter" : {
      "count" : 0
    },
    "eu.domibus.core.ebms3.sender.MessageSenderService.sendUserMessage.counter" : {
      "count" : 0
    },
    "eu.domibus.core.ebms3.sender.client.MSHDispatcher.dispatch.counter" : {
      "count" : 0
    },
    "eu.domibus.core.error.ErrorLogDao.deleteMessages.deleteErrorLogsByMessageIdInError.counter" : {
      "count" : 0
    },
    "eu.domibus.core.message.MessageInfoDao.deleteMessages.counter" : {
      "count" : 0
    },
    "eu.domibus.core.message.MessageInfoDao.findSignalMessageIds.counter" : {
      "count" : 0
    },
    "eu.domibus.core.message.MessagingServiceImpl.storeMessage.counter" : {
      "count" : 1
    },
    "eu.domibus.core.message.UserMessageHandlerServiceImpl.handleNewUserMessage.counter" : {
      "count" : 1
    },
    "eu.domibus.core.message.UserMessageLogDao.deleteMessages.deleteMessageLogs.counter" : {
      "count" : 0
    },
    "eu.domibus.core.message.acknowledge.MessageAcknowledgementDao.deleteMessages.deleteMessageAcknowledgementsByMessageIds.counter" : {
      "count" : 0
    },
    "eu.domibus.core.message.attempt.MessageAttemptDao.deleteMessages.deleteAttemptsByMessageIds.counter" : {
      "count" : 0
    },
    "eu.domibus.core.message.pull.IncomingPullRequestHandler.incoming_pull_request.counter" : {
      "count" : 0
    },
    "eu.domibus.core.message.receipt.AS4ReceiptServiceImpl.generateReceipt.counter" : {
      "count" : 0
    },
    "eu.domibus.core.message.retention.MessageRetentionDefaultService.schedule_deleteExpiredMessages.counter" : {
      "count" : 0
    },
    "eu.domibus.core.message.retention.RetentionListener.onMessage.deleteMessages.counter" : {
      "count" : 0
    },
    "eu.domibus.core.message.signal.SignalMessageDao.deleteMessages.deleteReceipts.counter" : {
      "count" : 0
    },
    "eu.domibus.core.message.signal.SignalMessageLogDao.deleteMessages.deleteMessageLogs.counter" : {
      "count" : 0
    },
    "eu.domibus.core.plugin.handler.DatabaseMessageHandler.submit.counter" : {
      "count" : 7
    },
    "eu.domibus.core.plugin.notification.BackendNotificationService.notifyMessageReceived.counter" : {
      "count" : 0
    },
    "eu.domibus.core.plugin.notification.PluginAsyncNotificationListener.onMessage.counter" : {
      "count" : 1
    },
    "eu.domibus.core.pmode.validation.validators.MessagePropertyValidator.validate.counter" : {
      "count" : 0
    },
    "eu.domibus.core.replication.UIMessageDaoImpl.deleteMessages.deleteUIMessagesByMessageIds.counter" : {
      "count" : 0
    },
    "eu.domibus.core.util.SoapUtil.SoapUtil.counter" : {
      "count" : 0
    },
    "eu.domibus.plugin.jms.JMSPluginImpl.deliverMessage.counter" : {
      "count" : 1
    },
    "eu.domibus.plugin.jms.JMSPluginImpl.receiveMessage.counter" : {
      "count" : 12
    }
  },
  "histograms" : { },
  "meters" : { },
  "timers" : {
    "eu.domibus.core.ebms3.receiver.MSHWebservice.incoming_user_message.timer" : {
      "count" : 219467,
      "max" : 1.1884015030000001,
      "mean" : 0.40377420561492733,
      "min" : 0.133962888,
      "p50" : 0.40869401200000005,
      "p75" : 0.486951179,
      "p95" : 0.6388463510000001,
      "p98" : 0.67092523,
      "p99" : 0.7082993670000001,
      "p999" : 0.8574851160000001,
      "stddev" : 0.13645465390157094,
      "m15_rate" : 60.090341185931976,
      "m1_rate" : 55.65706853548909,
      "m5_rate" : 59.670870050572354,
      "mean_rate" : 48.918640534346956,
      "duration_units" : "seconds",
      "rate_units" : "calls/second"
    },
    "eu.domibus.core.ebms3.receiver.handler.AbstractIncomingMessageHandler.processMessage.timer" : {
      "count" : 219454,
      "max" : 0.985459607,
      "mean" : 0.4040788033482375,
      "min" : 0.131392308,
      "p50" : 0.41326578,
      "p75" : 0.490599184,
      "p95" : 0.627943818,
      "p98" : 0.680884455,
      "p99" : 0.734184194,
      "p999" : 0.9470949420000001,
      "stddev" : 0.137428881196734,
      "m15_rate" : 60.12170384525134,
      "m1_rate" : 55.58708948680213,
      "m5_rate" : 59.661642503238504,
      "mean_rate" : 60.76628936131288,
      "duration_units" : "seconds",
      "rate_units" : "calls/second"
    },
    "eu.domibus.core.ebms3.receiver.handler.IncomingUserMessageHandler.around_handleNewUserMessage.timer.timer" : {
      "count" : 219424,
      "max" : 1.102973078,
      "mean" : 0.4011374792635081,
      "min" : 0.126500041,
      "p50" : 0.41031760100000003,
      "p75" : 0.48880266600000005,
      "p95" : 0.6316625920000001,
      "p98" : 0.677860576,
      "p99" : 0.727934042,
      "p999" : 0.9520573080000001,
      "stddev" : 0.13698367841247616,
      "m15_rate" : 60.12093807384707,
      "m1_rate" : 55.68995085051894,
      "m5_rate" : 59.67967755992062,
      "mean_rate" : 60.758380292278616,
      "duration_units" : "seconds",
      "rate_units" : "calls/second"
    },
    "eu.domibus.core.ebms3.sender.AbstractUserMessageSender.outgoing_user_message.timer" : {
      "count" : 219212,
      "max" : 0.330628754,
      "mean" : 0.060326816425345556,
      "min" : 0.042042414,
      "p50" : 0.057511508,
      "p75" : 0.062785372,
      "p95" : 0.073019202,
      "p98" : 0.105784478,
      "p99" : 0.18359565,
      "p999" : 0.27787900600000004,
      "stddev" : 0.019549039818901815,
      "m15_rate" : 60.21730476291164,
      "m1_rate" : 54.714322385602166,
      "m5_rate" : 59.71758690477374,
      "mean_rate" : 61.326108858471976,
      "duration_units" : "seconds",
      "rate_units" : "calls/second"
    },
    "eu.domibus.core.ebms3.sender.MessageSenderListener.onMessage.timer" : {
      "count" : 219212,
      "max" : 0.370308909,
      "mean" : 0.0795852155595985,
      "min" : 0.04701168,
      "p50" : 0.065408254,
      "p75" : 0.075230986,
      "p95" : 0.168232552,
      "p98" : 0.20144272700000002,
      "p99" : 0.22322318200000002,
      "p999" : 0.34587784200000005,
      "stddev" : 0.03922140680595463,
      "m15_rate" : 60.2154944242233,
      "m1_rate" : 54.661852338233025,
      "m5_rate" : 59.7110122195911,
      "mean_rate" : 61.3247514465214,
      "duration_units" : "seconds",
      "rate_units" : "calls/second"
    },
    "eu.domibus.core.ebms3.sender.MessageSenderService.sendUserMessage.timer" : {
      "count" : 219212,
      "max" : 0.345202045,
      "mean" : 0.08137015175331273,
      "min" : 0.046121886,
      "p50" : 0.065130856,
      "p75" : 0.076301379,
      "p95" : 0.170986035,
      "p98" : 0.23170312,
      "p99" : 0.262696908,
      "p999" : 0.345202045,
      "stddev" : 0.043995008663408657,
      "m15_rate" : 60.219778274178736,
      "m1_rate" : 54.742613287093185,
      "m5_rate" : 59.724758376846715,
      "mean_rate" : 61.32538842612119,
      "duration_units" : "seconds",
      "rate_units" : "calls/second"
    },
    "eu.domibus.core.ebms3.sender.client.MSHDispatcher.dispatch.timer" : {
      "count" : 219212,
      "max" : 0.33239153400000004,
      "mean" : 0.05029723987190629,
      "min" : 0.032843676,
      "p50" : 0.047145978000000005,
      "p75" : 0.052370142,
      "p95" : 0.06229127500000001,
      "p98" : 0.076576478,
      "p99" : 0.148432489,
      "p999" : 0.33239153400000004,
      "stddev" : 0.020948056696975397,
      "m15_rate" : 60.21318812433781,
      "m1_rate" : 54.68355390815739,
      "m5_rate" : 59.706098319611925,
      "mean_rate" : 61.328500065549584,
      "duration_units" : "seconds",
      "rate_units" : "calls/second"
    },
    "eu.domibus.core.error.ErrorLogDao.deleteMessages.deleteErrorLogsByMessageIdInError.timer" : {
      "count" : 96,
      "max" : 0.019309257,
      "mean" : 0.0037056419087962487,
      "min" : 0.0021679860000000002,
      "p50" : 0.003632975,
      "p75" : 0.003920873,
      "p95" : 0.005505462,
      "p98" : 0.005505462,
      "p99" : 0.005505462,
      "p999" : 0.005505462,
      "stddev" : 8.012250051563835E-4,
      "m15_rate" : 0.12432077502047965,
      "m1_rate" : 0.0707752502724064,
      "m5_rate" : 0.04225809104315875,
      "mean_rate" : 0.03658071849178502,
      "duration_units" : "seconds",
      "rate_units" : "calls/second"
    },
    "eu.domibus.core.message.MessageInfoDao.deleteMessages.timer" : {
      "count" : 192,
      "max" : 3.151192705,
      "mean" : 0.6306373923665782,
      "min" : 0.128667984,
      "p50" : 0.366626602,
      "p75" : 1.0198416540000002,
      "p95" : 1.213082338,
      "p98" : 1.213082338,
      "p99" : 1.213082338,
      "p999" : 1.213082338,
      "stddev" : 0.3899576327406777,
      "m15_rate" : 0.2257246140802075,
      "m1_rate" : 0.13155116140152065,
      "m5_rate" : 0.08335137559002187,
      "mean_rate" : 0.07310796689545927,
      "duration_units" : "seconds",
      "rate_units" : "calls/second"
    },
    "eu.domibus.core.message.MessageInfoDao.findSignalMessageIds.timer" : {
      "count" : 96,
      "max" : 0.41663691700000005,
      "mean" : 0.10011297038484597,
      "min" : 0.076689801,
      "p50" : 0.10129101,
      "p75" : 0.10371279400000001,
      "p95" : 0.128895522,
      "p98" : 0.128895522,
      "p99" : 0.128895522,
      "p999" : 0.128895522,
      "stddev" : 0.013287610299642727,
      "m15_rate" : 0.12366284235845434,
      "m1_rate" : 0.06577449004333763,
      "m5_rate" : 0.04167077332199063,
      "mean_rate" : 0.0365487076667198,
      "duration_units" : "seconds",
      "rate_units" : "calls/second"
    },
    "eu.domibus.core.message.MessagingServiceImpl.storeMessage.timer" : {
      "count" : 438733,
      "max" : 0.096794747,
      "mean" : 0.0060420481644964255,
      "min" : 0.003149878,
      "p50" : 0.005066265,
      "p75" : 0.0063362570000000005,
      "p95" : 0.011319323000000001,
      "p98" : 0.014662000000000001,
      "p99" : 0.016880984,
      "p999" : 0.058173104,
      "stddev" : 0.0034780312844327095,
      "m15_rate" : 120.30474136327062,
      "m1_rate" : 111.4594006435561,
      "m5_rate" : 119.54707034282353,
      "mean_rate" : 121.48547746874365,
      "duration_units" : "seconds",
      "rate_units" : "calls/second"
    },
    "eu.domibus.core.message.UserMessageHandlerServiceImpl.handleNewUserMessage.timer" : {
      "count" : 219478,
      "max" : 0.48565838800000005,
      "mean" : 0.10859127246509107,
      "min" : 0.024021736000000002,
      "p50" : 0.105100383,
      "p75" : 0.149883978,
      "p95" : 0.22318367700000002,
      "p98" : 0.262290413,
      "p99" : 0.273828033,
      "p999" : 0.48565838800000005,
      "stddev" : 0.06549058520747168,
      "m15_rate" : 60.127552263109685,
      "m1_rate" : 55.685862315537165,
      "m5_rate" : 59.67910513901572,
      "mean_rate" : 60.773301145736745,
      "duration_units" : "seconds",
      "rate_units" : "calls/second"
    },
    "eu.domibus.core.message.UserMessageLogDao.deleteMessages.deleteMessageLogs.timer" : {
      "count" : 96,
      "max" : 0.194769459,
      "mean" : 0.06470027324959238,
      "min" : 0.052951050000000006,
      "p50" : 0.06611475,
      "p75" : 0.070957117,
      "p95" : 0.075677784,
      "p98" : 0.075677784,
      "p99" : 0.075677784,
      "p999" : 0.075677784,
      "stddev" : 0.007180776181366031,
      "m15_rate" : 0.1243396956951378,
      "m1_rate" : 0.07148966472531264,
      "m5_rate" : 0.042336425812341795,
      "mean_rate" : 0.03657709084572866,
      "duration_units" : "seconds",
      "rate_units" : "calls/second"
    },
    "eu.domibus.core.message.acknowledge.MessageAcknowledgementDao.deleteMessages.deleteMessageAcknowledgementsByMessageIds.timer" : {
      "count" : 96,
      "max" : 0.014198495,
      "mean" : 0.0029825653168698185,
      "min" : 0.001977586,
      "p50" : 0.0031141790000000003,
      "p75" : 0.003269778,
      "p95" : 0.003403877,
      "p98" : 0.003403877,
      "p99" : 0.003403877,
      "p999" : 0.0038610740000000004,
      "stddev" : 4.3242532082103213E-4,
      "m15_rate" : 0.1243142584619804,
      "m1_rate" : 0.07006175818323085,
      "m5_rate" : 0.04220941502389604,
      "mean_rate" : 0.03658131818723449,
      "duration_units" : "seconds",
      "rate_units" : "calls/second"
    },
    "eu.domibus.core.message.attempt.MessageAttemptDao.deleteMessages.deleteAttemptsByMessageIds.timer" : {
      "count" : 96,
      "max" : 0.028946485,
      "mean" : 0.003234423867398177,
      "min" : 0.002153486,
      "p50" : 0.0030112790000000004,
      "p75" : 0.0038511730000000003,
      "p95" : 0.004453769000000001,
      "p98" : 0.004453769000000001,
      "p99" : 0.004453769000000001,
      "p999" : 0.004453769000000001,
      "stddev" : 7.100726022972092E-4,
      "m15_rate" : 0.12432077502047965,
      "m1_rate" : 0.0707752502724064,
      "m5_rate" : 0.04225809104315875,
      "mean_rate" : 0.036580299886250174,
      "duration_units" : "seconds",
      "rate_units" : "calls/second"
    },
    "eu.domibus.core.message.pull.IncomingPullRequestHandler.incoming_pull_request.timer" : {
      "count" : 13,
      "max" : 0.47321025600000005,
      "mean" : 0.06705810293421274,
      "min" : 0.009397942000000001,
      "p50" : 0.020702972,
      "p75" : 0.09622820900000001,
      "p95" : 0.19203912,
      "p98" : 0.19203912,
      "p99" : 0.19203912,
      "p999" : 0.19203912,
      "stddev" : 0.0696259494293639,
      "m15_rate" : 0.013097638548459647,
      "m1_rate" : 3.195131528418879E-8,
      "m5_rate" : 8.685302610077999E-4,
      "mean_rate" : 0.0028976679893444137,
      "duration_units" : "seconds",
      "rate_units" : "calls/second"
    },
    "eu.domibus.core.message.receipt.AS4ReceiptServiceImpl.generateReceipt.timer" : {
      "count" : 219467,
      "max" : 0.18416874800000002,
      "mean" : 0.027324732026741686,
      "min" : 0.016741186,
      "p50" : 0.024003936,
      "p75" : 0.029166401,
      "p95" : 0.046000286,
      "p98" : 0.061203983,
      "p99" : 0.068068136,
      "p999" : 0.181358967,
      "stddev" : 0.012118553754033864,
      "m15_rate" : 60.12312518449069,
      "m1_rate" : 55.693223019319014,
      "m5_rate" : 59.674312904736276,
      "mean_rate" : 60.772762157518024,
      "duration_units" : "seconds",
      "rate_units" : "calls/second"
    },
    "eu.domibus.core.message.retention.MessageRetentionDefaultService.schedule_deleteExpiredMessages.timer" : {
      "count" : 18,
      "max" : 8.610182696,
      "mean" : 6.704809123242999,
      "min" : 0.22059636800000001,
      "p50" : 6.700004066,
      "p75" : 6.700004066,
      "p95" : 6.700004066,
      "p98" : 6.700004066,
      "p99" : 6.700004066,
      "p999" : 8.610182696,
      "stddev" : 0.095837883263111,
      "m15_rate" : 0.006448238354856224,
      "m1_rate" : 0.0089362425591371,
      "m5_rate" : 0.005264049576485975,
      "mean_rate" : 0.004177491992676341,
      "duration_units" : "seconds",
      "rate_units" : "calls/second"
    },
    "eu.domibus.core.message.retention.RetentionListener.onMessage.deleteMessages.timer" : {
      "count" : 96,
      "max" : 5.081132028000001,
      "mean" : 1.8116720888207325,
      "min" : 1.402168096,
      "p50" : 1.7386394580000002,
      "p75" : 2.006875529,
      "p95" : 2.1700263200000003,
      "p98" : 2.1700263200000003,
      "p99" : 2.1700263200000003,
      "p999" : 2.1700263200000003,
      "stddev" : 0.20651129774552995,
      "m15_rate" : 0.09124424365113531,
      "m1_rate" : 0.0664901148293007,
      "m5_rate" : 0.04169740588151701,
      "mean_rate" : 0.036547961548230576,
      "duration_units" : "seconds",
      "rate_units" : "calls/second"
    },
    "eu.domibus.core.message.signal.SignalMessageDao.deleteMessages.deleteReceipts.timer" : {
      "count" : 96,
      "max" : 2.291634637,
      "mean" : 0.22315940603903187,
      "min" : 0.160763337,
      "p50" : 0.20540740100000002,
      "p75" : 0.23919467000000003,
      "p95" : 0.304428927,
      "p98" : 0.304428927,
      "p99" : 0.304428927,
      "p999" : 0.304428927,
      "stddev" : 0.040533824990891615,
      "m15_rate" : 0.12435214260931879,
      "m1_rate" : 0.07149069928929859,
      "m5_rate" : 0.042366958880589105,
      "mean_rate" : 0.03657365121726538,
      "duration_units" : "seconds",
      "rate_units" : "calls/second"
    },
    "eu.domibus.core.message.signal.SignalMessageLogDao.deleteMessages.deleteMessageLogs.timer" : {
      "count" : 96,
      "max" : 0.18694101700000001,
      "mean" : 0.06576263124399341,
      "min" : 0.039609607000000005,
      "p50" : 0.064818059,
      "p75" : 0.074166195,
      "p95" : 0.08334303200000001,
      "p98" : 0.08334303200000001,
      "p99" : 0.08334303200000001,
      "p999" : 0.08334303200000001,
      "stddev" : 0.011997135287694012,
      "m15_rate" : 0.12432971101240509,
      "m1_rate" : 0.07148877475407268,
      "m5_rate" : 0.04231329316252657,
      "mean_rate" : 0.036578856787655024,
      "duration_units" : "seconds",
      "rate_units" : "calls/second"
    },
    "eu.domibus.core.plugin.handler.DatabaseMessageHandler.submit.timer" : {
      "count" : 219259,
      "max" : 0.5756608750000001,
      "mean" : 0.10066708975767094,
      "min" : 0.008822939,
      "p50" : 0.096054647,
      "p75" : 0.126967338,
      "p95" : 0.24477153000000001,
      "p98" : 0.271899546,
      "p99" : 0.277292009,
      "p999" : 0.5756608750000001,
      "stddev" : 0.0677720385708881,
      "m15_rate" : 60.22796606759848,
      "m1_rate" : 54.870777748881956,
      "m5_rate" : 59.743448417807066,
      "mean_rate" : 61.33366301803462,
      "duration_units" : "seconds",
      "rate_units" : "calls/second"
    },
    "eu.domibus.core.plugin.notification.BackendNotificationService.notifyMessageReceived.timer" : {
      "count" : 219467,
      "max" : 0.297110574,
      "mean" : 0.06492049855425833,
      "min" : 4.4549700000000005E-4,
      "p50" : 0.058066104,
      "p75" : 0.100714413,
      "p95" : 0.16278208900000002,
      "p98" : 0.193327981,
      "p99" : 0.23094672500000002,
      "p999" : 0.297110574,
      "stddev" : 0.05557344767170941,
      "m15_rate" : 60.12603766932848,
      "m1_rate" : 55.731240139582766,
      "m5_rate" : 59.683406446636866,
      "mean_rate" : 60.77148761296916,
      "duration_units" : "seconds",
      "rate_units" : "calls/second"
    },
    "eu.domibus.core.plugin.notification.PluginAsyncNotificationListener.onMessage.timer" : {
      "count" : 219300,
      "max" : 0.47656586300000003,
      "mean" : 0.09853498691289422,
      "min" : 0.008999939,
      "p50" : 0.098786726,
      "p75" : 0.126954734,
      "p95" : 0.22433397600000002,
      "p98" : 0.276643912,
      "p99" : 0.30374633700000003,
      "p999" : 0.37975991000000003,
      "stddev" : 0.06326102720765409,
      "m15_rate" : 60.24635000445741,
      "m1_rate" : 56.17077270891152,
      "m5_rate" : 59.928769104372314,
      "mean_rate" : 60.733728847912566,
      "duration_units" : "seconds",
      "rate_units" : "calls/second"
    },
    "eu.domibus.core.pmode.validation.validators.MessagePropertyValidator.validate.timer" : {
      "count" : 438734,
      "max" : 0.0012731910000000001,
      "mean" : 3.3607776718965353E-6,
      "min" : 4.0000000000000003E-7,
      "p50" : 1.1E-6,
      "p75" : 1.3E-6,
      "p95" : 2.3E-6,
      "p98" : 2.7E-6,
      "p99" : 1.65E-5,
      "p999" : 0.0012731910000000001,
      "stddev" : 5.021256476293502E-5,
      "m15_rate" : 120.30542231793777,
      "m1_rate" : 111.4683580744148,
      "m5_rate" : 119.54907198033946,
      "mean_rate" : 121.48531147994882,
      "duration_units" : "seconds",
      "rate_units" : "calls/second"
    },
    "eu.domibus.core.replication.UIMessageDaoImpl.deleteMessages.deleteUIMessagesByMessageIds.timer" : {
      "count" : 192,
      "max" : 0.021387842,
      "mean" : 0.0027998543291007567,
      "min" : 0.0017442870000000002,
      "p50" : 0.0025866820000000003,
      "p75" : 0.003211578,
      "p95" : 0.004616268000000001,
      "p98" : 0.004616268000000001,
      "p99" : 0.004616268000000001,
      "p999" : 0.004616268000000001,
      "stddev" : 6.0939049100537E-4,
      "m15_rate" : 0.2486415500409593,
      "m1_rate" : 0.1415505005448128,
      "m5_rate" : 0.0845161820863175,
      "mean_rate" : 0.07316190982638585,
      "duration_units" : "seconds",
      "rate_units" : "calls/second"
    },
    "eu.domibus.core.util.SoapUtil.logMessage.timer" : {
      "count" : 219468,
      "max" : 2.5699000000000002E-5,
      "mean" : 7.813309306509594E-7,
      "min" : 3.0000000000000004E-7,
      "p50" : 6.000000000000001E-7,
      "p75" : 8.000000000000001E-7,
      "p95" : 1.3E-6,
      "p98" : 1.5E-6,
      "p99" : 1.6000000000000001E-6,
      "p999" : 2.5699000000000002E-5,
      "stddev" : 1.0730922041790755E-6,
      "m15_rate" : 60.12248101217752,
      "m1_rate" : 55.68934948368252,
      "m5_rate" : 59.67371447019494,
      "mean_rate" : 60.770565590253554,
      "duration_units" : "seconds",
      "rate_units" : "calls/second"
    },
    "eu.domibus.plugin.jms.JMSPluginImpl.deliverMessage.timer" : {
      "count" : 219300,
      "max" : 0.494471979,
      "mean" : 0.09981883597237934,
      "min" : 0.008507442,
      "p50" : 0.098450729,
      "p75" : 0.128678822,
      "p95" : 0.23010983100000001,
      "p98" : 0.272469142,
      "p99" : 0.287858437,
      "p999" : 0.34181946900000004,
      "stddev" : 0.06478102835271995,
      "m15_rate" : 60.2455710488859,
      "m1_rate" : 56.161076504813195,
      "m5_rate" : 59.92631907572654,
      "mean_rate" : 60.73393236191874,
      "duration_units" : "seconds",
      "rate_units" : "calls/second"
    },
    "eu.domibus.plugin.jms.JMSPluginImpl.receiveMessage.timer" : {
      "count" : 219254,
      "max" : 0.758115108,
      "mean" : 0.1750312537923897,
      "min" : 0.009662934,
      "p50" : 0.183385449,
      "p75" : 0.242303446,
      "p95" : 0.35898155000000004,
      "p98" : 0.411781793,
      "p99" : 0.42801908000000005,
      "p999" : 0.5836311200000001,
      "stddev" : 0.10848636703191401,
      "m15_rate" : 60.218536193557064,
      "m1_rate" : 54.732094765613205,
      "m5_rate" : 59.715393770010984,
      "mean_rate" : 61.33162091082716,
      "duration_units" : "seconds",
      "rate_units" : "calls/second"
    }
  }
}