{
  "version" : "4.0.0",
  "gauges" : { },
  "counters" : {
    "eu.domibus.core.ebms3.receiver.MSHWebservice.incoming_user_message.counter" : {
      "count" : 30
    },
    "eu.domibus.core.ebms3.receiver.handler.AbstractIncomingMessageHandler.processMessage.counter" : {
      "count" : 30
    },
    "eu.domibus.core.ebms3.receiver.handler.IncomingUserMessageHandler.around_handleNewUserMessage.counter.counter" : {
      "count" : 60
    },
    "eu.domibus.core.ebms3.sender.AbstractUserMessageSender.outgoing_user_message.counter" : {
      "count" : 1
    },
    "eu.domibus.core.ebms3.sender.MessageSenderListener.onMessage.counter" : {
      "count" : 3
    },
    "eu.domibus.core.ebms3.sender.MessageSenderService.sendUserMessage.counter" : {
      "count" : 3
    },
    "eu.domibus.core.ebms3.sender.client.MSHDispatcher.dispatch.counter" : {
      "count" : 1
    },
    "eu.domibus.core.error.ErrorLogDao.deleteMessages.deleteErrorLogsByMessageIdInError.counter" : {
      "count" : 0
    },
    "eu.domibus.core.message.MessageInfoDao.deleteMessages.counter" : {
      "count" : 0
    },
    "eu.domibus.core.message.MessageInfoDao.findSignalMessageIds.counter" : {
      "count" : 0
    },
    "eu.domibus.core.message.MessagingServiceImpl.storeMessage.counter" : {
      "count" : 0
    },
    "eu.domibus.core.message.UserMessageHandlerServiceImpl.handleNewUserMessage.counter" : {
      "count" : 7
    },
    "eu.domibus.core.message.UserMessageLogDao.deleteMessages.deleteMessageLogs.counter" : {
      "count" : 0
    },
    "eu.domibus.core.message.acknowledge.MessageAcknowledgementDao.deleteMessages.deleteMessageAcknowledgementsByMessageIds.counter" : {
      "count" : 0
    },
    "eu.domibus.core.message.attempt.MessageAttemptDao.deleteMessages.deleteAttemptsByMessageIds.counter" : {
      "count" : 0
    },
    "eu.domibus.core.message.pull.IncomingPullRequestHandler.incoming_pull_request.counter" : {
      "count" : 0
    },
    "eu.domibus.core.message.receipt.AS4ReceiptServiceImpl.generateReceipt.counter" : {
      "count" : 0
    },
    "eu.domibus.core.message.retention.MessageRetentionDefaultService.schedule_deleteExpiredMessages.counter" : {
      "count" : 0
    },
    "eu.domibus.core.message.retention.RetentionListener.onMessage.deleteMessages.counter" : {
      "count" : 0
    },
    "eu.domibus.core.message.signal.SignalMessageDao.deleteMessages.deleteReceipts.counter" : {
      "count" : 0
    },
    "eu.domibus.core.message.signal.SignalMessageLogDao.deleteMessages.deleteMessageLogs.counter" : {
      "count" : 0
    },
    "eu.domibus.core.plugin.handler.DatabaseMessageHandler.submit.counter" : {
      "count" : 8
    },
    "eu.domibus.core.plugin.notification.BackendNotificationService.notifyMessageReceived.counter" : {
      "count" : 7
    },
    "eu.domibus.core.plugin.notification.PluginAsyncNotificationListener.onMessage.counter" : {
      "count" : 8
    },
    "eu.domibus.core.pmode.validation.validators.MessagePropertyValidator.validate.counter" : {
      "count" : 0
    },
    "eu.domibus.core.replication.UIMessageDaoImpl.deleteMessages.deleteUIMessagesByMessageIds.counter" : {
      "count" : 0
    },
    "eu.domibus.core.util.SoapUtil.SoapUtil.counter" : {
      "count" : 0
    },
    "eu.domibus.plugin.jms.JMSPluginImpl.deliverMessage.counter" : {
      "count" : 8
    },
    "eu.domibus.plugin.jms.JMSPluginImpl.receiveMessage.counter" : {
      "count" : 11
    }
  },
  "histograms" : { },
  "meters" : { },
  "timers" : {
    "eu.domibus.core.ebms3.receiver.MSHWebservice.incoming_user_message.timer" : {
      "count" : 219758,
      "max" : 0.9702223050000001,
      "mean" : 0.4107333367150132,
      "min" : 0.12450906900000001,
      "p50" : 0.402858888,
      "p75" : 0.489412065,
      "p95" : 0.6409815240000001,
      "p98" : 0.678924117,
      "p99" : 0.6960946060000001,
      "p999" : 0.8610478690000001,
      "stddev" : 0.1215861955484657,
      "m15_rate" : 61.328728117073624,
      "m1_rate" : 63.18356546574989,
      "m5_rate" : 62.742157059836615,
      "mean_rate" : 48.98035878210088,
      "duration_units" : "seconds",
      "rate_units" : "calls/second"
    },
    "eu.domibus.core.ebms3.receiver.handler.AbstractIncomingMessageHandler.processMessage.timer" : {
      "count" : 219750,
      "max" : 0.8704448650000001,
      "mean" : 0.4000093623728466,
      "min" : 0.129573668,
      "p50" : 0.3913664,
      "p75" : 0.47160296900000004,
      "p95" : 0.609175738,
      "p98" : 0.67095442,
      "p99" : 0.719399306,
      "p999" : 0.861258269,
      "stddev" : 0.11526051672323875,
      "m15_rate" : 61.37057503076148,
      "m1_rate" : 63.26065740239008,
      "m5_rate" : 62.75649075575849,
      "mean_rate" : 60.852328249033874,
      "duration_units" : "seconds",
      "rate_units" : "calls/second"
    },
    "eu.domibus.core.ebms3.receiver.handler.IncomingUserMessageHandler.around_handleNewUserMessage.timer.timer" : {
      "count" : 219720,
      "max" : 1.113384766,
      "mean" : 0.40582355320375674,
      "min" : 0.11715187,
      "p50" : 0.392818692,
      "p75" : 0.47847077000000005,
      "p95" : 0.6328015300000001,
      "p98" : 0.670460622,
      "p99" : 0.707799305,
      "p999" : 0.869638266,
      "stddev" : 0.11916468845874781,
      "m15_rate" : 61.362642009533175,
      "m1_rate" : 63.245560488263436,
      "m5_rate" : 62.75171161416714,
      "mean_rate" : 60.84436278913637,
      "duration_units" : "seconds",
      "rate_units" : "calls/second"
    },
    "eu.domibus.core.ebms3.sender.AbstractUserMessageSender.outgoing_user_message.timer" : {
      "count" : 219685,
      "max" : 0.31620291300000003,
      "mean" : 0.05773600210721898,
      "min" : 0.041930988,
      "p50" : 0.055739985000000006,
      "p75" : 0.060294584000000005,
      "p95" : 0.070614781,
      "p98" : 0.080361679,
      "p99" : 0.10892997,
      "p999" : 0.31620291300000003,
      "stddev" : 0.01683371827180448,
      "m15_rate" : 61.48178502504147,
      "m1_rate" : 62.109131399302015,
      "m5_rate" : 62.7423163565693,
      "mean_rate" : 61.450971110552345,
      "duration_units" : "seconds",
      "rate_units" : "calls/second"
    },
    "eu.domibus.core.ebms3.sender.MessageSenderListener.onMessage.timer" : {
      "count" : 219685,
      "max" : 0.241397734,
      "mean" : 0.08031252512616498,
      "min" : 0.044458888,
      "p50" : 0.064454682,
      "p75" : 0.083472077,
      "p95" : 0.16696455400000002,
      "p98" : 0.198646245,
      "p99" : 0.20623344200000002,
      "p999" : 0.241397734,
      "stddev" : 0.037077900041520936,
      "m15_rate" : 61.5240337175397,
      "m1_rate" : 62.676240001089994,
      "m5_rate" : 62.84787247647439,
      "mean_rate" : 61.44959996851308,
      "duration_units" : "seconds",
      "rate_units" : "calls/second"
    },
    "eu.domibus.core.ebms3.sender.MessageSenderService.sendUserMessage.timer" : {
      "count" : 219685,
      "max" : 0.389310994,
      "mean" : 0.08229921380334104,
      "min" : 0.046201287,
      "p50" : 0.064497583,
      "p75" : 0.08948797500000001,
      "p95" : 0.171022753,
      "p98" : 0.202383645,
      "p99" : 0.21127014300000002,
      "p999" : 0.389310994,
      "stddev" : 0.04017631579960348,
      "m15_rate" : 61.52668871900103,
      "m1_rate" : 62.707226625616634,
      "m5_rate" : 62.85515403533438,
      "mean_rate" : 61.45002361593052,
      "duration_units" : "seconds",
      "rate_units" : "calls/second"
    },
    "eu.domibus.core.ebms3.sender.client.MSHDispatcher.dispatch.timer" : {
      "count" : 219685,
      "max" : 0.19724764900000002,
      "mean" : 0.047390710223914306,
      "min" : 0.031874191,
      "p50" : 0.045783087,
      "p75" : 0.050266486000000006,
      "p95" : 0.060716083000000004,
      "p98" : 0.065754783,
      "p99" : 0.108472671,
      "p999" : 0.19486124600000002,
      "stddev" : 0.013694844045004987,
      "m15_rate" : 61.47895338047926,
      "m1_rate" : 62.05740564747529,
      "m5_rate" : 62.73336252814414,
      "mean_rate" : 61.45149001709792,
      "duration_units" : "seconds",
      "rate_units" : "calls/second"
    },
    "eu.domibus.core.error.ErrorLogDao.deleteMessages.deleteErrorLogsByMessageIdInError.timer" : {
      "count" : 71,
      "max" : 0.033840284000000005,
      "mean" : 0.0032657016341544084,
      "min" : 0.0021967,
      "p50" : 0.0029773010000000003,
      "p75" : 0.0040062000000000006,
      "p95" : 0.004269401,
      "p98" : 0.004439101,
      "p99" : 0.004439101,
      "p999" : 0.004439101,
      "stddev" : 7.073351955435249E-4,
      "m15_rate" : 0.07099241556227091,
      "m1_rate" : 2.2980306247720078E-7,
      "m5_rate" : 0.005184311642774063,
      "mean_rate" : 0.024264732487704596,
      "duration_units" : "seconds",
      "rate_units" : "calls/second"
    },
    "eu.domibus.core.message.MessageInfoDao.deleteMessages.timer" : {
      "count" : 142,
      "max" : 3.677401197,
      "mean" : 0.8057837324639655,
      "min" : 0.036752078,
      "p50" : 0.41812988500000003,
      "p75" : 1.101417051,
      "p95" : 2.376555786,
      "p98" : 3.421257186,
      "p99" : 3.421257186,
      "p999" : 3.677401197,
      "stddev" : 0.7159785522868954,
      "m15_rate" : 0.14195839363393772,
      "m1_rate" : 4.593390131197993E-7,
      "m5_rate" : 0.010352605043401653,
      "mean_rate" : 0.04851563188985169,
      "duration_units" : "seconds",
      "rate_units" : "calls/second"
    },
    "eu.domibus.core.message.MessageInfoDao.findSignalMessageIds.timer" : {
      "count" : 71,
      "max" : 0.44835958400000003,
      "mean" : 0.1911171435409929,
      "min" : 0.023439886,
      "p50" : 0.13931262,
      "p75" : 0.276512939,
      "p95" : 0.352419172,
      "p98" : 0.381455878,
      "p99" : 0.388963808,
      "p999" : 0.388963808,
      "stddev" : 0.09757252344809615,
      "m15_rate" : 0.07095826622156418,
      "m1_rate" : 2.2374566405340378E-7,
      "m5_rate" : 0.005154352167089935,
      "mean_rate" : 0.02425546084454679,
      "duration_units" : "seconds",
      "rate_units" : "calls/second"
    },
    "eu.domibus.core.message.MessagingServiceImpl.storeMessage.timer" : {
      "count" : 439501,
      "max" : 0.204229245,
      "mean" : 0.006399864543863827,
      "min" : 0.0027337990000000003,
      "p50" : 0.004934499,
      "p75" : 0.006042098,
      "p95" : 0.011091097000000001,
      "p98" : 0.014272296,
      "p99" : 0.019351694000000003,
      "p999" : 0.14090337,
      "stddev" : 0.009036829537240273,
      "m15_rate" : 122.85107305944521,
      "m1_rate" : 125.94769509567588,
      "m5_rate" : 125.61115839525881,
      "mean_rate" : 121.70619041923355,
      "duration_units" : "seconds",
      "rate_units" : "calls/second"
    },
    "eu.domibus.core.message.UserMessageHandlerServiceImpl.handleNewUserMessage.timer" : {
      "count" : 219773,
      "max" : 0.41919379300000004,
      "mean" : 0.11657784430395703,
      "min" : 0.023109495,
      "p50" : 0.11123937,
      "p75" : 0.15261585800000002,
      "p95" : 0.22082814,
      "p98" : 0.250123932,
      "p99" : 0.30762601500000003,
      "p999" : 0.39501709300000004,
      "stddev" : 0.05735992789456077,
      "m15_rate" : 61.37607482183931,
      "m1_rate" : 63.329835658167596,
      "m5_rate" : 62.77221223695747,
      "mean_rate" : 60.859015020509105,
      "duration_units" : "seconds",
      "rate_units" : "calls/second"
    },
    "eu.domibus.core.message.UserMessageLogDao.deleteMessages.deleteMessageLogs.timer" : {
      "count" : 71,
      "max" : 5.7534777120000005,
      "mean" : 0.06808523163442298,
      "min" : 0.01622689,
      "p50" : 0.066026809,
      "p75" : 0.077386411,
      "p95" : 0.082442822,
      "p98" : 0.093771826,
      "p99" : 0.12304853500000001,
      "p999" : 0.12304853500000001,
      "stddev" : 0.030646103653765792,
      "m15_rate" : 0.07099241556227091,
      "m1_rate" : 2.2980306247720078E-7,
      "m5_rate" : 0.005184311642774063,
      "mean_rate" : 0.02426426775593679,
      "duration_units" : "seconds",
      "rate_units" : "calls/second"
    },
    "eu.domibus.core.message.acknowledge.MessageAcknowledgementDao.deleteMessages.deleteMessageAcknowledgementsByMessageIds.timer" : {
      "count" : 71,
      "max" : 0.09631374200000001,
      "mean" : 0.0031812520220284185,
      "min" : 0.0018722010000000002,
      "p50" : 0.0030551000000000003,
      "p75" : 0.004014801,
      "p95" : 0.005825501,
      "p98" : 0.005825501,
      "p99" : 0.005825501,
      "p999" : 0.005825501,
      "stddev" : 0.0011308482129803027,
      "m15_rate" : 0.07099241556227091,
      "m1_rate" : 2.2980306247720078E-7,
      "m5_rate" : 0.005184311642774063,
      "mean_rate" : 0.024265023103994712,
      "duration_units" : "seconds",
      "rate_units" : "calls/second"
    },
    "eu.domibus.core.message.attempt.MessageAttemptDao.deleteMessages.deleteAttemptsByMessageIds.timer" : {
      "count" : 71,
      "max" : 0.011950792,
      "mean" : 0.003163648868060655,
      "min" : 0.0021406990000000002,
      "p50" : 0.0030672000000000004,
      "p75" : 0.0036465000000000004,
      "p95" : 0.004538801,
      "p98" : 0.004538801,
      "p99" : 0.004538801,
      "p999" : 0.004538801,
      "stddev" : 6.513683210777565E-4,
      "m15_rate" : 0.07099241556227091,
      "m1_rate" : 2.2980306247720078E-7,
      "m5_rate" : 0.005184311642774063,
      "mean_rate" : 0.0242646261202464,
      "duration_units" : "seconds",
      "rate_units" : "calls/second"
    },
    "eu.domibus.core.message.pull.IncomingPullRequestHandler.incoming_pull_request.timer" : {
      "count" : 8,
      "max" : 0.42838590000000004,
      "mean" : 0.0656841031432932,
      "min" : 0.009123302,
      "p50" : 0.010902902,
      "p75" : 0.011355402,
      "p95" : 0.238127149,
      "p98" : 0.238127149,
      "p99" : 0.238127149,
      "p999" : 0.238127149,
      "stddev" : 0.09759101659360121,
      "m15_rate" : 0.007178609225572644,
      "m1_rate" : 2.7307779845529382E-8,
      "m5_rate" : 7.039723051536225E-4,
      "mean_rate" : 0.0017830662008136383,
      "duration_units" : "seconds",
      "rate_units" : "calls/second"
    },
    "eu.domibus.core.message.receipt.AS4ReceiptServiceImpl.generateReceipt.timer" : {
      "count" : 219770,
      "max" : 0.199746745,
      "mean" : 0.027229821318281118,
      "min" : 0.016037497,
      "p50" : 0.024646393000000003,
      "p75" : 0.029712393,
      "p95" : 0.043132889,
      "p98" : 0.049641886,
      "p99" : 0.07267988,
      "p999" : 0.199746745,
      "stddev" : 0.012999187754973853,
      "m15_rate" : 61.37264923618366,
      "m1_rate" : 63.27555788426977,
      "m5_rate" : 62.762191349310044,
      "mean_rate" : 60.860748223465166,
      "duration_units" : "seconds",
      "rate_units" : "calls/second"
    },
    "eu.domibus.core.message.retention.MessageRetentionDefaultService.schedule_deleteExpiredMessages.timer" : {
      "count" : 13,
      "max" : 8.698396218000001,
      "mean" : 7.952958946974104,
      "min" : 0.225089898,
      "p50" : 7.789324593000001,
      "p75" : 8.044605951000001,
      "p95" : 8.698396218000001,
      "p98" : 8.698396218000001,
      "p99" : 8.698396218000001,
      "p999" : 8.698396218000001,
      "stddev" : 0.2816903841602529,
      "m15_rate" : 0.004218340696315019,
      "m1_rate" : 3.0339222702723047E-8,
      "m5_rate" : 6.440130187143868E-4,
      "mean_rate" : 0.0031486237582760627,
      "duration_units" : "seconds",
      "rate_units" : "calls/second"
    },
    "eu.domibus.core.message.retention.RetentionListener.onMessage.deleteMessages.timer" : {
      "count" : 71,
      "max" : 7.329803948,
      "mean" : 2.4888302650982954,
      "min" : 0.354285887,
      "p50" : 1.9196783650000002,
      "p75" : 2.227612312,
      "p95" : 4.818072065,
      "p98" : 5.084535614,
      "p99" : 6.260159392,
      "p999" : 6.260159392,
      "stddev" : 1.1199970918616233,
      "m15_rate" : 0.07100862209101115,
      "m1_rate" : 2.340598141479845E-7,
      "m5_rate" : 0.005200891182339685,
      "mean_rate" : 0.0242550538674578,
      "duration_units" : "seconds",
      "rate_units" : "calls/second"
    },
    "eu.domibus.core.message.signal.SignalMessageDao.deleteMessages.deleteReceipts.timer" : {
      "count" : 71,
      "max" : 1.9745682990000002,
      "mean" : 0.4484883975271549,
      "min" : 0.024995185000000003,
      "p50" : 0.19901232800000002,
      "p75" : 0.244600368,
      "p95" : 1.638469149,
      "p98" : 1.9745682990000002,
      "p99" : 1.9745682990000002,
      "p999" : 1.9745682990000002,
      "stddev" : 0.5183990099236456,
      "m15_rate" : 0.07098026044243398,
      "m1_rate" : 2.2980270159313825E-7,
      "m5_rate" : 0.005180069678288568,
      "mean_rate" : 0.024263903578706354,
      "duration_units" : "seconds",
      "rate_units" : "calls/second"
    },
    "eu.domibus.core.message.signal.SignalMessageLogDao.deleteMessages.deleteMessageLogs.timer" : {
      "count" : 71,
      "max" : 0.097585853,
      "mean" : 0.05818308072617128,
      "min" : 0.007286096000000001,
      "p50" : 0.056723008000000005,
      "p75" : 0.06272010900000001,
      "p95" : 0.087721012,
      "p98" : 0.087721012,
      "p99" : 0.097250427,
      "p999" : 0.097250427,
      "stddev" : 0.013895470628900213,
      "m15_rate" : 0.07099241556227091,
      "m1_rate" : 2.2980306247720078E-7,
      "m5_rate" : 0.005184311642774063,
      "mean_rate" : 0.02426446255392213,
      "duration_units" : "seconds",
      "rate_units" : "calls/second"
    },
    "eu.domibus.core.plugin.handler.DatabaseMessageHandler.submit.timer" : {
      "count" : 219719,
      "max" : 0.39044,
      "mean" : 0.11384311056635811,
      "min" : 0.009898797,
      "p50" : 0.10492137100000001,
      "p75" : 0.140539461,
      "p95" : 0.22058263900000002,
      "p98" : 0.25163803,
      "p99" : 0.26226523,
      "p999" : 0.36096740000000005,
      "stddev" : 0.053359860444912165,
      "m15_rate" : 61.532999350440114,
      "m1_rate" : 62.80031345945616,
      "m5_rate" : 62.871236874746344,
      "mean_rate" : 61.45581143060771,
      "duration_units" : "seconds",
      "rate_units" : "calls/second"
    },
    "eu.domibus.core.plugin.notification.BackendNotificationService.notifyMessageReceived.timer" : {
      "count" : 219770,
      "max" : 0.25368943,
      "mean" : 0.07012476515561003,
      "min" : 4.3190000000000004E-4,
      "p50" : 0.067748282,
      "p75" : 0.102945772,
      "p95" : 0.158498956,
      "p98" : 0.169031753,
      "p99" : 0.207528543,
      "p999" : 0.25368943,
      "stddev" : 0.04712682365044787,
      "m15_rate" : 61.37568408155003,
      "m1_rate" : 63.350750739333506,
      "m5_rate" : 62.773885522167184,
      "mean_rate" : 60.85944419621309,
      "duration_units" : "seconds",
      "rate_units" : "calls/second"
    },
    "eu.domibus.core.plugin.notification.PluginAsyncNotificationListener.onMessage.timer" : {
      "count" : 219781,
      "max" : 0.43619380300000005,
      "mean" : 0.11110462778187517,
      "min" : 0.009450398,
      "p50" : 0.103010372,
      "p75" : 0.139861561,
      "p95" : 0.203964844,
      "p98" : 0.22659563800000002,
      "p99" : 0.253835431,
      "p999" : 0.296078919,
      "stddev" : 0.046856607732292804,
      "m15_rate" : 61.539777532325274,
      "m1_rate" : 62.962659779077505,
      "m5_rate" : 62.90256661073794,
      "mean_rate" : 60.86908149815509,
      "duration_units" : "seconds",
      "rate_units" : "calls/second"
    },
    "eu.domibus.core.pmode.validation.validators.MessagePropertyValidator.validate.timer" : {
      "count" : 439501,
      "max" : 4.94E-5,
      "mean" : 1.382015393764334E-6,
      "min" : 3.0000000000000004E-7,
      "p50" : 1.1E-6,
      "p75" : 1.3E-6,
      "p95" : 2.1000000000000002E-6,
      "p98" : 2.5E-6,
      "p99" : 1.66E-5,
      "p999" : 4.52E-5,
      "stddev" : 2.6762994810813285E-6,
      "m15_rate" : 122.85182897498136,
      "m1_rate" : 125.95325251432918,
      "m5_rate" : 125.6136330061553,
      "mean_rate" : 121.70573763805253,
      "duration_units" : "seconds",
      "rate_units" : "calls/second"
    },
    "eu.domibus.core.replication.UIMessageDaoImpl.deleteMessages.deleteUIMessagesByMessageIds.timer" : {
      "count" : 142,
      "max" : 0.014376792000000001,
      "mean" : 0.0029417291708870768,
      "min" : 7.569E-4,
      "p50" : 0.0026601010000000002,
      "p75" : 0.0032182010000000004,
      "p95" : 0.005585701,
      "p98" : 0.006216500000000001,
      "p99" : 0.006216500000000001,
      "p999" : 0.006216500000000001,
      "stddev" : 9.90990534194333E-4,
      "m15_rate" : 0.14198483112454183,
      "m1_rate" : 4.5960612495440157E-7,
      "m5_rate" : 0.010368623285548125,
      "mean_rate" : 0.048529763107317526,
      "duration_units" : "seconds",
      "rate_units" : "calls/second"
    },
    "eu.domibus.core.util.SoapUtil.logMessage.timer" : {
      "count" : 219777,
      "max" : 1.39E-5,
      "mean" : 7.082881262429735E-7,
      "min" : 2.0000000000000002E-7,
      "p50" : 6.000000000000001E-7,
      "p75" : 7.000000000000001E-7,
      "p95" : 1.2000000000000002E-6,
      "p98" : 1.4000000000000001E-6,
      "p99" : 1.5E-6,
      "p999" : 1.2600000000000001E-5,
      "stddev" : 5.940285907655169E-7,
      "m15_rate" : 61.37568160056587,
      "m1_rate" : 63.341236703773745,
      "m5_rate" : 62.773739541730954,
      "mean_rate" : 60.86016454094702,
      "duration_units" : "seconds",
      "rate_units" : "calls/second"
    },
    "eu.domibus.plugin.jms.JMSPluginImpl.deliverMessage.timer" : {
      "count" : 219781,
      "max" : 0.4951914,
      "mean" : 0.11227239722380064,
      "min" : 0.009253498,
      "p50" : 0.10034227300000001,
      "p75" : 0.138850462,
      "p95" : 0.22415403900000003,
      "p98" : 0.26004312900000004,
      "p99" : 0.26968652600000004,
      "p999" : 0.364604299,
      "stddev" : 0.05321355277843625,
      "m15_rate" : 61.53883601433244,
      "m1_rate" : 62.93074527810652,
      "m5_rate" : 62.899241019541755,
      "mean_rate" : 60.869296693219546,
      "duration_units" : "seconds",
      "rate_units" : "calls/second"
    },
    "eu.domibus.plugin.jms.JMSPluginImpl.receiveMessage.timer" : {
      "count" : 219716,
      "max" : 0.6317305390000001,
      "mean" : 0.19720632512689493,
      "min" : 0.010610697,
      "p50" : 0.191330847,
      "p75" : 0.24269763200000002,
      "p95" : 0.33310430700000004,
      "p98" : 0.37055530000000003,
      "p99" : 0.39993139,
      "p999" : 0.5621682450000001,
      "stddev" : 0.07799493926542908,
      "m15_rate" : 61.52863021838877,
      "m1_rate" : 62.7343264041623,
      "m5_rate" : 62.85851384363492,
      "mean_rate" : 61.45484621603091,
      "duration_units" : "seconds",
      "rate_units" : "calls/second"
    }
  }
}