{
  "version" : "4.0.0",
  "gauges" : { },
  "counters" : {
    "eu.domibus.core.ebms3.receiver.MSHWebservice.incoming_user_message.counter" : {
      "count" : 25
    },
    "eu.domibus.core.ebms3.receiver.handler.AbstractIncomingMessageHandler.processMessage.counter" : {
      "count" : 25
    },
    "eu.domibus.core.ebms3.receiver.handler.IncomingUserMessageHandler.around_handleNewUserMessage.counter.counter" : {
      "count" : 55
    },
    "eu.domibus.core.ebms3.sender.AbstractUserMessageSender.outgoing_user_message.counter" : {
      "count" : 0
    },
    "eu.domibus.core.ebms3.sender.MessageSenderListener.onMessage.counter" : {
      "count" : 0
    },
    "eu.domibus.core.ebms3.sender.MessageSenderService.sendUserMessage.counter" : {
      "count" : 0
    },
    "eu.domibus.core.ebms3.sender.client.MSHDispatcher.dispatch.counter" : {
      "count" : 0
    },
    "eu.domibus.core.error.ErrorLogDao.deleteMessages.deleteErrorLogsByMessageIdInError.counter" : {
      "count" : 0
    },
    "eu.domibus.core.message.MessageInfoDao.deleteMessages.counter" : {
      "count" : 0
    },
    "eu.domibus.core.message.MessageInfoDao.findSignalMessageIds.counter" : {
      "count" : 0
    },
    "eu.domibus.core.message.MessagingServiceImpl.storeMessage.counter" : {
      "count" : 0
    },
    "eu.domibus.core.message.UserMessageHandlerServiceImpl.handleNewUserMessage.counter" : {
      "count" : 9
    },
    "eu.domibus.core.message.UserMessageLogDao.deleteMessages.deleteMessageLogs.counter" : {
      "count" : 0
    },
    "eu.domibus.core.message.acknowledge.MessageAcknowledgementDao.deleteMessages.deleteMessageAcknowledgementsByMessageIds.counter" : {
      "count" : 0
    },
    "eu.domibus.core.message.attempt.MessageAttemptDao.deleteMessages.deleteAttemptsByMessageIds.counter" : {
      "count" : 0
    },
    "eu.domibus.core.message.pull.IncomingPullRequestHandler.incoming_pull_request.counter" : {
      "count" : 0
    },
    "eu.domibus.core.message.receipt.AS4ReceiptServiceImpl.generateReceipt.counter" : {
      "count" : 0
    },
    "eu.domibus.core.message.retention.MessageRetentionDefaultService.schedule_deleteExpiredMessages.counter" : {
      "count" : 0
    },
    "eu.domibus.core.message.retention.RetentionListener.onMessage.deleteMessages.counter" : {
      "count" : 0
    },
    "eu.domibus.core.message.signal.SignalMessageDao.deleteMessages.deleteReceipts.counter" : {
      "count" : 0
    },
    "eu.domibus.core.message.signal.SignalMessageLogDao.deleteMessages.deleteMessageLogs.counter" : {
      "count" : 0
    },
    "eu.domibus.core.plugin.handler.DatabaseMessageHandler.submit.counter" : {
      "count" : 7
    },
    "eu.domibus.core.plugin.notification.BackendNotificationService.notifyMessageReceived.counter" : {
      "count" : 9
    },
    "eu.domibus.core.plugin.notification.PluginAsyncNotificationListener.onMessage.counter" : {
      "count" : 6
    },
    "eu.domibus.core.pmode.validation.validators.MessagePropertyValidator.validate.counter" : {
      "count" : 0
    },
    "eu.domibus.core.replication.UIMessageDaoImpl.deleteMessages.deleteUIMessagesByMessageIds.counter" : {
      "count" : 0
    },
    "eu.domibus.core.util.SoapUtil.SoapUtil.counter" : {
      "count" : 0
    },
    "eu.domibus.plugin.jms.JMSPluginImpl.deliverMessage.counter" : {
      "count" : 6
    },
    "eu.domibus.plugin.jms.JMSPluginImpl.receiveMessage.counter" : {
      "count" : 12
    }
  },
  "histograms" : { },
  "meters" : { },
  "timers" : {
    "eu.domibus.core.ebms3.receiver.MSHWebservice.incoming_user_message.timer" : {
      "count" : 209926,
      "max" : 0.908000714,
      "mean" : 0.4050242973825843,
      "min" : 0.12171127400000001,
      "p50" : 0.40433756000000004,
      "p75" : 0.500178738,
      "p95" : 0.6220906340000001,
      "p98" : 0.677051422,
      "p99" : 0.6879421330000001,
      "p999" : 0.793732528,
      "stddev" : 0.13116934623795168,
      "m15_rate" : 58.629793385079076,
      "m1_rate" : 57.92283525108998,
      "m5_rate" : 59.29579613454824,
      "mean_rate" : 46.789454931739996,
      "duration_units" : "seconds",
      "rate_units" : "calls/second"
    },
    "eu.domibus.core.ebms3.receiver.handler.AbstractIncomingMessageHandler.processMessage.timer" : {
      "count" : 209918,
      "max" : 0.8314170240000001,
      "mean" : 0.3983749509734012,
      "min" : 0.12244334300000001,
      "p50" : 0.39114383700000005,
      "p75" : 0.49557181200000006,
      "p95" : 0.639596755,
      "p98" : 0.679553257,
      "p99" : 0.747802579,
      "p999" : 0.8314170240000001,
      "stddev" : 0.1364612465264828,
      "m15_rate" : 58.67466668092852,
      "m1_rate" : 58.05565844770292,
      "m5_rate" : 59.325036850759545,
      "mean_rate" : 58.12562012955995,
      "duration_units" : "seconds",
      "rate_units" : "calls/second"
    },
    "eu.domibus.core.ebms3.receiver.handler.IncomingUserMessageHandler.around_handleNewUserMessage.timer.timer" : {
      "count" : 209888,
      "max" : 1.1959820680000002,
      "mean" : 0.4001877302346129,
      "min" : 0.11349911300000001,
      "p50" : 0.40076442900000003,
      "p75" : 0.497836514,
      "p95" : 0.615609132,
      "p98" : 0.6613894720000001,
      "p99" : 0.700857531,
      "p999" : 0.8232157640000001,
      "stddev" : 0.13348239846530932,
      "m15_rate" : 58.670534074036404,
      "m1_rate" : 58.10619961030052,
      "m5_rate" : 59.33244781342082,
      "mean_rate" : 58.11786629308666,
      "duration_units" : "seconds",
      "rate_units" : "calls/second"
    },
    "eu.domibus.core.ebms3.sender.AbstractUserMessageSender.outgoing_user_message.timer" : {
      "count" : 210050,
      "max" : 0.415649107,
      "mean" : 0.05820999136334259,
      "min" : 0.040571059,
      "p50" : 0.054779074000000004,
      "p75" : 0.059746535,
      "p95" : 0.071813953,
      "p98" : 0.08098380200000001,
      "p99" : 0.167374406,
      "p999" : 0.415649107,
      "stddev" : 0.023400809362298065,
      "m15_rate" : 58.89048030954421,
      "m1_rate" : 58.03767826155155,
      "m5_rate" : 59.55965513964748,
      "mean_rate" : 58.77014987197263,
      "duration_units" : "seconds",
      "rate_units" : "calls/second"
    },
    "eu.domibus.core.ebms3.sender.MessageSenderListener.onMessage.timer" : {
      "count" : 210050,
      "max" : 0.290589315,
      "mean" : 0.07612815056908971,
      "min" : 0.043911968,
      "p50" : 0.061501397000000006,
      "p75" : 0.071666439,
      "p95" : 0.176540355,
      "p98" : 0.21594380600000002,
      "p99" : 0.24295670900000002,
      "p999" : 0.264440399,
      "stddev" : 0.04018807215399114,
      "m15_rate" : 58.896474306116005,
      "m1_rate" : 58.14522431962635,
      "m5_rate" : 59.57883614043503,
      "mean_rate" : 58.768661988358396,
      "duration_units" : "seconds",
      "rate_units" : "calls/second"
    },
    "eu.domibus.core.ebms3.sender.MessageSenderService.sendUserMessage.timer" : {
      "count" : 210050,
      "max" : 0.265461394,
      "mean" : 0.07249411653829574,
      "min" : 0.044975366,
      "p50" : 0.06050040500000001,
      "p75" : 0.069638352,
      "p95" : 0.16059177800000002,
      "p98" : 0.19324080300000002,
      "p99" : 0.21462588400000002,
      "p999" : 0.265461394,
      "stddev" : 0.03482756251480787,
      "m15_rate" : 58.895506016152915,
      "m1_rate" : 58.13273471709789,
      "m5_rate" : 59.57614325191843,
      "mean_rate" : 58.768925525449234,
      "duration_units" : "seconds",
      "rate_units" : "calls/second"
    },
    "eu.domibus.core.ebms3.sender.client.MSHDispatcher.dispatch.timer" : {
      "count" : 210050,
      "max" : 0.418496572,
      "mean" : 0.05041765533542063,
      "min" : 0.033240579,
      "p50" : 0.046752432000000003,
      "p75" : 0.052083626,
      "p95" : 0.06263070200000001,
      "p98" : 0.079949106,
      "p99" : 0.19385946,
      "p999" : 0.418496572,
      "stddev" : 0.024986377982867135,
      "m15_rate" : 58.89448423641968,
      "m1_rate" : 58.090001517665655,
      "m5_rate" : 59.57055137984504,
      "mean_rate" : 58.77122915403198,
      "duration_units" : "seconds",
      "rate_units" : "calls/second"
    },
    "eu.domibus.core.error.ErrorLogDao.deleteMessages.deleteErrorLogsByMessageIdInError.timer" : {
      "count" : 113,
      "max" : 0.009879216000000001,
      "mean" : 0.003398329589663399,
      "min" : 0.002116796,
      "p50" : 0.0033296090000000003,
      "p75" : 0.003662639,
      "p95" : 0.005071170000000001,
      "p98" : 0.005071170000000001,
      "p99" : 0.005071170000000001,
      "p999" : 0.005071170000000001,
      "stddev" : 6.806472222910773E-4,
      "m15_rate" : 0.050209820158702435,
      "m1_rate" : 0.03793331331688339,
      "m5_rate" : 0.06134868691221427,
      "mean_rate" : 0.03783391789843962,
      "duration_units" : "seconds",
      "rate_units" : "calls/second"
    },
    "eu.domibus.core.message.MessageInfoDao.deleteMessages.timer" : {
      "count" : 226,
      "max" : 1.342532596,
      "mean" : 0.6153755671981685,
      "min" : 0.031121386,
      "p50" : 0.43278079,
      "p75" : 0.959852416,
      "p95" : 1.13183004,
      "p98" : 1.1582144920000002,
      "p99" : 1.1582144920000002,
      "p999" : 1.1582144920000002,
      "stddev" : 0.3654182416159298,
      "m15_rate" : 0.10039262424102814,
      "m1_rate" : 0.07532859597330335,
      "m5_rate" : 0.12258499083561018,
      "mean_rate" : 0.07566267826346876,
      "duration_units" : "seconds",
      "rate_units" : "calls/second"
    },
    "eu.domibus.core.message.MessageInfoDao.findSignalMessageIds.timer" : {
      "count" : 113,
      "max" : 0.366041243,
      "mean" : 0.10528425766183429,
      "min" : 0.04497007,
      "p50" : 0.08487836300000001,
      "p75" : 0.133332852,
      "p95" : 0.173893509,
      "p98" : 0.22513945300000002,
      "p99" : 0.27617778000000004,
      "p999" : 0.27617778000000004,
      "stddev" : 0.040211436128686544,
      "m15_rate" : 0.05016991789730945,
      "m1_rate" : 0.03760916663027635,
      "m5_rate" : 0.061223798020092986,
      "mean_rate" : 0.03783057669855559,
      "duration_units" : "seconds",
      "rate_units" : "calls/second"
    },
    "eu.domibus.core.message.MessagingServiceImpl.storeMessage.timer" : {
      "count" : 420013,
      "max" : 0.242294046,
      "mean" : 0.005747491445529328,
      "min" : 0.002388222,
      "p50" : 0.004346803000000001,
      "p75" : 0.005424302000000001,
      "p95" : 0.008828918,
      "p98" : 0.012904196000000001,
      "p99" : 0.015726657,
      "p999" : 0.12649141900000002,
      "stddev" : 0.010423229491367626,
      "m15_rate" : 117.50785117577472,
      "m1_rate" : 116.34667118410532,
      "m5_rate" : 118.90367927239573,
      "mean_rate" : 116.3018681808191,
      "duration_units" : "seconds",
      "rate_units" : "calls/second"
    },
    "eu.domibus.core.message.UserMessageHandlerServiceImpl.handleNewUserMessage.timer" : {
      "count" : 209934,
      "max" : 0.49947056900000003,
      "mean" : 0.10820101988173053,
      "min" : 0.019870841,
      "p50" : 0.10140829500000001,
      "p75" : 0.145917618,
      "p95" : 0.227018831,
      "p98" : 0.267710302,
      "p99" : 0.28805168600000003,
      "p999" : 0.380403843,
      "stddev" : 0.06361203087335662,
      "m15_rate" : 58.66865583998648,
      "m1_rate" : 57.97832381197245,
      "m5_rate" : 59.307954188138076,
      "mean_rate" : 58.13058742388199,
      "duration_units" : "seconds",
      "rate_units" : "calls/second"
    },
    "eu.domibus.core.message.UserMessageLogDao.deleteMessages.deleteMessageLogs.timer" : {
      "count" : 113,
      "max" : 0.22589054700000002,
      "mean" : 0.06957642211563804,
      "min" : 0.013553057,
      "p50" : 0.067642767,
      "p75" : 0.075523696,
      "p95" : 0.08261415300000001,
      "p98" : 0.11286085200000001,
      "p99" : 0.19570072600000002,
      "p999" : 0.19570072600000002,
      "stddev" : 0.018856038185620125,
      "m15_rate" : 0.050209820158702435,
      "m1_rate" : 0.03793331331688339,
      "m5_rate" : 0.06134868691221427,
      "mean_rate" : 0.037833351827340676,
      "duration_units" : "seconds",
      "rate_units" : "calls/second"
    },
    "eu.domibus.core.message.acknowledge.MessageAcknowledgementDao.deleteMessages.deleteMessageAcknowledgementsByMessageIds.timer" : {
      "count" : 113,
      "max" : 0.011262844000000001,
      "mean" : 0.002844944482346339,
      "min" : 0.001818869,
      "p50" : 0.0026822480000000004,
      "p75" : 0.0033377090000000003,
      "p95" : 0.004290198,
      "p98" : 0.004290198,
      "p99" : 0.004290198,
      "p999" : 0.004290198,
      "stddev" : 7.298509163632267E-4,
      "m15_rate" : 0.050209820158702435,
      "m1_rate" : 0.03793331331688339,
      "m5_rate" : 0.06134868691221427,
      "mean_rate" : 0.03783416734242901,
      "duration_units" : "seconds",
      "rate_units" : "calls/second"
    },
    "eu.domibus.core.message.attempt.MessageAttemptDao.deleteMessages.deleteAttemptsByMessageIds.timer" : {
      "count" : 113,
      "max" : 0.009724302,
      "mean" : 0.0034584441804537927,
      "min" : 0.002092094,
      "p50" : 0.0032300000000000002,
      "p75" : 0.0042601950000000005,
      "p95" : 0.004886752,
      "p98" : 0.004886752,
      "p99" : 0.0075005950000000005,
      "p999" : 0.0075005950000000005,
      "stddev" : 9.489360641265942E-4,
      "m15_rate" : 0.050209820158702435,
      "m1_rate" : 0.03793331331688339,
      "m5_rate" : 0.06134868691221427,
      "mean_rate" : 0.0378337894379606,
      "duration_units" : "seconds",
      "rate_units" : "calls/second"
    },
    "eu.domibus.core.message.pull.IncomingPullRequestHandler.incoming_pull_request.timer" : {
      "count" : 8,
      "max" : 0.5287768500000001,
      "mean" : 0.013826028,
      "min" : 0.01362466,
      "p50" : 0.014027396000000001,
      "p75" : 0.014027396000000001,
      "p95" : 0.014027396000000001,
      "p98" : 0.014027396000000001,
      "p99" : 0.014027396000000001,
      "p999" : 0.014027396000000001,
      "stddev" : 2.01368E-4,
      "m15_rate" : 0.009096170739854184,
      "m1_rate" : 1.2562185161403258E-8,
      "m5_rate" : 3.4643208783615863E-4,
      "mean_rate" : 0.0017830842372134506,
      "duration_units" : "seconds",
      "rate_units" : "calls/second"
    },
    "eu.domibus.core.message.receipt.AS4ReceiptServiceImpl.generateReceipt.timer" : {
      "count" : 209923,
      "max" : 0.126944159,
      "mean" : 0.024662848454532094,
      "min" : 0.013774176,
      "p50" : 0.022253762,
      "p75" : 0.027877083,
      "p95" : 0.039714979000000004,
      "p98" : 0.051883007,
      "p99" : 0.060466101,
      "p999" : 0.11998541500000001,
      "stddev" : 0.00915606147757223,
      "m15_rate" : 58.66383016905173,
      "m1_rate" : 57.964182403806255,
      "m5_rate" : 59.30061575658007,
      "mean_rate" : 58.1297498844528,
      "duration_units" : "seconds",
      "rate_units" : "calls/second"
    },
    "eu.domibus.core.message.retention.MessageRetentionDefaultService.schedule_deleteExpiredMessages.timer" : {
      "count" : 19,
      "max" : 8.730051089,
      "mean" : 7.280989726950758,
      "min" : 0.47981724000000003,
      "p50" : 7.1606510320000005,
      "p75" : 7.1606510320000005,
      "p95" : 8.730051089,
      "p98" : 8.730051089,
      "p99" : 8.730051089,
      "p999" : 8.730051089,
      "stddev" : 0.573451104661123,
      "m15_rate" : 0.007715272323139462,
      "m1_rate" : 0.005098266536280537,
      "m5_rate" : 0.0077713631205892295,
      "mean_rate" : 0.004669676532583765,
      "duration_units" : "seconds",
      "rate_units" : "calls/second"
    },
    "eu.domibus.core.message.retention.RetentionListener.onMessage.deleteMessages.timer" : {
      "count" : 113,
      "max" : 2.8095021250000003,
      "mean" : 1.7736915843655083,
      "min" : 0.313984819,
      "p50" : 1.799336483,
      "p75" : 1.830698562,
      "p95" : 1.9313331100000002,
      "p98" : 1.9833775020000002,
      "p99" : 2.026087758,
      "p999" : 2.026087758,
      "stddev" : 0.10305246441132006,
      "m15_rate" : 0.05022340485916861,
      "m1_rate" : 0.03806539667982107,
      "m5_rate" : 0.06140976851116481,
      "mean_rate" : 0.03783037660086947,
      "duration_units" : "seconds",
      "rate_units" : "calls/second"
    },
    "eu.domibus.core.message.signal.SignalMessageDao.deleteMessages.deleteReceipts.timer" : {
      "count" : 113,
      "max" : 0.879767783,
      "mean" : 0.21400796829181334,
      "min" : 0.026139125000000003,
      "p50" : 0.20600268200000002,
      "p75" : 0.22364651800000002,
      "p95" : 0.290947852,
      "p98" : 0.290947852,
      "p99" : 0.290947852,
      "p999" : 0.290947852,
      "stddev" : 0.031085098802254067,
      "m15_rate" : 0.050209820158702435,
      "m1_rate" : 0.03793331331688339,
      "m5_rate" : 0.06134868691221427,
      "mean_rate" : 0.03783301399366687,
      "duration_units" : "seconds",
      "rate_units" : "calls/second"
    },
    "eu.domibus.core.message.signal.SignalMessageLogDao.deleteMessages.deleteMessageLogs.timer" : {
      "count" : 113,
      "max" : 0.21624372800000002,
      "mean" : 0.06554252842268886,
      "min" : 0.020845633000000002,
      "p50" : 0.06390702000000001,
      "p75" : 0.068840077,
      "p95" : 0.083574442,
      "p98" : 0.10956104700000001,
      "p99" : 0.21624372800000002,
      "p999" : 0.21624372800000002,
      "stddev" : 0.022318958439383755,
      "m15_rate" : 0.050209820158702435,
      "m1_rate" : 0.03793331331688339,
      "m5_rate" : 0.06134868691221427,
      "mean_rate" : 0.03783351874549158,
      "duration_units" : "seconds",
      "rate_units" : "calls/second"
    },
    "eu.domibus.core.plugin.handler.DatabaseMessageHandler.submit.timer" : {
      "count" : 210074,
      "max" : 0.48548137300000005,
      "mean" : 0.10348325401897036,
      "min" : 0.007218569,
      "p50" : 0.094063214,
      "p75" : 0.126642433,
      "p95" : 0.23834518200000002,
      "p98" : 0.267980327,
      "p99" : 0.285366238,
      "p999" : 0.37052642700000005,
      "stddev" : 0.06281344895877644,
      "m15_rate" : 58.89765571840357,
      "m1_rate" : 58.12605080060929,
      "m5_rate" : 59.57618762390773,
      "mean_rate" : 58.77128851222761,
      "duration_units" : "seconds",
      "rate_units" : "calls/second"
    },
    "eu.domibus.core.plugin.notification.BackendNotificationService.notifyMessageReceived.timer" : {
      "count" : 209923,
      "max" : 0.37306665,
      "mean" : 0.06914823602714146,
      "min" : 3.48232E-4,
      "p50" : 0.06615912900000001,
      "p75" : 0.100543215,
      "p95" : 0.152252505,
      "p98" : 0.19159855,
      "p99" : 0.23106220600000002,
      "p999" : 0.280095249,
      "stddev" : 0.05078075857444313,
      "m15_rate" : 58.6662493685349,
      "m1_rate" : 58.0095458012792,
      "m5_rate" : 59.30873165692056,
      "mean_rate" : 58.12865249768718,
      "duration_units" : "seconds",
      "rate_units" : "calls/second"
    },
    "eu.domibus.core.plugin.notification.PluginAsyncNotificationListener.onMessage.timer" : {
      "count" : 210102,
      "max" : 0.49995101300000006,
      "mean" : 0.10539732829515927,
      "min" : 0.008694905000000001,
      "p50" : 0.09804328200000001,
      "p75" : 0.134312443,
      "p95" : 0.231727968,
      "p98" : 0.26024360900000004,
      "p99" : 0.271480551,
      "p999" : 0.37344249700000004,
      "stddev" : 0.06288236815781195,
      "m15_rate" : 58.910341715899314,
      "m1_rate" : 58.73275431560999,
      "m5_rate" : 59.67042954778723,
      "mean_rate" : 58.18760244036663,
      "duration_units" : "seconds",
      "rate_units" : "calls/second"
    },
    "eu.domibus.core.pmode.validation.validators.MessagePropertyValidator.validate.timer" : {
      "count" : 420013,
      "max" : 1.1701E-5,
      "mean" : 1.428112811256341E-6,
      "min" : 4.0000000000000003E-7,
      "p50" : 1.3E-6,
      "p75" : 1.6000000000000001E-6,
      "p95" : 2.201E-6,
      "p98" : 2.6E-6,
      "p99" : 2.8010000000000004E-6,
      "p999" : 1.1701E-5,
      "stddev" : 6.854799755150723E-7,
      "m15_rate" : 117.50843139910887,
      "m1_rate" : 116.35650942350956,
      "m5_rate" : 118.90568705135297,
      "mean_rate" : 116.30150247415864,
      "duration_units" : "seconds",
      "rate_units" : "calls/second"
    },
    "eu.domibus.core.replication.UIMessageDaoImpl.deleteMessages.deleteUIMessagesByMessageIds.timer" : {
      "count" : 226,
      "max" : 0.009789008,
      "mean" : 0.0029211518579415857,
      "min" : 8.60079E-4,
      "p50" : 0.002611242,
      "p75" : 0.0032220990000000004,
      "p95" : 0.006457898,
      "p98" : 0.007658310000000001,
      "p99" : 0.007658310000000001,
      "p999" : 0.007658310000000001,
      "stddev" : 0.0012039857933098933,
      "m15_rate" : 0.10041964031740487,
      "m1_rate" : 0.07586662663376678,
      "m5_rate" : 0.12269737382442854,
      "mean_rate" : 0.07566802013130167,
      "duration_units" : "seconds",
      "rate_units" : "calls/second"
    },
    "eu.domibus.core.util.SoapUtil.logMessage.timer" : {
      "count" : 209932,
      "max" : 2.0802000000000002E-5,
      "mean" : 8.230767319408239E-7,
      "min" : 3.0000000000000004E-7,
      "p50" : 7.000000000000001E-7,
      "p75" : 1.0000000000000002E-6,
      "p95" : 1.4000000000000001E-6,
      "p98" : 1.6000000000000001E-6,
      "p99" : 1.7E-6,
      "p999" : 3.6000000000000003E-6,
      "stddev" : 4.1319911191979464E-7,
      "m15_rate" : 58.664678223311,
      "m1_rate" : 57.9740901156101,
      "m5_rate" : 59.30384221858073,
      "mean_rate" : 58.13006998178794,
      "duration_units" : "seconds",
      "rate_units" : "calls/second"
    },
    "eu.domibus.plugin.jms.JMSPluginImpl.deliverMessage.timer" : {
      "count" : 210102,
      "max" : 0.33130769200000004,
      "mean" : 0.10335450604124723,
      "min" : 0.00798254,
      "p50" : 0.096132807,
      "p75" : 0.129148165,
      "p95" : 0.223072866,
      "p98" : 0.255745593,
      "p99" : 0.26264713300000003,
      "p999" : 0.33130769200000004,
      "stddev" : 0.05666126857404369,
      "m15_rate" : 58.90936674309582,
      "m1_rate" : 58.708102930465365,
      "m5_rate" : 59.66725240111439,
      "mean_rate" : 58.18784488043039,
      "duration_units" : "seconds",
      "rate_units" : "calls/second"
    },
    "eu.domibus.plugin.jms.JMSPluginImpl.receiveMessage.timer" : {
      "count" : 210069,
      "max" : 0.7476892460000001,
      "mean" : 0.1832308104825918,
      "min" : 0.007862828,
      "p50" : 0.18061653200000002,
      "p75" : 0.23733028800000003,
      "p95" : 0.35575925900000005,
      "p98" : 0.41033011500000005,
      "p99" : 0.44688920200000004,
      "p999" : 0.548469512,
      "stddev" : 0.09507471784699988,
      "m15_rate" : 58.90250647071315,
      "m1_rate" : 58.192953188960885,
      "m5_rate" : 59.58990678255273,
      "mean_rate" : 58.76976489943222,
      "duration_units" : "seconds",
      "rate_units" : "calls/second"
    }
  }
}