{
  "version" : "4.0.0",
  "gauges" : { },
  "counters" : {
    "eu.domibus.core.ebms3.receiver.MSHWebservice.incoming_user_message.counter" : {
      "count" : 30
    },
    "eu.domibus.core.ebms3.receiver.handler.AbstractIncomingMessageHandler.processMessage.counter" : {
      "count" : 30
    },
    "eu.domibus.core.ebms3.receiver.handler.IncomingUserMessageHandler.around_handleNewUserMessage.counter.counter" : {
      "count" : 60
    },
    "eu.domibus.core.ebms3.sender.AbstractUserMessageSender.outgoing_user_message.counter" : {
      "count" : 0
    },
    "eu.domibus.core.ebms3.sender.MessageSenderListener.onMessage.counter" : {
      "count" : 0
    },
    "eu.domibus.core.ebms3.sender.MessageSenderService.sendUserMessage.counter" : {
      "count" : 0
    },
    "eu.domibus.core.ebms3.sender.client.MSHDispatcher.dispatch.counter" : {
      "count" : 0
    },
    "eu.domibus.core.error.ErrorLogDao.deleteMessages.deleteErrorLogsByMessageIdInError.counter" : {
      "count" : 0
    },
    "eu.domibus.core.message.MessageInfoDao.deleteMessages.counter" : {
      "count" : 0
    },
    "eu.domibus.core.message.MessageInfoDao.findSignalMessageIds.counter" : {
      "count" : 0
    },
    "eu.domibus.core.message.MessagingServiceImpl.storeMessage.counter" : {
      "count" : 0
    },
    "eu.domibus.core.message.UserMessageHandlerServiceImpl.handleNewUserMessage.counter" : {
      "count" : 9
    },
    "eu.domibus.core.message.UserMessageLogDao.deleteMessages.deleteMessageLogs.counter" : {
      "count" : 0
    },
    "eu.domibus.core.message.acknowledge.MessageAcknowledgementDao.deleteMessages.deleteMessageAcknowledgementsByMessageIds.counter" : {
      "count" : 0
    },
    "eu.domibus.core.message.attempt.MessageAttemptDao.deleteMessages.deleteAttemptsByMessageIds.counter" : {
      "count" : 0
    },
    "eu.domibus.core.message.pull.IncomingPullRequestHandler.incoming_pull_request.counter" : {
      "count" : 0
    },
    "eu.domibus.core.message.receipt.AS4ReceiptServiceImpl.generateReceipt.counter" : {
      "count" : 0
    },
    "eu.domibus.core.message.retention.MessageRetentionDefaultService.schedule_deleteExpiredMessages.counter" : {
      "count" : 0
    },
    "eu.domibus.core.message.retention.RetentionListener.onMessage.deleteMessages.counter" : {
      "count" : 0
    },
    "eu.domibus.core.message.signal.SignalMessageDao.deleteMessages.deleteReceipts.counter" : {
      "count" : 0
    },
    "eu.domibus.core.message.signal.SignalMessageLogDao.deleteMessages.deleteMessageLogs.counter" : {
      "count" : 0
    },
    "eu.domibus.core.plugin.handler.DatabaseMessageHandler.submit.counter" : {
      "count" : 2
    },
    "eu.domibus.core.plugin.notification.BackendNotificationService.notifyMessageReceived.counter" : {
      "count" : 9
    },
    "eu.domibus.core.plugin.notification.PluginAsyncNotificationListener.onMessage.counter" : {
      "count" : 9
    },
    "eu.domibus.core.pmode.validation.validators.MessagePropertyValidator.validate.counter" : {
      "count" : 0
    },
    "eu.domibus.core.replication.UIMessageDaoImpl.deleteMessages.deleteUIMessagesByMessageIds.counter" : {
      "count" : 0
    },
    "eu.domibus.core.util.SoapUtil.SoapUtil.counter" : {
      "count" : 0
    },
    "eu.domibus.plugin.jms.JMSPluginImpl.deliverMessage.counter" : {
      "count" : 9
    },
    "eu.domibus.plugin.jms.JMSPluginImpl.receiveMessage.counter" : {
      "count" : 15
    }
  },
  "histograms" : { },
  "meters" : { },
  "timers" : {
    "eu.domibus.core.ebms3.receiver.MSHWebservice.incoming_user_message.timer" : {
      "count" : 211801,
      "max" : 1.214530782,
      "mean" : 0.4199573183321049,
      "min" : 0.132834123,
      "p50" : 0.41668448300000005,
      "p75" : 0.499022587,
      "p95" : 0.6400160690000001,
      "p98" : 0.696334353,
      "p99" : 0.7403550440000001,
      "p999" : 0.8477245470000001,
      "stddev" : 0.12141714220343908,
      "m15_rate" : 59.39928174735175,
      "m1_rate" : 62.804650859913366,
      "m5_rate" : 61.37525599156373,
      "mean_rate" : 58.67474483183209,
      "duration_units" : "seconds",
      "rate_units" : "calls/second"
    },
    "eu.domibus.core.ebms3.receiver.handler.AbstractIncomingMessageHandler.processMessage.timer" : {
      "count" : 211796,
      "max" : 0.9302282470000001,
      "mean" : 0.42447267983865383,
      "min" : 0.168346563,
      "p50" : 0.41874707,
      "p75" : 0.512570085,
      "p95" : 0.638898972,
      "p98" : 0.7047980020000001,
      "p99" : 0.7785072660000001,
      "p999" : 0.9302282470000001,
      "stddev" : 0.12392312198364529,
      "m15_rate" : 59.39609707622837,
      "m1_rate" : 62.79819101909916,
      "m5_rate" : 61.371724531204215,
      "mean_rate" : 58.67340229188188,
      "duration_units" : "seconds",
      "rate_units" : "calls/second"
    },
    "eu.domibus.core.ebms3.receiver.handler.IncomingUserMessageHandler.around_handleNewUserMessage.timer.timer" : {
      "count" : 211766,
      "max" : 1.179230495,
      "mean" : 0.4213270693912182,
      "min" : 0.158616949,
      "p50" : 0.42225854,
      "p75" : 0.49869359100000005,
      "p95" : 0.627691353,
      "p98" : 0.692652573,
      "p99" : 0.745583097,
      "p999" : 0.953025255,
      "stddev" : 0.1225241744047427,
      "m15_rate" : 59.387683959674696,
      "m1_rate" : 62.629972693993714,
      "m5_rate" : 61.34851192488626,
      "mean_rate" : 58.674832141745355,
      "duration_units" : "seconds",
      "rate_units" : "calls/second"
    },
    "eu.domibus.core.ebms3.sender.AbstractUserMessageSender.outgoing_user_message.timer" : {
      "count" : 211978,
      "max" : 0.408224046,
      "mean" : 0.06361875325723122,
      "min" : 0.043368886,
      "p50" : 0.058497877000000004,
      "p75" : 0.064398934,
      "p95" : 0.075907651,
      "p98" : 0.146992336,
      "p99" : 0.21780602500000001,
      "p999" : 0.408224046,
      "stddev" : 0.03365877259901728,
      "m15_rate" : 59.58192297017734,
      "m1_rate" : 62.90016482049126,
      "m5_rate" : 61.52976999653811,
      "mean_rate" : 59.30152861174485,
      "duration_units" : "seconds",
      "rate_units" : "calls/second"
    },
    "eu.domibus.core.ebms3.sender.MessageSenderListener.onMessage.timer" : {
      "count" : 211978,
      "max" : 0.511667101,
      "mean" : 0.08560416477280502,
      "min" : 0.049147544,
      "p50" : 0.06748010900000001,
      "p75" : 0.07874602500000001,
      "p95" : 0.17694911800000002,
      "p98" : 0.235747794,
      "p99" : 0.41860027000000005,
      "p999" : 0.473676672,
      "stddev" : 0.05606143257874159,
      "m15_rate" : 59.58390612174507,
      "m1_rate" : 62.91750995044123,
      "m5_rate" : 61.534901560267,
      "mean_rate" : 59.30061533825494,
      "duration_units" : "seconds",
      "rate_units" : "calls/second"
    },
    "eu.domibus.core.ebms3.sender.MessageSenderService.sendUserMessage.timer" : {
      "count" : 211978,
      "max" : 0.566835796,
      "mean" : 0.08787621270489679,
      "min" : 0.049086844000000004,
      "p50" : 0.067154113,
      "p75" : 0.079023225,
      "p95" : 0.19686657400000002,
      "p98" : 0.299593431,
      "p99" : 0.418500172,
      "p999" : 0.566835796,
      "stddev" : 0.062031201195533875,
      "m15_rate" : 59.582846702136024,
      "m1_rate" : 62.90790531223106,
      "m5_rate" : 61.53191094693543,
      "mean_rate" : 59.30088320452328,
      "duration_units" : "seconds",
      "rate_units" : "calls/second"
    },
    "eu.domibus.core.ebms3.sender.client.MSHDispatcher.dispatch.timer" : {
      "count" : 211978,
      "max" : 0.481990611,
      "mean" : 0.052423827944473055,
      "min" : 0.033855855000000004,
      "p50" : 0.047794954,
      "p75" : 0.053413013,
      "p95" : 0.061902249000000006,
      "p98" : 0.134810124,
      "p99" : 0.18509935900000002,
      "p999" : 0.481990611,
      "stddev" : 0.032412549540224524,
      "m15_rate" : 59.58606403728569,
      "m1_rate" : 62.93122313513172,
      "m5_rate" : 61.54010719193076,
      "mean_rate" : 59.30530938837155,
      "duration_units" : "seconds",
      "rate_units" : "calls/second"
    },
    "eu.domibus.core.error.ErrorLogDao.deleteMessages.deleteErrorLogsByMessageIdInError.timer" : {
      "count" : 56,
      "max" : 0.014922433,
      "mean" : 0.0035251017159017898,
      "min" : 0.0021022890000000002,
      "p50" : 0.003632573,
      "p75" : 0.0038932710000000002,
      "p95" : 0.005155561,
      "p98" : 0.005155561,
      "p99" : 0.005155561,
      "p999" : 0.005155561,
      "stddev" : 7.657630379265952E-4,
      "m15_rate" : 0.12342206486391788,
      "m1_rate" : 6.119447467546822E-4,
      "m5_rate" : 0.016997205858358688,
      "mean_rate" : 0.02290298646489568,
      "duration_units" : "seconds",
      "rate_units" : "calls/second"
    },
    "eu.domibus.core.message.MessageInfoDao.deleteMessages.timer" : {
      "count" : 112,
      "max" : 3.2207716320000004,
      "mean" : 0.6334306573134476,
      "min" : 0.127043337,
      "p50" : 0.39294504700000005,
      "p75" : 0.986905412,
      "p95" : 1.1099312810000002,
      "p98" : 1.524099552,
      "p99" : 1.524099552,
      "p999" : 1.524099552,
      "stddev" : 0.41864253345274566,
      "m15_rate" : 0.24687510731174378,
      "m1_rate" : 0.0012453861894290799,
      "m5_rate" : 0.03410687213061099,
      "mean_rate" : 0.04577100120035051,
      "duration_units" : "seconds",
      "rate_units" : "calls/second"
    },
    "eu.domibus.core.message.MessageInfoDao.findSignalMessageIds.timer" : {
      "count" : 56,
      "max" : 0.5832753740000001,
      "mean" : 0.1270499811322191,
      "min" : 0.07371184600000001,
      "p50" : 0.106261302,
      "p75" : 0.123376973,
      "p95" : 0.280197074,
      "p98" : 0.5832753740000001,
      "p99" : 0.5832753740000001,
      "p999" : 0.5832753740000001,
      "stddev" : 0.0960635581113261,
      "m15_rate" : 0.12342835793845383,
      "m1_rate" : 6.185207084119356E-4,
      "m5_rate" : 0.017027780277696025,
      "mean_rate" : 0.0228828643317913,
      "duration_units" : "seconds",
      "rate_units" : "calls/second"
    },
    "eu.domibus.core.message.MessagingServiceImpl.storeMessage.timer" : {
      "count" : 423834,
      "max" : 0.138956395,
      "mean" : 0.006964119433960234,
      "min" : 0.003139677,
      "p50" : 0.0054635610000000005,
      "p75" : 0.007320847,
      "p95" : 0.012372610000000001,
      "p98" : 0.015231989000000001,
      "p99" : 0.017906770000000002,
      "p999" : 0.138956395,
      "stddev" : 0.008147886039504794,
      "m15_rate" : 118.85794149114213,
      "m1_rate" : 125.5098338249866,
      "m5_rate" : 122.8855360716802,
      "mean_rate" : 117.43420568525664,
      "duration_units" : "seconds",
      "rate_units" : "calls/second"
    },
    "eu.domibus.core.message.UserMessageHandlerServiceImpl.handleNewUserMessage.timer" : {
      "count" : 211817,
      "max" : 0.500125781,
      "mean" : 0.12838756406854765,
      "min" : 0.024464620000000003,
      "p50" : 0.12195831700000001,
      "p75" : 0.162208925,
      "p95" : 0.24742031,
      "p98" : 0.285871331,
      "p99" : 0.43942212100000005,
      "p999" : 0.500125781,
      "stddev" : 0.06918432839063444,
      "m15_rate" : 59.4036079354277,
      "m1_rate" : 62.77305017498118,
      "m5_rate" : 61.37498376622633,
      "mean_rate" : 58.68894283977684,
      "duration_units" : "seconds",
      "rate_units" : "calls/second"
    },
    "eu.domibus.core.message.UserMessageLogDao.deleteMessages.deleteMessageLogs.timer" : {
      "count" : 56,
      "max" : 0.20956110500000003,
      "mean" : 0.06857484270044573,
      "min" : 0.046302247000000005,
      "p50" : 0.0664952,
      "p75" : 0.07185256000000001,
      "p95" : 0.104774113,
      "p98" : 0.104774113,
      "p99" : 0.104774113,
      "p999" : 0.104774113,
      "stddev" : 0.013314720344658415,
      "m15_rate" : 0.12342206486391788,
      "m1_rate" : 6.119447467546822E-4,
      "m5_rate" : 0.016997205858358688,
      "mean_rate" : 0.022900818027439103,
      "duration_units" : "seconds",
      "rate_units" : "calls/second"
    },
    "eu.domibus.core.message.acknowledge.MessageAcknowledgementDao.deleteMessages.deleteMessageAcknowledgementsByMessageIds.timer" : {
      "count" : 56,
      "max" : 0.022106401,
      "mean" : 0.003007215924088688,
      "min" : 0.0020215840000000003,
      "p50" : 0.0030585770000000003,
      "p75" : 0.003357075,
      "p95" : 0.004509366,
      "p98" : 0.004509366,
      "p99" : 0.004509366,
      "p999" : 0.004509366,
      "stddev" : 7.453683778051942E-4,
      "m15_rate" : 0.12342206486391788,
      "m1_rate" : 6.119447467546822E-4,
      "m5_rate" : 0.016997205858358688,
      "mean_rate" : 0.022903348848439475,
      "duration_units" : "seconds",
      "rate_units" : "calls/second"
    },
    "eu.domibus.core.message.attempt.MessageAttemptDao.deleteMessages.deleteAttemptsByMessageIds.timer" : {
      "count" : 56,
      "max" : 0.016787625,
      "mean" : 0.0037901051236300773,
      "min" : 0.002428382,
      "p50" : 0.00399907,
      "p75" : 0.004222868,
      "p95" : 0.0048704640000000006,
      "p98" : 0.010333622,
      "p99" : 0.010333622,
      "p999" : 0.010333622,
      "stddev" : 0.0015103452295627381,
      "m15_rate" : 0.12342206486391788,
      "m1_rate" : 6.119447467546822E-4,
      "m5_rate" : 0.016997205858358688,
      "mean_rate" : 0.022902820910526967,
      "duration_units" : "seconds",
      "rate_units" : "calls/second"
    },
    "eu.domibus.core.message.pull.IncomingPullRequestHandler.incoming_pull_request.timer" : {
      "count" : 5,
      "max" : 0.149561412,
      "mean" : 0.08450584117088691,
      "min" : 0.010796407000000001,
      "p50" : 0.10678628100000001,
      "p75" : 0.148605321,
      "p95" : 0.149561412,
      "p98" : 0.149561412,
      "p99" : 0.149561412,
      "p999" : 0.149561412,
      "stddev" : 0.06280453752499261,
      "m15_rate" : 0.3761460508964052,
      "m1_rate" : 4.269210793550191E-7,
      "m5_rate" : 0.053219344338921476,
      "mean_rate" : 0.0056388204891581134,
      "duration_units" : "seconds",
      "rate_units" : "calls/second"
    },
    "eu.domibus.core.message.receipt.AS4ReceiptServiceImpl.generateReceipt.timer" : {
      "count" : 211805,
      "max" : 0.193099188,
      "mean" : 0.029667063587381703,
      "min" : 0.016422681,
      "p50" : 0.025898513,
      "p75" : 0.032219667,
      "p95" : 0.048633048000000005,
      "p98" : 0.06851549900000001,
      "p99" : 0.08695836700000001,
      "p999" : 0.16617379300000001,
      "stddev" : 0.01412757580237155,
      "m15_rate" : 59.417675400725535,
      "m1_rate" : 62.86880975456192,
      "m5_rate" : 61.4009740380694,
      "mean_rate" : 58.688737028874264,
      "duration_units" : "seconds",
      "rate_units" : "calls/second"
    },
    "eu.domibus.core.message.retention.MessageRetentionDefaultService.schedule_deleteExpiredMessages.timer" : {
      "count" : 13,
      "max" : 8.992785614,
      "mean" : 8.960590740062411,
      "min" : 0.22445804700000002,
      "p50" : 8.992785614,
      "p75" : 8.992785614,
      "p95" : 8.992785614,
      "p98" : 8.992785614,
      "p99" : 8.992785614,
      "p999" : 8.992785614,
      "stddev" : 0.05097668253440025,
      "m15_rate" : 0.0036796140710429045,
      "m1_rate" : 8.224719027048947E-5,
      "m5_rate" : 0.0020971074038537724,
      "mean_rate" : 0.0028961936364242506,
      "duration_units" : "seconds",
      "rate_units" : "calls/second"
    },
    "eu.domibus.core.message.retention.RetentionListener.onMessage.deleteMessages.timer" : {
      "count" : 56,
      "max" : 5.641026311,
      "mean" : 1.8766210913882075,
      "min" : 1.544505672,
      "p50" : 1.776683044,
      "p75" : 1.9539401740000002,
      "p95" : 2.441433263,
      "p98" : 2.441433263,
      "p99" : 2.441433263,
      "p999" : 2.441433263,
      "stddev" : 0.23766671797038375,
      "m15_rate" : 0.12345919398428977,
      "m1_rate" : 6.316732007549334E-4,
      "m5_rate" : 0.017103108604310246,
      "mean_rate" : 0.022882573119709284,
      "duration_units" : "seconds",
      "rate_units" : "calls/second"
    },
    "eu.domibus.core.message.signal.SignalMessageDao.deleteMessages.deleteReceipts.timer" : {
      "count" : 56,
      "max" : 1.861955083,
      "mean" : 0.24832097064401154,
      "min" : 0.1548962,
      "p50" : 0.19704772,
      "p75" : 0.25788346100000004,
      "p95" : 0.47776841000000003,
      "p98" : 0.47776841000000003,
      "p99" : 0.47776841000000003,
      "p999" : 0.47776841000000003,
      "stddev" : 0.09754414617864493,
      "m15_rate" : 0.12342409692462467,
      "m1_rate" : 6.119448270476398E-4,
      "m5_rate" : 0.016999187792755454,
      "mean_rate" : 0.022898225877238908,
      "duration_units" : "seconds",
      "rate_units" : "calls/second"
    },
    "eu.domibus.core.message.signal.SignalMessageLogDao.deleteMessages.deleteMessageLogs.timer" : {
      "count" : 56,
      "max" : 0.268937464,
      "mean" : 0.06261188564822001,
      "min" : 0.040056338000000004,
      "p50" : 0.062400527000000004,
      "p75" : 0.07328945,
      "p95" : 0.09181791,
      "p98" : 0.09181791,
      "p99" : 0.09181791,
      "p999" : 0.09181791,
      "stddev" : 0.015723165362271335,
      "m15_rate" : 0.12342206486391788,
      "m1_rate" : 6.119447467546822E-4,
      "m5_rate" : 0.016997205858358688,
      "mean_rate" : 0.022902048696551516,
      "duration_units" : "seconds",
      "rate_units" : "calls/second"
    },
    "eu.domibus.core.plugin.handler.DatabaseMessageHandler.submit.timer" : {
      "count" : 212018,
      "max" : 0.380339945,
      "mean" : 0.11417403169624088,
      "min" : 0.009855027,
      "p50" : 0.09805738800000001,
      "p75" : 0.134188327,
      "p95" : 0.237147284,
      "p98" : 0.278688583,
      "p99" : 0.31132233800000003,
      "p999" : 0.380339945,
      "stddev" : 0.056138455106081675,
      "m15_rate" : 59.605775501878654,
      "m1_rate" : 63.17579000983645,
      "m5_rate" : 61.588904334872936,
      "mean_rate" : 59.30657305626455,
      "duration_units" : "seconds",
      "rate_units" : "calls/second"
    },
    "eu.domibus.core.plugin.notification.BackendNotificationService.notifyMessageReceived.timer" : {
      "count" : 211805,
      "max" : 0.39442054600000004,
      "mean" : 0.0739826924492904,
      "min" : 4.8819700000000006E-4,
      "p50" : 0.06860300000000001,
      "p75" : 0.104318346,
      "p95" : 0.15658296600000002,
      "p98" : 0.173864541,
      "p99" : 0.19459108800000002,
      "p999" : 0.39442054600000004,
      "stddev" : 0.048214924812912036,
      "m15_rate" : 59.39824024626316,
      "m1_rate" : 62.71356181722278,
      "m5_rate" : 61.36650320937633,
      "mean_rate" : 58.68713060541749,
      "duration_units" : "seconds",
      "rate_units" : "calls/second"
    },
    "eu.domibus.core.plugin.notification.PluginAsyncNotificationListener.onMessage.timer" : {
      "count" : 212052,
      "max" : 0.41568719200000004,
      "mean" : 0.11145480095389054,
      "min" : 0.012565207,
      "p50" : 0.10014597600000001,
      "p75" : 0.132736939,
      "p95" : 0.22113850000000002,
      "p98" : 0.269810149,
      "p99" : 0.28337285,
      "p999" : 0.41568719200000004,
      "stddev" : 0.05383805195568808,
      "m15_rate" : 59.55380705497002,
      "m1_rate" : 62.90792373757899,
      "m5_rate" : 61.54995488973279,
      "mean_rate" : 58.764195920103475,
      "duration_units" : "seconds",
      "rate_units" : "calls/second"
    },
    "eu.domibus.core.pmode.validation.validators.MessagePropertyValidator.validate.timer" : {
      "count" : 423834,
      "max" : 8.4299E-5,
      "mean" : 2.024041879307685E-6,
      "min" : 6.000000000000001E-7,
      "p50" : 1.2000000000000002E-6,
      "p75" : 1.5E-6,
      "p95" : 2.6E-6,
      "p98" : 3.0E-6,
      "p99" : 2.9800000000000003E-5,
      "p999" : 8.4299E-5,
      "stddev" : 6.6094117829139565E-6,
      "m15_rate" : 118.85581341868534,
      "m1_rate" : 125.48792642183783,
      "m5_rate" : 122.88077143961506,
      "mean_rate" : 117.43373550087345,
      "duration_units" : "seconds",
      "rate_units" : "calls/second"
    },
    "eu.domibus.core.replication.UIMessageDaoImpl.deleteMessages.deleteUIMessagesByMessageIds.timer" : {
      "count" : 112,
      "max" : 0.018841515,
      "mean" : 0.0027759579139745036,
      "min" : 0.0017871900000000001,
      "p50" : 0.0027384790000000003,
      "p75" : 0.0031389760000000004,
      "p95" : 0.0035787730000000004,
      "p98" : 0.00400087,
      "p99" : 0.00522276,
      "p999" : 0.00522276,
      "stddev" : 6.022584951974164E-4,
      "m15_rate" : 0.24684412972783576,
      "m1_rate" : 0.0012238894935093644,
      "m5_rate" : 0.033994411716717375,
      "mean_rate" : 0.045806215392505664,
      "duration_units" : "seconds",
      "rate_units" : "calls/second"
    },
    "eu.domibus.core.util.SoapUtil.logMessage.timer" : {
      "count" : 211814,
      "max" : 1.07399E-4,
      "mean" : 1.118576230289608E-6,
      "min" : 3.0000000000000004E-7,
      "p50" : 8.000000000000001E-7,
      "p75" : 1.0000000000000002E-6,
      "p95" : 1.6000000000000001E-6,
      "p98" : 1.9E-6,
      "p99" : 5.600000000000001E-6,
      "p999" : 5.4600000000000006E-5,
      "stddev" : 3.938624496521632E-6,
      "m15_rate" : 59.39893310657141,
      "m1_rate" : 62.71050674926838,
      "m5_rate" : 61.368477663690264,
      "mean_rate" : 58.68818784912957,
      "duration_units" : "seconds",
      "rate_units" : "calls/second"
    },
    "eu.domibus.plugin.jms.JMSPluginImpl.deliverMessage.timer" : {
      "count" : 212052,
      "max" : 0.7214946250000001,
      "mean" : 0.11073043609040713,
      "min" : 0.010738621,
      "p50" : 0.09815098300000001,
      "p75" : 0.133097137,
      "p95" : 0.22065500300000002,
      "p98" : 0.27733319300000003,
      "p99" : 0.297329446,
      "p999" : 0.43319476500000004,
      "stddev" : 0.05606704784224253,
      "m15_rate" : 59.5528317366416,
      "m1_rate" : 62.89265977694291,
      "m5_rate" : 61.54691153953544,
      "mean_rate" : 58.76441480360578,
      "duration_units" : "seconds",
      "rate_units" : "calls/second"
    },
    "eu.domibus.plugin.jms.JMSPluginImpl.receiveMessage.timer" : {
      "count" : 212005,
      "max" : 0.622873455,
      "mean" : 0.19748946505324916,
      "min" : 0.012710607,
      "p50" : 0.188313537,
      "p75" : 0.238515474,
      "p95" : 0.34504370300000003,
      "p98" : 0.38204892500000004,
      "p99" : 0.41589788800000005,
      "p999" : 0.5311973520000001,
      "stddev" : 0.07531080726665505,
      "m15_rate" : 59.599290819529784,
      "m1_rate" : 62.806030125495084,
      "m5_rate" : 61.5372841329901,
      "mean_rate" : 59.30195322112378,
      "duration_units" : "seconds",
      "rate_units" : "calls/second"
    }
  }
}