{
  "version" : "4.0.0",
  "gauges" : { },
  "counters" : {
    "eu.domibus.core.ebms3.receiver.MSHWebservice.incoming_user_message.counter" : {
      "count" : 21
    },
    "eu.domibus.core.ebms3.receiver.handler.AbstractIncomingMessageHandler.processMessage.counter" : {
      "count" : 21
    },
    "eu.domibus.core.ebms3.receiver.handler.IncomingUserMessageHandler.around_handleNewUserMessage.counter.counter" : {
      "count" : 51
    },
    "eu.domibus.core.ebms3.sender.AbstractUserMessageSender.outgoing_user_message.counter" : {
      "count" : 10
    },
    "eu.domibus.core.ebms3.sender.MessageSenderListener.onMessage.counter" : {
      "count" : 10
    },
    "eu.domibus.core.ebms3.sender.MessageSenderService.sendUserMessage.counter" : {
      "count" : 10
    },
    "eu.domibus.core.ebms3.sender.client.MSHDispatcher.dispatch.counter" : {
      "count" : 10
    },
    "eu.domibus.core.error.ErrorLogDao.deleteMessages.deleteErrorLogsByMessageIdInError.counter" : {
      "count" : 0
    },
    "eu.domibus.core.message.MessageInfoDao.deleteMessages.counter" : {
      "count" : 0
    },
    "eu.domibus.core.message.MessageInfoDao.findSignalMessageIds.counter" : {
      "count" : 0
    },
    "eu.domibus.core.message.MessagingServiceImpl.storeMessage.counter" : {
      "count" : 0
    },
    "eu.domibus.core.message.UserMessageHandlerServiceImpl.handleNewUserMessage.counter" : {
      "count" : 5
    },
    "eu.domibus.core.message.UserMessageLogDao.deleteMessages.deleteMessageLogs.counter" : {
      "count" : 0
    },
    "eu.domibus.core.message.acknowledge.MessageAcknowledgementDao.deleteMessages.deleteMessageAcknowledgementsByMessageIds.counter" : {
      "count" : 0
    },
    "eu.domibus.core.message.attempt.MessageAttemptDao.deleteMessages.deleteAttemptsByMessageIds.counter" : {
      "count" : 0
    },
    "eu.domibus.core.message.pull.IncomingPullRequestHandler.incoming_pull_request.counter" : {
      "count" : 0
    },
    "eu.domibus.core.message.receipt.AS4ReceiptServiceImpl.generateReceipt.counter" : {
      "count" : 4
    },
    "eu.domibus.core.message.retention.MessageRetentionDefaultService.schedule_deleteExpiredMessages.counter" : {
      "count" : 0
    },
    "eu.domibus.core.message.retention.RetentionListener.onMessage.deleteMessages.counter" : {
      "count" : 0
    },
    "eu.domibus.core.message.signal.SignalMessageDao.deleteMessages.deleteReceipts.counter" : {
      "count" : 0
    },
    "eu.domibus.core.message.signal.SignalMessageLogDao.deleteMessages.deleteMessageLogs.counter" : {
      "count" : 0
    },
    "eu.domibus.core.plugin.handler.DatabaseMessageHandler.submit.counter" : {
      "count" : 6
    },
    "eu.domibus.core.plugin.notification.BackendNotificationService.notifyMessageReceived.counter" : {
      "count" : 1
    },
    "eu.domibus.core.plugin.notification.PluginAsyncNotificationListener.onMessage.counter" : {
      "count" : 10
    },
    "eu.domibus.core.pmode.validation.validators.MessagePropertyValidator.validate.counter" : {
      "count" : 0
    },
    "eu.domibus.core.replication.UIMessageDaoImpl.deleteMessages.deleteUIMessagesByMessageIds.counter" : {
      "count" : 0
    },
    "eu.domibus.core.util.SoapUtil.SoapUtil.counter" : {
      "count" : 0
    },
    "eu.domibus.plugin.jms.JMSPluginImpl.deliverMessage.counter" : {
      "count" : 10
    },
    "eu.domibus.plugin.jms.JMSPluginImpl.receiveMessage.counter" : {
      "count" : 6
    }
  },
  "histograms" : { },
  "meters" : { },
  "timers" : {
    "eu.domibus.core.ebms3.receiver.MSHWebservice.incoming_user_message.timer" : {
      "count" : 211172,
      "max" : 0.9918514740000001,
      "mean" : 0.41315928413941483,
      "min" : 0.12200798400000001,
      "p50" : 0.39916668800000005,
      "p75" : 0.49428682500000004,
      "p95" : 0.625063224,
      "p98" : 0.686771624,
      "p99" : 0.71814633,
      "p999" : 0.8717937290000001,
      "stddev" : 0.12037932939060796,
      "m15_rate" : 59.91895033163404,
      "m1_rate" : 64.0275185395252,
      "m5_rate" : 61.77404396097892,
      "mean_rate" : 47.06542791179146,
      "duration_units" : "seconds",
      "rate_units" : "calls/second"
    },
    "eu.domibus.core.ebms3.receiver.handler.AbstractIncomingMessageHandler.processMessage.timer" : {
      "count" : 211166,
      "max" : 0.905630055,
      "mean" : 0.4167549479996758,
      "min" : 0.12007486,
      "p50" : 0.40744169500000005,
      "p75" : 0.49447872400000004,
      "p95" : 0.6240996120000001,
      "p98" : 0.697526066,
      "p99" : 0.738561397,
      "p999" : 0.871760728,
      "stddev" : 0.1209756738472907,
      "m15_rate" : 60.00526389407729,
      "m1_rate" : 64.21849189411469,
      "m5_rate" : 61.83055185086882,
      "mean_rate" : 58.482051626339306,
      "duration_units" : "seconds",
      "rate_units" : "calls/second"
    },
    "eu.domibus.core.ebms3.receiver.handler.IncomingUserMessageHandler.around_handleNewUserMessage.timer.timer" : {
      "count" : 211136,
      "max" : 1.068160181,
      "mean" : 0.4093567651079403,
      "min" : 0.11573960300000001,
      "p50" : 0.39713726200000005,
      "p75" : 0.481053053,
      "p95" : 0.621982084,
      "p98" : 0.677786109,
      "p99" : 0.712688463,
      "p999" : 0.9523464610000001,
      "stddev" : 0.11825493928798249,
      "m15_rate" : 59.99734850063129,
      "m1_rate" : 64.20804079062228,
      "m5_rate" : 61.82648214149021,
      "mean_rate" : 58.47414571828829,
      "duration_units" : "seconds",
      "rate_units" : "calls/second"
    },
    "eu.domibus.core.ebms3.sender.AbstractUserMessageSender.outgoing_user_message.timer" : {
      "count" : 210560,
      "max" : 0.381859363,
      "mean" : 0.058339941339875294,
      "min" : 0.041887444,
      "p50" : 0.054922814,
      "p75" : 0.060143882,
      "p95" : 0.072795046,
      "p98" : 0.09624165100000001,
      "p99" : 0.163067019,
      "p999" : 0.381859363,
      "stddev" : 0.02107302584298165,
      "m15_rate" : 59.86746308013051,
      "m1_rate" : 63.79777699945591,
      "m5_rate" : 61.62398765857607,
      "mean_rate" : 58.91303144192624,
      "duration_units" : "seconds",
      "rate_units" : "calls/second"
    },
    "eu.domibus.core.ebms3.sender.MessageSenderListener.onMessage.timer" : {
      "count" : 210560,
      "max" : 0.42302529800000005,
      "mean" : 0.07967647288088066,
      "min" : 0.043251162,
      "p50" : 0.063662327,
      "p75" : 0.07969543600000001,
      "p95" : 0.16567145300000002,
      "p98" : 0.19698696000000002,
      "p99" : 0.21702512100000002,
      "p999" : 0.42302529800000005,
      "stddev" : 0.040323205183283195,
      "m15_rate" : 59.857351313790325,
      "m1_rate" : 63.66888479562854,
      "m5_rate" : 61.59429091757857,
      "mean_rate" : 58.91101642348889,
      "duration_units" : "seconds",
      "rate_units" : "calls/second"
    },
    "eu.domibus.core.ebms3.sender.MessageSenderService.sendUserMessage.timer" : {
      "count" : 210560,
      "max" : 0.32875587300000003,
      "mean" : 0.08177070185382958,
      "min" : 0.045014385000000004,
      "p50" : 0.06384693000000001,
      "p75" : 0.086492224,
      "p95" : 0.17772961,
      "p98" : 0.19692266,
      "p99" : 0.21365477600000002,
      "p999" : 0.32875587300000003,
      "stddev" : 0.04164574041477048,
      "m15_rate" : 59.862628473617455,
      "m1_rate" : 63.74483524339646,
      "m5_rate" : 61.609830316579625,
      "mean_rate" : 58.911378939912105,
      "duration_units" : "seconds",
      "rate_units" : "calls/second"
    },
    "eu.domibus.core.ebms3.sender.client.MSHDispatcher.dispatch.timer" : {
      "count" : 210560,
      "max" : 0.32050936500000005,
      "mean" : 0.049626915575919,
      "min" : 0.034487149,
      "p50" : 0.046667806000000006,
      "p75" : 0.052087877000000005,
      "p95" : 0.064681641,
      "p98" : 0.072682045,
      "p99" : 0.152012076,
      "p999" : 0.32050936500000005,
      "stddev" : 0.01837462959664696,
      "m15_rate" : 59.85919700187874,
      "m1_rate" : 63.68532036150062,
      "m5_rate" : 61.59911236375163,
      "mean_rate" : 58.91554108692573,
      "duration_units" : "seconds",
      "rate_units" : "calls/second"
    },
    "eu.domibus.core.error.ErrorLogDao.deleteMessages.deleteErrorLogsByMessageIdInError.timer" : {
      "count" : 56,
      "max" : 0.014011987,
      "mean" : 0.004576606244675357,
      "min" : 0.002016627,
      "p50" : 0.0041244540000000005,
      "p75" : 0.007171392,
      "p95" : 0.008083305,
      "p98" : 0.008083305,
      "p99" : 0.008083305,
      "p999" : 0.008083305,
      "stddev" : 0.0018667448214698128,
      "m15_rate" : 0.14133005132207196,
      "m1_rate" : 1.0870370365356933E-6,
      "m5_rate" : 0.004403102184685848,
      "mean_rate" : 0.024722752294068454,
      "duration_units" : "seconds",
      "rate_units" : "calls/second"
    },
    "eu.domibus.core.message.MessageInfoDao.deleteMessages.timer" : {
      "count" : 112,
      "max" : 1.349967211,
      "mean" : 0.6686987926478272,
      "min" : 0.135606679,
      "p50" : 0.421475237,
      "p75" : 1.038387796,
      "p95" : 1.311787524,
      "p98" : 1.311787524,
      "p99" : 1.311787524,
      "p999" : 1.311787524,
      "stddev" : 0.4188375086717721,
      "m15_rate" : 0.2826866014185446,
      "m1_rate" : 2.2079834262779023E-6,
      "m5_rate" : 0.008831728292050162,
      "mean_rate" : 0.04940508877915797,
      "duration_units" : "seconds",
      "rate_units" : "calls/second"
    },
    "eu.domibus.core.message.MessageInfoDao.findSignalMessageIds.timer" : {
      "count" : 56,
      "max" : 0.39905192700000003,
      "mean" : 0.10948891130833194,
      "min" : 0.087470854,
      "p50" : 0.115153685,
      "p75" : 0.124222602,
      "p95" : 0.124446306,
      "p98" : 0.124446306,
      "p99" : 0.124446306,
      "p999" : 0.179756154,
      "stddev" : 0.014286163191482456,
      "m15_rate" : 0.14133287157954266,
      "m1_rate" : 1.0980007746824652E-6,
      "m5_rate" : 0.0044084005941222625,
      "mean_rate" : 0.02469983140575122,
      "duration_units" : "seconds",
      "rate_units" : "calls/second"
    },
    "eu.domibus.core.message.MessagingServiceImpl.storeMessage.timer" : {
      "count" : 421790,
      "max" : 0.126115738,
      "mean" : 0.006562239202841804,
      "min" : 0.0029721390000000004,
      "p50" : 0.004903564,
      "p75" : 0.006178881000000001,
      "p95" : 0.011087444,
      "p98" : 0.015269699000000001,
      "p99" : 0.050863961000000006,
      "p999" : 0.11923825,
      "stddev" : 0.009697656378248265,
      "m15_rate" : 119.78017171986068,
      "m1_rate" : 128.21382475585668,
      "m5_rate" : 123.51906929334359,
      "mean_rate" : 116.81530896982225,
      "duration_units" : "seconds",
      "rate_units" : "calls/second"
    },
    "eu.domibus.core.message.UserMessageHandlerServiceImpl.handleNewUserMessage.timer" : {
      "count" : 211182,
      "max" : 0.350746959,
      "mean" : 0.12148558380159787,
      "min" : 0.023501505000000002,
      "p50" : 0.122043386,
      "p75" : 0.15480781100000002,
      "p95" : 0.22167098200000002,
      "p98" : 0.271407027,
      "p99" : 0.31260676200000004,
      "p999" : 0.350746959,
      "stddev" : 0.05865390465112541,
      "m15_rate" : 59.99750199249871,
      "m1_rate" : 64.07755769355539,
      "m5_rate" : 61.80596213683695,
      "mean_rate" : 58.48685882757306,
      "duration_units" : "seconds",
      "rate_units" : "calls/second"
    },
    "eu.domibus.core.message.UserMessageLogDao.deleteMessages.deleteMessageLogs.timer" : {
      "count" : 56,
      "max" : 0.17933796400000002,
      "mean" : 0.06693460004574311,
      "min" : 0.051570376,
      "p50" : 0.06611905300000001,
      "p75" : 0.07042250800000001,
      "p95" : 0.08325347400000001,
      "p98" : 0.08325347400000001,
      "p99" : 0.08325347400000001,
      "p999" : 0.08325347400000001,
      "stddev" : 0.007128724677473209,
      "m15_rate" : 0.14133287157954266,
      "m1_rate" : 1.0980007746824652E-6,
      "m5_rate" : 0.0044084005941222625,
      "mean_rate" : 0.024720844429120516,
      "duration_units" : "seconds",
      "rate_units" : "calls/second"
    },
    "eu.domibus.core.message.acknowledge.MessageAcknowledgementDao.deleteMessages.deleteMessageAcknowledgementsByMessageIds.timer" : {
      "count" : 56,
      "max" : 0.012557867,
      "mean" : 0.0032758968317038407,
      "min" : 0.0019223250000000001,
      "p50" : 0.003209941,
      "p75" : 0.00464276,
      "p95" : 0.004793561,
      "p98" : 0.004793561,
      "p99" : 0.004793561,
      "p999" : 0.004793561,
      "stddev" : 0.0010373759576046493,
      "m15_rate" : 0.14132878409870403,
      "m1_rate" : 1.087036969172157E-6,
      "m5_rate" : 0.004402621523826084,
      "mean_rate" : 0.024723189011615243,
      "duration_units" : "seconds",
      "rate_units" : "calls/second"
    },
    "eu.domibus.core.message.attempt.MessageAttemptDao.deleteMessages.deleteAttemptsByMessageIds.timer" : {
      "count" : 56,
      "max" : 0.018284944,
      "mean" : 0.0036190911324238753,
      "min" : 0.002491633,
      "p50" : 0.003734348,
      "p75" : 0.004099653,
      "p95" : 0.004496558,
      "p98" : 0.004496558,
      "p99" : 0.004496558,
      "p999" : 0.004496558,
      "stddev" : 5.549620332613704E-4,
      "m15_rate" : 0.14133005132207196,
      "m1_rate" : 1.0870370365356933E-6,
      "m5_rate" : 0.004403102184685848,
      "mean_rate" : 0.024722543737932045,
      "duration_units" : "seconds",
      "rate_units" : "calls/second"
    },
    "eu.domibus.core.message.pull.IncomingPullRequestHandler.incoming_pull_request.timer" : {
      "count" : 6,
      "max" : 0.48937461000000004,
      "mean" : 0.029669991039223322,
      "min" : 0.010040529000000001,
      "p50" : 0.010642337,
      "p75" : 0.014125481,
      "p95" : 0.086060706,
      "p98" : 0.086060706,
      "p99" : 0.086060706,
      "p999" : 0.086060706,
      "stddev" : 0.03195062262596501,
      "m15_rate" : 0.0044228671305159,
      "m1_rate" : 2.7307779845529382E-8,
      "m5_rate" : 7.038415087724529E-4,
      "mean_rate" : 0.0013372638526491362,
      "duration_units" : "seconds",
      "rate_units" : "calls/second"
    },
    "eu.domibus.core.message.receipt.AS4ReceiptServiceImpl.generateReceipt.timer" : {
      "count" : 211169,
      "max" : 0.155444819,
      "mean" : 0.027313840492318574,
      "min" : 0.014914194,
      "p50" : 0.024021512000000002,
      "p75" : 0.030667599,
      "p95" : 0.046593406000000004,
      "p98" : 0.059131369,
      "p99" : 0.064030432,
      "p999" : 0.122637694,
      "stddev" : 0.011011848714125283,
      "m15_rate" : 59.99940128902929,
      "m1_rate" : 64.10681203324397,
      "m5_rate" : 61.808970683824285,
      "mean_rate" : 58.48593147558273,
      "duration_units" : "seconds",
      "rate_units" : "calls/second"
    },
    "eu.domibus.core.message.retention.MessageRetentionDefaultService.schedule_deleteExpiredMessages.timer" : {
      "count" : 10,
      "max" : 8.5359107,
      "mean" : 6.738008393299094,
      "min" : 0.49070941,
      "p50" : 6.73461478,
      "p75" : 6.73461478,
      "p95" : 6.73461478,
      "p98" : 6.73461478,
      "p99" : 6.73461478,
      "p999" : 8.5359107,
      "stddev" : 0.07822932088575255,
      "m15_rate" : 0.004275397261452617,
      "m1_rate" : 1.4917620968742526E-7,
      "m5_rate" : 4.537910114096913E-4,
      "mean_rate" : 0.0025714868781910633,
      "duration_units" : "seconds",
      "rate_units" : "calls/second"
    },
    "eu.domibus.core.message.retention.RetentionListener.onMessage.deleteMessages.timer" : {
      "count" : 56,
      "max" : 2.928058402,
      "mean" : 1.8978688173483595,
      "min" : 1.6613341320000001,
      "p50" : 1.920240573,
      "p75" : 2.027830761,
      "p95" : 2.165629538,
      "p98" : 2.165629538,
      "p99" : 2.165629538,
      "p999" : 2.165629538,
      "stddev" : 0.16927518631553418,
      "m15_rate" : 0.10906415359516632,
      "m1_rate" : 1.1218774500358407E-6,
      "m5_rate" : 0.004215848985679388,
      "mean_rate" : 0.024699459563792357,
      "duration_units" : "seconds",
      "rate_units" : "calls/second"
    },
    "eu.domibus.core.message.signal.SignalMessageDao.deleteMessages.deleteReceipts.timer" : {
      "count" : 56,
      "max" : 0.956510324,
      "mean" : 0.22261025236285328,
      "min" : 0.16203479,
      "p50" : 0.21698649900000003,
      "p75" : 0.24083320700000002,
      "p95" : 0.36886085900000004,
      "p98" : 0.36886085900000004,
      "p99" : 0.36886085900000004,
      "p999" : 0.431290149,
      "stddev" : 0.062086152822335934,
      "m15_rate" : 0.14133678380827688,
      "m1_rate" : 1.0980116412862267E-6,
      "m5_rate" : 0.00441000646798262,
      "mean_rate" : 0.02471468018408442,
      "duration_units" : "seconds",
      "rate_units" : "calls/second"
    },
    "eu.domibus.core.message.signal.SignalMessageLogDao.deleteMessages.deleteMessageLogs.timer" : {
      "count" : 56,
      "max" : 0.117430748,
      "mean" : 0.06037078199271595,
      "min" : 0.043149766000000006,
      "p50" : 0.056633331,
      "p75" : 0.061173989000000005,
      "p95" : 0.09304000000000001,
      "p98" : 0.09304000000000001,
      "p99" : 0.09304000000000001,
      "p999" : 0.09304000000000001,
      "stddev" : 0.013555503427900073,
      "m15_rate" : 0.14133287157954266,
      "m1_rate" : 1.0980007746824652E-6,
      "m5_rate" : 0.0044084005941222625,
      "mean_rate" : 0.024721615495179525,
      "duration_units" : "seconds",
      "rate_units" : "calls/second"
    },
    "eu.domibus.core.plugin.handler.DatabaseMessageHandler.submit.timer" : {
      "count" : 210610,
      "max" : 0.36385342800000003,
      "mean" : 0.11081227242619938,
      "min" : 0.008175206,
      "p50" : 0.09701256100000001,
      "p75" : 0.134110942,
      "p95" : 0.230927701,
      "p98" : 0.26935010000000004,
      "p99" : 0.29687085900000004,
      "p999" : 0.36385342800000003,
      "stddev" : 0.05751436244117107,
      "m15_rate" : 59.87640797956093,
      "m1_rate" : 63.88157038008912,
      "m5_rate" : 61.64296455369499,
      "mean_rate" : 58.920472652639894,
      "duration_units" : "seconds",
      "rate_units" : "calls/second"
    },
    "eu.domibus.core.plugin.notification.BackendNotificationService.notifyMessageReceived.timer" : {
      "count" : 211173,
      "max" : 0.306459083,
      "mean" : 0.07622945940593819,
      "min" : 4.03005E-4,
      "p50" : 0.07053951700000001,
      "p75" : 0.10529516900000001,
      "p95" : 0.16701697000000001,
      "p98" : 0.17993813900000002,
      "p99" : 0.229041976,
      "p999" : 0.259994979,
      "stddev" : 0.04900532960923446,
      "m15_rate" : 59.990851949497184,
      "m1_rate" : 63.98582284370116,
      "m5_rate" : 61.78417148061398,
      "mean_rate" : 58.48560888346285,
      "duration_units" : "seconds",
      "rate_units" : "calls/second"
    },
    "eu.domibus.core.plugin.notification.PluginAsyncNotificationListener.onMessage.timer" : {
      "count" : 210642,
      "max" : 0.40190712100000003,
      "mean" : 0.11297939285343597,
      "min" : 0.008599111000000001,
      "p50" : 0.10037230500000001,
      "p75" : 0.135365859,
      "p95" : 0.239845518,
      "p98" : 0.26388083,
      "p99" : 0.31533909800000004,
      "p999" : 0.35642243300000004,
      "stddev" : 0.05757100830926725,
      "m15_rate" : 59.842785059023115,
      "m1_rate" : 63.85193616802373,
      "m5_rate" : 61.67081396218331,
      "mean_rate" : 58.34691236451779,
      "duration_units" : "seconds",
      "rate_units" : "calls/second"
    },
    "eu.domibus.core.pmode.validation.validators.MessagePropertyValidator.validate.timer" : {
      "count" : 421790,
      "max" : 1.57302E-4,
      "mean" : 1.6609184090491622E-6,
      "min" : 5.000000000000001E-7,
      "p50" : 1.3E-6,
      "p75" : 1.6000000000000001E-6,
      "p95" : 2.2E-6,
      "p98" : 2.6E-6,
      "p99" : 3.0E-6,
      "p999" : 1.57302E-4,
      "stddev" : 5.673879322165856E-6,
      "m15_rate" : 119.78181527530744,
      "m1_rate" : 128.24421318973947,
      "m5_rate" : 123.52334982170959,
      "mean_rate" : 116.81493736286758,
      "duration_units" : "seconds",
      "rate_units" : "calls/second"
    },
    "eu.domibus.core.replication.UIMessageDaoImpl.deleteMessages.deleteUIMessagesByMessageIds.timer" : {
      "count" : 112,
      "max" : 0.016420019,
      "mean" : 0.002878586424990879,
      "min" : 0.0017915230000000002,
      "p50" : 0.0031434410000000003,
      "p75" : 0.003417044,
      "p95" : 0.00389835,
      "p98" : 0.00389835,
      "p99" : 0.00389835,
      "p999" : 0.00389835,
      "stddev" : 6.327485217829049E-4,
      "m15_rate" : 0.28265756819740806,
      "m1_rate" : 2.174073938344314E-6,
      "m5_rate" : 0.008805243047652168,
      "mean_rate" : 0.04944576564052973,
      "duration_units" : "seconds",
      "rate_units" : "calls/second"
    },
    "eu.domibus.core.util.SoapUtil.logMessage.timer" : {
      "count" : 211174,
      "max" : 3.3600000000000004E-5,
      "mean" : 9.282189204676529E-7,
      "min" : 3.0000000000000004E-7,
      "p50" : 8.000000000000001E-7,
      "p75" : 1.0000000000000002E-6,
      "p95" : 1.4000000000000001E-6,
      "p98" : 1.7E-6,
      "p99" : 1.9E-6,
      "p999" : 3.3600000000000004E-5,
      "stddev" : 1.5126958415540815E-6,
      "m15_rate" : 59.99461468745352,
      "m1_rate" : 64.04408367165651,
      "m5_rate" : 61.79600626793119,
      "mean_rate" : 58.48468196383388,
      "duration_units" : "seconds",
      "rate_units" : "calls/second"
    },
    "eu.domibus.plugin.jms.JMSPluginImpl.deliverMessage.timer" : {
      "count" : 210642,
      "max" : 0.39667645300000004,
      "mean" : 0.11353197712347772,
      "min" : 0.008324908,
      "p50" : 0.101956825,
      "p75" : 0.13464305000000001,
      "p95" : 0.238160795,
      "p98" : 0.26522644700000003,
      "p99" : 0.319380651,
      "p999" : 0.35518661700000004,
      "stddev" : 0.057905966545148214,
      "m15_rate" : 59.8414852662915,
      "m1_rate" : 63.805245686291634,
      "m5_rate" : 61.665595460135734,
      "mean_rate" : 58.34715382973369,
      "duration_units" : "seconds",
      "rate_units" : "calls/second"
    },
    "eu.domibus.plugin.jms.JMSPluginImpl.receiveMessage.timer" : {
      "count" : 210610,
      "max" : 0.531984114,
      "mean" : 0.1990309051075881,
      "min" : 0.008900516,
      "p50" : 0.191698591,
      "p75" : 0.23679627700000003,
      "p95" : 0.35673323700000004,
      "p98" : 0.38470000000000004,
      "p99" : 0.409452221,
      "p999" : 0.531984114,
      "stddev" : 0.08033948456705543,
      "m15_rate" : 59.874329485242065,
      "m1_rate" : 63.8778118242505,
      "m5_rate" : 61.637938493041254,
      "mean_rate" : 58.92024046015795,
      "duration_units" : "seconds",
      "rate_units" : "calls/second"
    }
  }
}