{
  "version" : "4.0.0",
  "gauges" : { },
  "counters" : {
    "eu.domibus.core.ebms3.receiver.MSHWebservice.incoming_user_message.counter" : {
      "count" : 22
    },
    "eu.domibus.core.ebms3.receiver.handler.AbstractIncomingMessageHandler.processMessage.counter" : {
      "count" : 22
    },
    "eu.domibus.core.ebms3.receiver.handler.IncomingUserMessageHandler.around_handleNewUserMessage.counter.counter" : {
      "count" : 52
    },
    "eu.domibus.core.ebms3.sender.AbstractUserMessageSender.outgoing_user_message.counter" : {
      "count" : 0
    },
    "eu.domibus.core.ebms3.sender.MessageSenderListener.onMessage.counter" : {
      "count" : 0
    },
    "eu.domibus.core.ebms3.sender.MessageSenderService.sendUserMessage.counter" : {
      "count" : 0
    },
    "eu.domibus.core.ebms3.sender.client.MSHDispatcher.dispatch.counter" : {
      "count" : 0
    },
    "eu.domibus.core.error.ErrorLogDao.deleteMessages.deleteErrorLogsByMessageIdInError.counter" : {
      "count" : 0
    },
    "eu.domibus.core.message.MessageInfoDao.deleteMessages.counter" : {
      "count" : 0
    },
    "eu.domibus.core.message.MessageInfoDao.findSignalMessageIds.counter" : {
      "count" : 0
    },
    "eu.domibus.core.message.MessagingServiceImpl.storeMessage.counter" : {
      "count" : 0
    },
    "eu.domibus.core.message.UserMessageHandlerServiceImpl.handleNewUserMessage.counter" : {
      "count" : 4
    },
    "eu.domibus.core.message.UserMessageLogDao.deleteMessages.deleteMessageLogs.counter" : {
      "count" : 0
    },
    "eu.domibus.core.message.acknowledge.MessageAcknowledgementDao.deleteMessages.deleteMessageAcknowledgementsByMessageIds.counter" : {
      "count" : 0
    },
    "eu.domibus.core.message.attempt.MessageAttemptDao.deleteMessages.deleteAttemptsByMessageIds.counter" : {
      "count" : 0
    },
    "eu.domibus.core.message.pull.IncomingPullRequestHandler.incoming_pull_request.counter" : {
      "count" : 0
    },
    "eu.domibus.core.message.receipt.AS4ReceiptServiceImpl.generateReceipt.counter" : {
      "count" : 0
    },
    "eu.domibus.core.message.retention.MessageRetentionDefaultService.schedule_deleteExpiredMessages.counter" : {
      "count" : 0
    },
    "eu.domibus.core.message.retention.RetentionListener.onMessage.deleteMessages.counter" : {
      "count" : 0
    },
    "eu.domibus.core.message.signal.SignalMessageDao.deleteMessages.deleteReceipts.counter" : {
      "count" : 0
    },
    "eu.domibus.core.message.signal.SignalMessageLogDao.deleteMessages.deleteMessageLogs.counter" : {
      "count" : 0
    },
    "eu.domibus.core.plugin.handler.DatabaseMessageHandler.submit.counter" : {
      "count" : 1
    },
    "eu.domibus.core.plugin.notification.BackendNotificationService.notifyMessageReceived.counter" : {
      "count" : 4
    },
    "eu.domibus.core.plugin.notification.PluginAsyncNotificationListener.onMessage.counter" : {
      "count" : 4
    },
    "eu.domibus.core.pmode.validation.validators.MessagePropertyValidator.validate.counter" : {
      "count" : 0
    },
    "eu.domibus.core.replication.UIMessageDaoImpl.deleteMessages.deleteUIMessagesByMessageIds.counter" : {
      "count" : 0
    },
    "eu.domibus.core.util.SoapUtil.SoapUtil.counter" : {
      "count" : 0
    },
    "eu.domibus.plugin.jms.JMSPluginImpl.deliverMessage.counter" : {
      "count" : 4
    },
    "eu.domibus.plugin.jms.JMSPluginImpl.receiveMessage.counter" : {
      "count" : 3
    }
  },
  "histograms" : { },
  "meters" : { },
  "timers" : {
    "eu.domibus.core.ebms3.receiver.MSHWebservice.incoming_user_message.timer" : {
      "count" : 187232,
      "max" : 1.0904821930000002,
      "mean" : 0.28570951029376407,
      "min" : 0.131029644,
      "p50" : 0.277153784,
      "p75" : 0.31195716,
      "p95" : 0.43309197800000004,
      "p98" : 0.543852188,
      "p99" : 0.615110994,
      "p999" : 0.873329211,
      "stddev" : 0.08282429551272939,
      "m15_rate" : 60.472925642356856,
      "m1_rate" : 62.85297433443202,
      "m5_rate" : 63.59046605893172,
      "mean_rate" : 47.421502770228244,
      "duration_units" : "seconds",
      "rate_units" : "calls/second"
    },
    "eu.domibus.core.ebms3.receiver.handler.AbstractIncomingMessageHandler.processMessage.timer" : {
      "count" : 187219,
      "max" : 0.838237887,
      "mean" : 0.2776673508319401,
      "min" : 0.12082521400000001,
      "p50" : 0.27120033,
      "p75" : 0.30390731200000004,
      "p95" : 0.42046186100000005,
      "p98" : 0.52059149,
      "p99" : 0.614671796,
      "p999" : 0.764772118,
      "stddev" : 0.08053109581489246,
      "m15_rate" : 60.533311502651436,
      "m1_rate" : 62.840733913802076,
      "m5_rate" : 63.58186826141991,
      "mean_rate" : 60.91737582561617,
      "duration_units" : "seconds",
      "rate_units" : "calls/second"
    },
    "eu.domibus.core.ebms3.receiver.handler.IncomingUserMessageHandler.around_handleNewUserMessage.timer.timer" : {
      "count" : 187189,
      "max" : 0.8371898940000001,
      "mean" : 0.2812103879007136,
      "min" : 0.12201210000000001,
      "p50" : 0.27025073,
      "p75" : 0.30784659000000003,
      "p95" : 0.436850787,
      "p98" : 0.554681788,
      "p99" : 0.598357903,
      "p999" : 0.674592587,
      "stddev" : 0.08159866640273064,
      "m15_rate" : 60.51909030007749,
      "m1_rate" : 62.82245080846671,
      "m5_rate" : 63.571979803907915,
      "mean_rate" : 60.90808431669112,
      "duration_units" : "seconds",
      "rate_units" : "calls/second"
    },
    "eu.domibus.core.ebms3.sender.AbstractUserMessageSender.outgoing_user_message.timer" : {
      "count" : 187029,
      "max" : 0.27231156300000003,
      "mean" : 0.05909083556353802,
      "min" : 0.043763215,
      "p50" : 0.056772031,
      "p75" : 0.062318293000000004,
      "p95" : 0.07127633600000001,
      "p98" : 0.0788199,
      "p99" : 0.133132737,
      "p999" : 0.255080733,
      "stddev" : 0.014418181787257055,
      "m15_rate" : 60.84260666506499,
      "m1_rate" : 63.569595265469836,
      "m5_rate" : 64.38736320848346,
      "mean_rate" : 61.59537516079036,
      "duration_units" : "seconds",
      "rate_units" : "calls/second"
    },
    "eu.domibus.core.ebms3.sender.MessageSenderListener.onMessage.timer" : {
      "count" : 187029,
      "max" : 0.29941335,
      "mean" : 0.06686391008556325,
      "min" : 0.047110294000000004,
      "p50" : 0.062479191,
      "p75" : 0.068415157,
      "p95" : 0.083309456,
      "p98" : 0.147201162,
      "p99" : 0.17439685800000002,
      "p999" : 0.268101981,
      "stddev" : 0.021079710317508108,
      "m15_rate" : 60.83438931829089,
      "m1_rate" : 63.45669923567964,
      "m5_rate" : 64.36264221956247,
      "mean_rate" : 61.59377025582453,
      "duration_units" : "seconds",
      "rate_units" : "calls/second"
    },
    "eu.domibus.core.ebms3.sender.MessageSenderService.sendUserMessage.timer" : {
      "count" : 187029,
      "max" : 0.286725732,
      "mean" : 0.06659396633913828,
      "min" : 0.046968996000000006,
      "p50" : 0.06283669,
      "p75" : 0.068406752,
      "p95" : 0.084566946,
      "p98" : 0.14356917200000002,
      "p99" : 0.16352132900000002,
      "p999" : 0.246193341,
      "stddev" : 0.018867735778942622,
      "m15_rate" : 60.84400964727178,
      "m1_rate" : 63.584266953707434,
      "m5_rate" : 64.39080716254283,
      "mean_rate" : 61.59452506690405,
      "duration_units" : "seconds",
      "rate_units" : "calls/second"
    },
    "eu.domibus.core.ebms3.sender.client.MSHDispatcher.dispatch.timer" : {
      "count" : 187029,
      "max" : 0.24644388900000003,
      "mean" : 0.049172426981669216,
      "min" : 0.035506468,
      "p50" : 0.047035393,
      "p75" : 0.051650763,
      "p95" : 0.060991506,
      "p98" : 0.066909864,
      "p99" : 0.125020782,
      "p999" : 0.24644388900000003,
      "stddev" : 0.014874300449412327,
      "m15_rate" : 60.843809299125816,
      "m1_rate" : 63.586865213390865,
      "m5_rate" : 64.38883445258598,
      "mean_rate" : 61.59820768490186,
      "duration_units" : "seconds",
      "rate_units" : "calls/second"
    },
    "eu.domibus.core.error.ErrorLogDao.deleteMessages.deleteErrorLogsByMessageIdInError.timer" : {
      "count" : 72,
      "max" : 0.019309257,
      "mean" : 0.00369526263732672,
      "min" : 0.0021679860000000002,
      "p50" : 0.0035127770000000003,
      "p75" : 0.003780176,
      "p95" : 0.007314852,
      "p98" : 0.007314852,
      "p99" : 0.007314852,
      "p999" : 0.007314852,
      "stddev" : 0.0012470453578323133,
      "m15_rate" : 0.19109461942061626,
      "m1_rate" : 0.08739179316116401,
      "m5_rate" : 0.04902635007929046,
      "mean_rate" : 0.03451223956052951,
      "duration_units" : "seconds",
      "rate_units" : "calls/second"
    },
    "eu.domibus.core.message.MessageInfoDao.deleteMessages.timer" : {
      "count" : 144,
      "max" : 1.38335619,
      "mean" : 0.6685232162809223,
      "min" : 0.128667984,
      "p50" : 0.43664458100000003,
      "p75" : 1.0522547070000001,
      "p95" : 1.212453602,
      "p98" : 1.38335619,
      "p99" : 1.38335619,
      "p999" : 1.38335619,
      "stddev" : 0.42465522723303817,
      "m15_rate" : 0.3428486279362458,
      "m1_rate" : 0.17968823804582867,
      "m5_rate" : 0.09815257442946834,
      "mean_rate" : 0.06896103284828935,
      "duration_units" : "seconds",
      "rate_units" : "calls/second"
    },
    "eu.domibus.core.message.MessageInfoDao.findSignalMessageIds.timer" : {
      "count" : 72,
      "max" : 0.41663691700000005,
      "mean" : 0.11542766621758345,
      "min" : 0.076689801,
      "p50" : 0.10320873400000001,
      "p75" : 0.15334461000000002,
      "p95" : 0.15946406100000002,
      "p98" : 0.161404858,
      "p99" : 0.161404858,
      "p999" : 0.161404858,
      "stddev" : 0.031746124750587065,
      "m15_rate" : 0.19112038645330465,
      "m1_rate" : 0.08918767233479707,
      "m5_rate" : 0.04920817200602091,
      "mean_rate" : 0.03447425778867267,
      "duration_units" : "seconds",
      "rate_units" : "calls/second"
    },
    "eu.domibus.core.message.MessagingServiceImpl.storeMessage.timer" : {
      "count" : 374298,
      "max" : 0.113011073,
      "mean" : 0.005779397549866748,
      "min" : 0.0027463830000000002,
      "p50" : 0.004777069,
      "p75" : 0.005618163000000001,
      "p95" : 0.009637338,
      "p98" : 0.012085021000000001,
      "p99" : 0.016582391000000002,
      "p999" : 0.065236873,
      "stddev" : 0.005640732616742226,
      "m15_rate" : 121.18803769612269,
      "m1_rate" : 126.17710218902607,
      "m5_rate" : 127.89149148867321,
      "mean_rate" : 121.79082183501349,
      "duration_units" : "seconds",
      "rate_units" : "calls/second"
    },
    "eu.domibus.core.message.UserMessageHandlerServiceImpl.handleNewUserMessage.timer" : {
      "count" : 187237,
      "max" : 0.341713193,
      "mean" : 0.07273999751580892,
      "min" : 0.024213542,
      "p50" : 0.064377682,
      "p75" : 0.087692131,
      "p95" : 0.142966863,
      "p98" : 0.17865982900000002,
      "p99" : 0.201798209,
      "p999" : 0.293490587,
      "stddev" : 0.036587949992024776,
      "m15_rate" : 60.532950027296806,
      "m1_rate" : 62.880957532593904,
      "m5_rate" : 63.57813769053985,
      "mean_rate" : 60.92367774025117,
      "duration_units" : "seconds",
      "rate_units" : "calls/second"
    },
    "eu.domibus.core.message.UserMessageLogDao.deleteMessages.deleteMessageLogs.timer" : {
      "count" : 72,
      "max" : 0.194769459,
      "mean" : 0.06908726230892395,
      "min" : 0.054973942000000005,
      "p50" : 0.065112575,
      "p75" : 0.06972515,
      "p95" : 0.092435104,
      "p98" : 0.11456086,
      "p99" : 0.11456086,
      "p999" : 0.11456086,
      "stddev" : 0.013436628386189762,
      "m15_rate" : 0.1911052191167509,
      "m1_rate" : 0.08763329108155157,
      "m5_rate" : 0.04907338992465657,
      "mean_rate" : 0.0345079374083675,
      "duration_units" : "seconds",
      "rate_units" : "calls/second"
    },
    "eu.domibus.core.message.acknowledge.MessageAcknowledgementDao.deleteMessages.deleteMessageAcknowledgementsByMessageIds.timer" : {
      "count" : 72,
      "max" : 0.014198495,
      "mean" : 0.0028464314870649413,
      "min" : 0.001977586,
      "p50" : 0.0029055810000000004,
      "p75" : 0.003387578,
      "p95" : 0.004015674,
      "p98" : 0.004026374,
      "p99" : 0.004026374,
      "p999" : 0.004026374,
      "stddev" : 6.538016131961014E-4,
      "m15_rate" : 0.1910935103805355,
      "m1_rate" : 0.08739179316115489,
      "m5_rate" : 0.049026027882680824,
      "mean_rate" : 0.03451295471982691,
      "duration_units" : "seconds",
      "rate_units" : "calls/second"
    },
    "eu.domibus.core.message.attempt.MessageAttemptDao.deleteMessages.deleteAttemptsByMessageIds.timer" : {
      "count" : 72,
      "max" : 0.028946485,
      "mean" : 0.003173258854175474,
      "min" : 0.002153486,
      "p50" : 0.0029223810000000004,
      "p75" : 0.003659476,
      "p95" : 0.005431765000000001,
      "p98" : 0.005431765000000001,
      "p99" : 0.005431765000000001,
      "p999" : 0.005431765000000001,
      "stddev" : 9.562241299562006E-4,
      "m15_rate" : 0.19109461942061626,
      "m1_rate" : 0.08739179316116401,
      "m5_rate" : 0.04902635007929046,
      "mean_rate" : 0.0345117462942628,
      "duration_units" : "seconds",
      "rate_units" : "calls/second"
    },
    "eu.domibus.core.message.pull.IncomingPullRequestHandler.incoming_pull_request.timer" : {
      "count" : 13,
      "max" : 0.47321025600000005,
      "mean" : 0.06705810293421274,
      "min" : 0.009397942000000001,
      "p50" : 0.020702972,
      "p75" : 0.09622820900000001,
      "p95" : 0.19203912,
      "p98" : 0.19203912,
      "p99" : 0.19203912,
      "p999" : 0.19203912,
      "stddev" : 0.0696259494293639,
      "m15_rate" : 0.023865453439867828,
      "m1_rate" : 2.5890418934420244E-4,
      "m5_rate" : 0.005254301891271748,
      "mean_rate" : 0.003292598727678651,
      "duration_units" : "seconds",
      "rate_units" : "calls/second"
    },
    "eu.domibus.core.message.receipt.AS4ReceiptServiceImpl.generateReceipt.timer" : {
      "count" : 187226,
      "max" : 0.130748947,
      "mean" : 0.027040766863235016,
      "min" : 0.016065995,
      "p50" : 0.02445444,
      "p75" : 0.028903411,
      "p95" : 0.044611208,
      "p98" : 0.054643842000000005,
      "p99" : 0.060918003000000005,
      "p999" : 0.130748947,
      "stddev" : 0.010173127640564033,
      "m15_rate" : 60.52726647626405,
      "m1_rate" : 62.847820538874316,
      "m5_rate" : 63.57096105352476,
      "mean_rate" : 60.923051383919955,
      "duration_units" : "seconds",
      "rate_units" : "calls/second"
    },
    "eu.domibus.core.message.retention.MessageRetentionDefaultService.schedule_deleteExpiredMessages.timer" : {
      "count" : 15,
      "max" : 7.614867929000001,
      "mean" : 6.447082815324612,
      "min" : 0.22059636800000001,
      "p50" : 6.20513869,
      "p75" : 7.033292095,
      "p95" : 7.033292095,
      "p98" : 7.033292095,
      "p99" : 7.033292095,
      "p999" : 7.033292095,
      "stddev" : 0.37659947010594674,
      "m15_rate" : 0.007409205456994806,
      "m1_rate" : 0.011230514603801157,
      "m5_rate" : 0.005967684364917058,
      "mean_rate" : 0.003978053564589575,
      "duration_units" : "seconds",
      "rate_units" : "calls/second"
    },
    "eu.domibus.core.message.retention.RetentionListener.onMessage.deleteMessages.timer" : {
      "count" : 72,
      "max" : 4.1213682920000005,
      "mean" : 1.9701664327538524,
      "min" : 1.402168096,
      "p50" : 1.902411107,
      "p75" : 1.9934727300000001,
      "p95" : 2.818882341,
      "p98" : 2.818882341,
      "p99" : 2.818882341,
      "p999" : 2.818882341,
      "stddev" : 0.30495922835251577,
      "m15_rate" : 0.13200666148652235,
      "m1_rate" : 0.09010660950810992,
      "m5_rate" : 0.0487519132162066,
      "mean_rate" : 0.034473374480905844,
      "duration_units" : "seconds",
      "rate_units" : "calls/second"
    },
    "eu.domibus.core.message.signal.SignalMessageDao.deleteMessages.deleteReceipts.timer" : {
      "count" : 72,
      "max" : 2.291634637,
      "mean" : 0.2761451318197744,
      "min" : 0.16169723500000002,
      "p50" : 0.203301575,
      "p75" : 0.23181529,
      "p95" : 0.9772013350000001,
      "p98" : 0.9772013350000001,
      "p99" : 0.9772013350000001,
      "p999" : 0.9772013350000001,
      "stddev" : 0.22080345097012766,
      "m15_rate" : 0.19111474994621927,
      "m1_rate" : 0.0882897355302538,
      "m5_rate" : 0.04912411056328107,
      "mean_rate" : 0.03450385473739529,
      "duration_units" : "seconds",
      "rate_units" : "calls/second"
    },
    "eu.domibus.core.message.signal.SignalMessageLogDao.deleteMessages.deleteMessageLogs.timer" : {
      "count" : 72,
      "max" : 0.18694101700000001,
      "mean" : 0.060410433344227736,
      "min" : 0.039609607000000005,
      "p50" : 0.059485013,
      "p75" : 0.073289622,
      "p95" : 0.08280986,
      "p98" : 0.08280986,
      "p99" : 0.08280986,
      "p999" : 0.08280986,
      "stddev" : 0.013057811399186004,
      "m15_rate" : 0.19110011253209644,
      "m1_rate" : 0.08763328556443714,
      "m5_rate" : 0.04906550032385123,
      "mean_rate" : 0.034510032492170585,
      "duration_units" : "seconds",
      "rate_units" : "calls/second"
    },
    "eu.domibus.core.plugin.handler.DatabaseMessageHandler.submit.timer" : {
      "count" : 187067,
      "max" : 0.287717626,
      "mean" : 0.0680141351278118,
      "min" : 0.009873136000000001,
      "p50" : 0.067761157,
      "p75" : 0.077588193,
      "p95" : 0.114510657,
      "p98" : 0.161337947,
      "p99" : 0.17432207100000002,
      "p999" : 0.287717626,
      "stddev" : 0.031176805785947916,
      "m15_rate" : 60.83877881168651,
      "m1_rate" : 63.52491518095515,
      "m5_rate" : 64.36004432261971,
      "mean_rate" : 61.60128330646999,
      "duration_units" : "seconds",
      "rate_units" : "calls/second"
    },
    "eu.domibus.core.plugin.notification.BackendNotificationService.notifyMessageReceived.timer" : {
      "count" : 187226,
      "max" : 0.24601329700000002,
      "mean" : 0.03570850837544071,
      "min" : 4.6549700000000005E-4,
      "p50" : 0.028945611000000003,
      "p75" : 0.049409377000000004,
      "p95" : 0.090882606,
      "p98" : 0.12820086,
      "p99" : 0.15499579900000002,
      "p999" : 0.23623617400000002,
      "stddev" : 0.031095093623205713,
      "m15_rate" : 60.5234192553604,
      "m1_rate" : 62.81379900111335,
      "m5_rate" : 63.56135467728843,
      "mean_rate" : 60.92155211002639,
      "duration_units" : "seconds",
      "rate_units" : "calls/second"
    },
    "eu.domibus.core.plugin.notification.PluginAsyncNotificationListener.onMessage.timer" : {
      "count" : 187090,
      "max" : 0.35037793700000003,
      "mean" : 0.0697812134301266,
      "min" : 0.009459638000000001,
      "p50" : 0.06918824700000001,
      "p75" : 0.079588079,
      "p95" : 0.130736456,
      "p98" : 0.169238298,
      "p99" : 0.196031123,
      "p999" : 0.27253394000000003,
      "stddev" : 0.033789679559802804,
      "m15_rate" : 60.73315409634066,
      "m1_rate" : 63.26049554635131,
      "m5_rate" : 64.26275993863347,
      "mean_rate" : 60.887294069100186,
      "duration_units" : "seconds",
      "rate_units" : "calls/second"
    },
    "eu.domibus.core.pmode.validation.validators.MessagePropertyValidator.validate.timer" : {
      "count" : 374298,
      "max" : 2.4100000000000003E-5,
      "mean" : 1.2262394693555805E-6,
      "min" : 4.0000000000000003E-7,
      "p50" : 1.0000000000000002E-6,
      "p75" : 1.2000000000000002E-6,
      "p95" : 2.1000000000000002E-6,
      "p98" : 2.6E-6,
      "p99" : 3.0E-6,
      "p999" : 2.4100000000000003E-5,
      "stddev" : 1.6182181624976078E-6,
      "m15_rate" : 121.18438593925157,
      "m1_rate" : 126.13215877676527,
      "m5_rate" : 127.88119292603066,
      "mean_rate" : 121.79030461277836,
      "duration_units" : "seconds",
      "rate_units" : "calls/second"
    },
    "eu.domibus.core.replication.UIMessageDaoImpl.deleteMessages.deleteUIMessagesByMessageIds.timer" : {
      "count" : 144,
      "max" : 0.021387842,
      "mean" : 0.002822521293703808,
      "min" : 0.0017442870000000002,
      "p50" : 0.0024709840000000003,
      "p75" : 0.003229079,
      "p95" : 0.004028874,
      "p98" : 0.005527364000000001,
      "p99" : 0.005527364000000001,
      "p999" : 0.005527364000000001,
      "stddev" : 8.227330109624422E-4,
      "m15_rate" : 0.3821892388412325,
      "m1_rate" : 0.17478358632232802,
      "m5_rate" : 0.09805270015858092,
      "mean_rate" : 0.06902504887832527,
      "duration_units" : "seconds",
      "rate_units" : "calls/second"
    },
    "eu.domibus.core.util.SoapUtil.logMessage.timer" : {
      "count" : 187230,
      "max" : 1.73E-5,
      "mean" : 8.111770610074652E-7,
      "min" : 3.0000000000000004E-7,
      "p50" : 6.000000000000001E-7,
      "p75" : 8.000000000000001E-7,
      "p95" : 1.3E-6,
      "p98" : 1.5E-6,
      "p99" : 1.6000000000000001E-6,
      "p999" : 1.73E-5,
      "stddev" : 1.2593028366261882E-6,
      "m15_rate" : 60.52306876591017,
      "m1_rate" : 62.838173244044725,
      "m5_rate" : 63.56117529667347,
      "mean_rate" : 60.9214420953708,
      "duration_units" : "seconds",
      "rate_units" : "calls/second"
    },
    "eu.domibus.plugin.jms.JMSPluginImpl.deliverMessage.timer" : {
      "count" : 187090,
      "max" : 0.315693543,
      "mean" : 0.06707284190529737,
      "min" : 0.008829342,
      "p50" : 0.067875056,
      "p75" : 0.07803488900000001,
      "p95" : 0.11656084100000001,
      "p98" : 0.163594644,
      "p99" : 0.190753257,
      "p999" : 0.31561964400000003,
      "stddev" : 0.033806210651620004,
      "m15_rate" : 60.7323726135282,
      "m1_rate" : 63.2508445585487,
      "m5_rate" : 64.26046771639986,
      "mean_rate" : 60.88753425080721,
      "duration_units" : "seconds",
      "rate_units" : "calls/second"
    },
    "eu.domibus.plugin.jms.JMSPluginImpl.receiveMessage.timer" : {
      "count" : 187065,
      "max" : 0.630592268,
      "mean" : 0.11568097094052027,
      "min" : 0.011614124,
      "p50" : 0.125212182,
      "p75" : 0.14367606000000002,
      "p95" : 0.20465787100000002,
      "p98" : 0.238561652,
      "p99" : 0.26919174700000004,
      "p999" : 0.42971602400000003,
      "stddev" : 0.057201314715575345,
      "m15_rate" : 60.84603332753605,
      "m1_rate" : 63.61522595936222,
      "m5_rate" : 64.38427629869346,
      "mean_rate" : 61.599866705203844,
      "duration_units" : "seconds",
      "rate_units" : "calls/second"
    }
  }
}