{
  "version" : "4.0.0",
  "gauges" : { },
  "counters" : {
    "eu.domibus.core.ebms3.receiver.MSHWebservice.incoming_user_message.counter" : {
      "count" : 13
    },
    "eu.domibus.core.ebms3.receiver.handler.AbstractIncomingMessageHandler.processMessage.counter" : {
      "count" : 13
    },
    "eu.domibus.core.ebms3.receiver.handler.IncomingUserMessageHandler.around_handleNewUserMessage.counter.counter" : {
      "count" : 43
    },
    "eu.domibus.core.ebms3.sender.AbstractUserMessageSender.outgoing_user_message.counter" : {
      "count" : 2
    },
    "eu.domibus.core.ebms3.sender.MessageSenderListener.onMessage.counter" : {
      "count" : 2
    },
    "eu.domibus.core.ebms3.sender.MessageSenderService.sendUserMessage.counter" : {
      "count" : 2
    },
    "eu.domibus.core.ebms3.sender.client.MSHDispatcher.dispatch.counter" : {
      "count" : 2
    },
    "eu.domibus.core.error.ErrorLogDao.deleteMessages.deleteErrorLogsByMessageIdInError.counter" : {
      "count" : 0
    },
    "eu.domibus.core.message.MessageInfoDao.deleteMessages.counter" : {
      "count" : 0
    },
    "eu.domibus.core.message.MessageInfoDao.findSignalMessageIds.counter" : {
      "count" : 0
    },
    "eu.domibus.core.message.MessagingServiceImpl.storeMessage.counter" : {
      "count" : 1
    },
    "eu.domibus.core.message.UserMessageHandlerServiceImpl.handleNewUserMessage.counter" : {
      "count" : 3
    },
    "eu.domibus.core.message.UserMessageLogDao.deleteMessages.deleteMessageLogs.counter" : {
      "count" : 0
    },
    "eu.domibus.core.message.acknowledge.MessageAcknowledgementDao.deleteMessages.deleteMessageAcknowledgementsByMessageIds.counter" : {
      "count" : 0
    },
    "eu.domibus.core.message.attempt.MessageAttemptDao.deleteMessages.deleteAttemptsByMessageIds.counter" : {
      "count" : 0
    },
    "eu.domibus.core.message.pull.IncomingPullRequestHandler.incoming_pull_request.counter" : {
      "count" : 0
    },
    "eu.domibus.core.message.receipt.AS4ReceiptServiceImpl.generateReceipt.counter" : {
      "count" : 1
    },
    "eu.domibus.core.message.retention.MessageRetentionDefaultService.schedule_deleteExpiredMessages.counter" : {
      "count" : 0
    },
    "eu.domibus.core.message.retention.RetentionListener.onMessage.deleteMessages.counter" : {
      "count" : 0
    },
    "eu.domibus.core.message.signal.SignalMessageDao.deleteMessages.deleteReceipts.counter" : {
      "count" : 0
    },
    "eu.domibus.core.message.signal.SignalMessageLogDao.deleteMessages.deleteMessageLogs.counter" : {
      "count" : 0
    },
    "eu.domibus.core.plugin.handler.DatabaseMessageHandler.submit.counter" : {
      "count" : 0
    },
    "eu.domibus.core.plugin.notification.BackendNotificationService.notifyMessageReceived.counter" : {
      "count" : 0
    },
    "eu.domibus.core.plugin.notification.PluginAsyncNotificationListener.onMessage.counter" : {
      "count" : 0
    },
    "eu.domibus.core.pmode.validation.validators.MessagePropertyValidator.validate.counter" : {
      "count" : 0
    },
    "eu.domibus.core.replication.UIMessageDaoImpl.deleteMessages.deleteUIMessagesByMessageIds.counter" : {
      "count" : 0
    },
    "eu.domibus.core.util.SoapUtil.SoapUtil.counter" : {
      "count" : 0
    },
    "eu.domibus.plugin.jms.JMSPluginImpl.deliverMessage.counter" : {
      "count" : 0
    },
    "eu.domibus.plugin.jms.JMSPluginImpl.receiveMessage.counter" : {
      "count" : 0
    }
  },
  "histograms" : { },
  "meters" : { },
  "timers" : {
    "eu.domibus.core.ebms3.receiver.MSHWebservice.incoming_user_message.timer" : {
      "count" : 185946,
      "max" : 0.9347841290000001,
      "mean" : 0.2657028966381013,
      "min" : 0.12345299000000001,
      "p50" : 0.248856184,
      "p75" : 0.303034782,
      "p95" : 0.42706118400000004,
      "p98" : 0.5104713160000001,
      "p99" : 0.591267667,
      "p999" : 0.764000357,
      "stddev" : 0.08735083420089157,
      "m15_rate" : 60.19677898334541,
      "m1_rate" : 61.54299678353525,
      "m5_rate" : 63.49434454325259,
      "mean_rate" : 47.09225411978401,
      "duration_units" : "seconds",
      "rate_units" : "calls/second"
    },
    "eu.domibus.core.ebms3.receiver.handler.AbstractIncomingMessageHandler.processMessage.timer" : {
      "count" : 185938,
      "max" : 0.939963176,
      "mean" : 0.26570039256204253,
      "min" : 0.12342869000000001,
      "p50" : 0.24859828,
      "p75" : 0.303282779,
      "p95" : 0.42807868600000004,
      "p98" : 0.515373671,
      "p99" : 0.5814302680000001,
      "p999" : 0.7201765600000001,
      "stddev" : 0.08612024231686842,
      "m15_rate" : 60.2643169773761,
      "m1_rate" : 61.5436870444896,
      "m5_rate" : 63.48818630870369,
      "mean_rate" : 60.50516261874452,
      "duration_units" : "seconds",
      "rate_units" : "calls/second"
    },
    "eu.domibus.core.ebms3.receiver.handler.IncomingUserMessageHandler.around_handleNewUserMessage.timer.timer" : {
      "count" : 185908,
      "max" : 0.865951526,
      "mean" : 0.26803160540147714,
      "min" : 0.12031259000000001,
      "p50" : 0.249464383,
      "p75" : 0.305764126,
      "p95" : 0.42657147500000003,
      "p98" : 0.569511879,
      "p99" : 0.6395558640000001,
      "p999" : 0.814074854,
      "stddev" : 0.09228719603222851,
      "m15_rate" : 60.25097553909786,
      "m1_rate" : 61.51092773837723,
      "m5_rate" : 63.47899583659892,
      "mean_rate" : 60.49579787900413,
      "duration_units" : "seconds",
      "rate_units" : "calls/second"
    },
    "eu.domibus.core.ebms3.sender.AbstractUserMessageSender.outgoing_user_message.timer" : {
      "count" : 185958,
      "max" : 0.23898348900000002,
      "mean" : 0.057512302282716976,
      "min" : 0.042628398000000005,
      "p50" : 0.054759096,
      "p75" : 0.060108895,
      "p95" : 0.07209649800000001,
      "p98" : 0.086944293,
      "p99" : 0.12288799600000001,
      "p999" : 0.21068218300000002,
      "stddev" : 0.015655445831888944,
      "m15_rate" : 60.63369328194763,
      "m1_rate" : 62.30131480827391,
      "m5_rate" : 64.46257467563544,
      "mean_rate" : 61.23372279445841,
      "duration_units" : "seconds",
      "rate_units" : "calls/second"
    },
    "eu.domibus.core.ebms3.sender.MessageSenderListener.onMessage.timer" : {
      "count" : 185958,
      "max" : 0.272404499,
      "mean" : 0.06379709640030319,
      "min" : 0.045995797000000005,
      "p50" : 0.060430096,
      "p75" : 0.06642389500000001,
      "p95" : 0.08009039600000001,
      "p98" : 0.10692469800000001,
      "p99" : 0.15234249,
      "p999" : 0.24497628200000002,
      "stddev" : 0.017516183067502588,
      "m15_rate" : 60.62976663262877,
      "m1_rate" : 62.226159201146054,
      "m5_rate" : 64.45046914844305,
      "mean_rate" : 61.232115082588855,
      "duration_units" : "seconds",
      "rate_units" : "calls/second"
    },
    "eu.domibus.core.ebms3.sender.MessageSenderService.sendUserMessage.timer" : {
      "count" : 185958,
      "max" : 0.301484994,
      "mean" : 0.06407592435738338,
      "min" : 0.044793699,
      "p50" : 0.060817197,
      "p75" : 0.065882095,
      "p95" : 0.079270003,
      "p98" : 0.12258730100000001,
      "p99" : 0.16616808700000002,
      "p999" : 0.252561986,
      "stddev" : 0.01918680705966678,
      "m15_rate" : 60.628072068225194,
      "m1_rate" : 62.20334712725952,
      "m5_rate" : 64.44521507016921,
      "mean_rate" : 61.232612635571954,
      "duration_units" : "seconds",
      "rate_units" : "calls/second"
    },
    "eu.domibus.core.ebms3.sender.client.MSHDispatcher.dispatch.timer" : {
      "count" : 185958,
      "max" : 0.257246605,
      "mean" : 0.0482234791105365,
      "min" : 0.034932204,
      "p50" : 0.045843096,
      "p75" : 0.050774297,
      "p95" : 0.059067998000000004,
      "p98" : 0.066432195,
      "p99" : 0.09351619300000001,
      "p999" : 0.239018886,
      "stddev" : 0.016669415914577955,
      "m15_rate" : 60.633428461743115,
      "m1_rate" : 62.30199096787457,
      "m5_rate" : 64.46178810885819,
      "mean_rate" : 61.23433045021601,
      "duration_units" : "seconds",
      "rate_units" : "calls/second"
    },
    "eu.domibus.core.error.ErrorLogDao.deleteMessages.deleteErrorLogsByMessageIdInError.timer" : {
      "count" : 71,
      "max" : 0.033840284000000005,
      "mean" : 0.0032657016341544084,
      "min" : 0.0021967,
      "p50" : 0.0029773010000000003,
      "p75" : 0.0040062000000000006,
      "p95" : 0.004269401,
      "p98" : 0.004439101,
      "p99" : 0.004439101,
      "p999" : 0.004439101,
      "stddev" : 7.073351955435249E-4,
      "m15_rate" : 0.12935661508114982,
      "m1_rate" : 0.0018621135020665974,
      "m5_rate" : 0.031363257784434634,
      "mean_rate" : 0.02973262041561814,
      "duration_units" : "seconds",
      "rate_units" : "calls/second"
    },
    "eu.domibus.core.message.MessageInfoDao.deleteMessages.timer" : {
      "count" : 142,
      "max" : 3.677401197,
      "mean" : 0.8057837324639655,
      "min" : 0.036752078,
      "p50" : 0.41812988500000003,
      "p75" : 1.101417051,
      "p95" : 2.376555786,
      "p98" : 3.421257186,
      "p99" : 3.421257186,
      "p999" : 3.677401197,
      "stddev" : 0.7159785522868954,
      "m15_rate" : 0.2586650579136348,
      "m1_rate" : 0.0037220625745193673,
      "m5_rate" : 0.06262961085088342,
      "mean_rate" : 0.05944447221228818,
      "duration_units" : "seconds",
      "rate_units" : "calls/second"
    },
    "eu.domibus.core.message.MessageInfoDao.findSignalMessageIds.timer" : {
      "count" : 71,
      "max" : 0.44835958400000003,
      "mean" : 0.1911171435409929,
      "min" : 0.023439886,
      "p50" : 0.13931262,
      "p75" : 0.276512939,
      "p95" : 0.352419172,
      "p98" : 0.381455878,
      "p99" : 0.388963808,
      "p999" : 0.388963808,
      "stddev" : 0.09757252344809615,
      "m15_rate" : 0.12929439092542713,
      "m1_rate" : 0.0018130298942558075,
      "m5_rate" : 0.03118201351832698,
      "mean_rate" : 0.029718700524535582,
      "duration_units" : "seconds",
      "rate_units" : "calls/second"
    },
    "eu.domibus.core.message.MessagingServiceImpl.storeMessage.timer" : {
      "count" : 371926,
      "max" : 0.16197039100000002,
      "mean" : 0.005429559812714706,
      "min" : 0.0030050990000000002,
      "p50" : 0.0045281,
      "p75" : 0.0051287,
      "p95" : 0.008241899,
      "p98" : 0.011353599,
      "p99" : 0.016851399,
      "p999" : 0.095347097,
      "stddev" : 0.0068189076016875435,
      "m15_rate" : 120.7824219871237,
      "m1_rate" : 123.53795663641334,
      "m5_rate" : 127.85725350384553,
      "mean_rate" : 121.0280440596645,
      "duration_units" : "seconds",
      "rate_units" : "calls/second"
    },
    "eu.domibus.core.message.UserMessageHandlerServiceImpl.handleNewUserMessage.timer" : {
      "count" : 185948,
      "max" : 0.376081877,
      "mean" : 0.06759585955482252,
      "min" : 0.023779698000000002,
      "p50" : 0.060236097,
      "p75" : 0.082564197,
      "p95" : 0.134803095,
      "p98" : 0.187374494,
      "p99" : 0.21247648800000002,
      "p999" : 0.283722884,
      "stddev" : 0.03751859519257604,
      "m15_rate" : 60.25722725472396,
      "m1_rate" : 61.487476533807055,
      "m5_rate" : 63.465593612759356,
      "mean_rate" : 60.50877517605602,
      "duration_units" : "seconds",
      "rate_units" : "calls/second"
    },
    "eu.domibus.core.message.UserMessageLogDao.deleteMessages.deleteMessageLogs.timer" : {
      "count" : 71,
      "max" : 5.7534777120000005,
      "mean" : 0.06808523163442298,
      "min" : 0.01622689,
      "p50" : 0.066026809,
      "p75" : 0.077386411,
      "p95" : 0.082442822,
      "p98" : 0.093771826,
      "p99" : 0.12304853500000001,
      "p999" : 0.12304853500000001,
      "stddev" : 0.030646103653765792,
      "m15_rate" : 0.12935661508114982,
      "m1_rate" : 0.0018621135020665974,
      "m5_rate" : 0.031363257784434634,
      "mean_rate" : 0.029731917449291136,
      "duration_units" : "seconds",
      "rate_units" : "calls/second"
    },
    "eu.domibus.core.message.acknowledge.MessageAcknowledgementDao.deleteMessages.deleteMessageAcknowledgementsByMessageIds.timer" : {
      "count" : 71,
      "max" : 0.09631374200000001,
      "mean" : 0.0031812520220284185,
      "min" : 0.0018722010000000002,
      "p50" : 0.0030551000000000003,
      "p75" : 0.004014801,
      "p95" : 0.005825501,
      "p98" : 0.005825501,
      "p99" : 0.005825501,
      "p999" : 0.005825501,
      "stddev" : 0.0011308482129803027,
      "m15_rate" : 0.12935661508114982,
      "m1_rate" : 0.0018621135020665974,
      "m5_rate" : 0.031363257784434634,
      "mean_rate" : 0.02973305152879475,
      "duration_units" : "seconds",
      "rate_units" : "calls/second"
    },
    "eu.domibus.core.message.attempt.MessageAttemptDao.deleteMessages.deleteAttemptsByMessageIds.timer" : {
      "count" : 71,
      "max" : 0.011950792,
      "mean" : 0.003163648868060655,
      "min" : 0.0021406990000000002,
      "p50" : 0.0030672000000000004,
      "p75" : 0.0036465000000000004,
      "p95" : 0.004538801,
      "p98" : 0.004538801,
      "p99" : 0.004538801,
      "p999" : 0.004538801,
      "stddev" : 6.513683210777565E-4,
      "m15_rate" : 0.12935661508114982,
      "m1_rate" : 0.0018621135020665974,
      "m5_rate" : 0.031363257784434634,
      "mean_rate" : 0.029732455199139318,
      "duration_units" : "seconds",
      "rate_units" : "calls/second"
    },
    "eu.domibus.core.message.pull.IncomingPullRequestHandler.incoming_pull_request.timer" : {
      "count" : 8,
      "max" : 0.42838590000000004,
      "mean" : 0.0656841031432932,
      "min" : 0.009123302,
      "p50" : 0.010902902,
      "p75" : 0.011355402,
      "p95" : 0.238127149,
      "p98" : 0.238127149,
      "p99" : 0.238127149,
      "p999" : 0.238127149,
      "stddev" : 0.09759101659360121,
      "m15_rate" : 0.0130802788305727,
      "m1_rate" : 2.2127723196407458E-4,
      "m5_rate" : 0.004258784270889545,
      "mean_rate" : 0.0020260622207255267,
      "duration_units" : "seconds",
      "rate_units" : "calls/second"
    },
    "eu.domibus.core.message.receipt.AS4ReceiptServiceImpl.generateReceipt.timer" : {
      "count" : 185945,
      "max" : 0.119545892,
      "mean" : 0.026418933988967757,
      "min" : 0.015246099,
      "p50" : 0.023667098,
      "p75" : 0.028821898000000002,
      "p95" : 0.044284196000000005,
      "p98" : 0.051530996,
      "p99" : 0.064099798,
      "p999" : 0.119545892,
      "stddev" : 0.009594638463014279,
      "m15_rate" : 60.25358075024488,
      "m1_rate" : 61.4398177758794,
      "m5_rate" : 63.455128853034175,
      "mean_rate" : 60.510789846697705,
      "duration_units" : "seconds",
      "rate_units" : "calls/second"
    },
    "eu.domibus.core.message.retention.MessageRetentionDefaultService.schedule_deleteExpiredMessages.timer" : {
      "count" : 13,
      "max" : 8.698396218000001,
      "mean" : 7.952958946974106,
      "min" : 0.225089898,
      "p50" : 7.789324593000001,
      "p75" : 8.044605951000001,
      "p95" : 8.698396218000001,
      "p98" : 8.698396218000001,
      "p99" : 8.698396218000001,
      "p999" : 8.698396218000001,
      "stddev" : 0.2816903841602529,
      "m15_rate" : 0.007643734519819108,
      "m1_rate" : 2.2618488537774314E-4,
      "m5_rate" : 0.0038316556548525804,
      "mean_rate" : 0.003620483298930126,
      "duration_units" : "seconds",
      "rate_units" : "calls/second"
    },
    "eu.domibus.core.message.retention.RetentionListener.onMessage.deleteMessages.timer" : {
      "count" : 71,
      "max" : 7.329803948,
      "mean" : 2.4888302650982954,
      "min" : 0.354285887,
      "p50" : 1.9196783650000002,
      "p75" : 2.227612312,
      "p95" : 4.818072065,
      "p98" : 5.084535614,
      "p99" : 6.260159392,
      "p999" : 6.260159392,
      "stddev" : 1.1199970918616233,
      "m15_rate" : 0.12938614530185655,
      "m1_rate" : 0.0018966063181138052,
      "m5_rate" : 0.03146355815392892,
      "mean_rate" : 0.029718082152653105,
      "duration_units" : "seconds",
      "rate_units" : "calls/second"
    },
    "eu.domibus.core.message.signal.SignalMessageDao.deleteMessages.deleteReceipts.timer" : {
      "count" : 71,
      "max" : 1.9745682990000002,
      "mean" : 0.4484883975271549,
      "min" : 0.024995185000000003,
      "p50" : 0.19901232800000002,
      "p75" : 0.244600368,
      "p95" : 1.638469149,
      "p98" : 1.9745682990000002,
      "p99" : 1.9745682990000002,
      "p999" : 1.9745682990000002,
      "stddev" : 0.5183990099236456,
      "m15_rate" : 0.12933446700877405,
      "m1_rate" : 0.00186211057779275,
      "m5_rate" : 0.03133759539474082,
      "mean_rate" : 0.029731368358210258,
      "duration_units" : "seconds",
      "rate_units" : "calls/second"
    },
    "eu.domibus.core.message.signal.SignalMessageLogDao.deleteMessages.deleteMessageLogs.timer" : {
      "count" : 71,
      "max" : 0.097585853,
      "mean" : 0.05818308072617128,
      "min" : 0.007286096000000001,
      "p50" : 0.056723008000000005,
      "p75" : 0.06272010900000001,
      "p95" : 0.087721012,
      "p98" : 0.087721012,
      "p99" : 0.097250427,
      "p999" : 0.097250427,
      "stddev" : 0.013895470628900213,
      "m15_rate" : 0.12935661508114982,
      "m1_rate" : 0.0018621135020665974,
      "m5_rate" : 0.031363257784434634,
      "mean_rate" : 0.02973220742080648,
      "duration_units" : "seconds",
      "rate_units" : "calls/second"
    },
    "eu.domibus.core.plugin.handler.DatabaseMessageHandler.submit.timer" : {
      "count" : 185979,
      "max" : 0.5590955310000001,
      "mean" : 0.05454040838891544,
      "min" : 0.009520699,
      "p50" : 0.062039995,
      "p75" : 0.07444669500000001,
      "p95" : 0.112176995,
      "p98" : 0.151992491,
      "p99" : 0.17694209700000002,
      "p999" : 0.26846768400000004,
      "stddev" : 0.0382571087544378,
      "m15_rate" : 60.61832951582797,
      "m1_rate" : 62.13217736395575,
      "m5_rate" : 64.40928242804416,
      "mean_rate" : 61.235142649071214,
      "duration_units" : "seconds",
      "rate_units" : "calls/second"
    },
    "eu.domibus.core.plugin.notification.BackendNotificationService.notifyMessageReceived.timer" : {
      "count" : 185947,
      "max" : 0.298762109,
      "mean" : 0.030310383203664436,
      "min" : 4.0730000000000003E-4,
      "p50" : 0.022758698,
      "p75" : 0.044430798,
      "p95" : 0.08699570400000001,
      "p98" : 0.125295992,
      "p99" : 0.15452189100000002,
      "p999" : 0.238975187,
      "stddev" : 0.032733863528418554,
      "m15_rate" : 60.25142746723526,
      "m1_rate" : 61.41147897970395,
      "m5_rate" : 63.450252821485904,
      "mean_rate" : 60.50991294039116,
      "duration_units" : "seconds",
      "rate_units" : "calls/second"
    },
    "eu.domibus.core.plugin.notification.PluginAsyncNotificationListener.onMessage.timer" : {
      "count" : 185997,
      "max" : 0.309667908,
      "mean" : 0.054591852072343364,
      "min" : 0.009123699,
      "p50" : 0.061308296000000005,
      "p75" : 0.075158495,
      "p95" : 0.114066603,
      "p98" : 0.156763295,
      "p99" : 0.177376306,
      "p999" : 0.268107884,
      "stddev" : 0.0382608024878658,
      "m15_rate" : 60.57577857078541,
      "m1_rate" : 61.80058010735015,
      "m5_rate" : 64.29618914683806,
      "mean_rate" : 60.533885789864456,
      "duration_units" : "seconds",
      "rate_units" : "calls/second"
    },
    "eu.domibus.core.pmode.validation.validators.MessagePropertyValidator.validate.timer" : {
      "count" : 371927,
      "max" : 5.64E-5,
      "mean" : 1.0870728177488037E-6,
      "min" : 3.0000000000000004E-7,
      "p50" : 1.0000000000000002E-6,
      "p75" : 1.1E-6,
      "p95" : 1.6000000000000001E-6,
      "p98" : 2.0000000000000003E-6,
      "p99" : 2.3E-6,
      "p999" : 2.51E-5,
      "stddev" : 1.8586523561311369E-6,
      "m15_rate" : 120.78302027142675,
      "m1_rate" : 123.55163249320402,
      "m5_rate" : 127.85925998756282,
      "mean_rate" : 121.02781363329517,
      "duration_units" : "seconds",
      "rate_units" : "calls/second"
    },
    "eu.domibus.core.replication.UIMessageDaoImpl.deleteMessages.deleteUIMessagesByMessageIds.timer" : {
      "count" : 142,
      "max" : 0.014376792000000001,
      "mean" : 0.0029417291708870768,
      "min" : 7.569E-4,
      "p50" : 0.0026601010000000002,
      "p75" : 0.0032182010000000004,
      "p95" : 0.005585701,
      "p98" : 0.006216500000000001,
      "p99" : 0.006216500000000001,
      "p999" : 0.006216500000000001,
      "stddev" : 9.90990534194333E-4,
      "m15_rate" : 0.25871323016229963,
      "m1_rate" : 0.0037242270041331947,
      "m5_rate" : 0.06272651556886927,
      "mean_rate" : 0.059465665307203895,
      "duration_units" : "seconds",
      "rate_units" : "calls/second"
    },
    "eu.domibus.core.util.SoapUtil.logMessage.timer" : {
      "count" : 185948,
      "max" : 4.5900000000000004E-5,
      "mean" : 7.099362603167198E-7,
      "min" : 1.0000000000000001E-7,
      "p50" : 6.000000000000001E-7,
      "p75" : 7.000000000000001E-7,
      "p95" : 1.2000000000000002E-6,
      "p98" : 1.4000000000000001E-6,
      "p99" : 1.5E-6,
      "p999" : 1.7500000000000002E-5,
      "stddev" : 9.914090452110855E-7,
      "m15_rate" : 60.251659719663074,
      "m1_rate" : 61.44955629855063,
      "m5_rate" : 63.451883255748555,
      "mean_rate" : 60.508809452348295,
      "duration_units" : "seconds",
      "rate_units" : "calls/second"
    },
    "eu.domibus.plugin.jms.JMSPluginImpl.deliverMessage.timer" : {
      "count" : 185997,
      "max" : 0.311026962,
      "mean" : 0.057465145564086315,
      "min" : 0.009111299,
      "p50" : 0.062994096,
      "p75" : 0.07583579500000001,
      "p95" : 0.11974749300000001,
      "p98" : 0.169944591,
      "p99" : 0.18577149,
      "p999" : 0.267790384,
      "stddev" : 0.04055848539816888,
      "m15_rate" : 60.5749148108242,
      "m1_rate" : 61.792922115533905,
      "m5_rate" : 64.29404181630066,
      "mean_rate" : 60.534130384220575,
      "duration_units" : "seconds",
      "rate_units" : "calls/second"
    },
    "eu.domibus.plugin.jms.JMSPluginImpl.receiveMessage.timer" : {
      "count" : 185979,
      "max" : 0.482097873,
      "mean" : 0.09596358448506659,
      "min" : 0.010627099000000001,
      "p50" : 0.08357619300000001,
      "p75" : 0.139374889,
      "p95" : 0.22275329100000002,
      "p98" : 0.274376895,
      "p99" : 0.335547093,
      "p999" : 0.482097873,
      "stddev" : 0.07606199393668059,
      "m15_rate" : 60.6181673209518,
      "m1_rate" : 62.12051692654689,
      "m5_rate" : 64.41068502240404,
      "mean_rate" : 61.234986128486305,
      "duration_units" : "seconds",
      "rate_units" : "calls/second"
    }
  }
}