{
  "version" : "4.0.0",
  "gauges" : { },
  "counters" : {
    "eu.domibus.core.ebms3.receiver.MSHWebservice.incoming_user_message.counter" : {
      "count" : 12
    },
    "eu.domibus.core.ebms3.receiver.handler.AbstractIncomingMessageHandler.processMessage.counter" : {
      "count" : 12
    },
    "eu.domibus.core.ebms3.receiver.handler.IncomingUserMessageHandler.around_handleNewUserMessage.counter.counter" : {
      "count" : 42
    },
    "eu.domibus.core.ebms3.sender.AbstractUserMessageSender.outgoing_user_message.counter" : {
      "count" : 9
    },
    "eu.domibus.core.ebms3.sender.MessageSenderListener.onMessage.counter" : {
      "count" : 12
    },
    "eu.domibus.core.ebms3.sender.MessageSenderService.sendUserMessage.counter" : {
      "count" : 12
    },
    "eu.domibus.core.ebms3.sender.client.MSHDispatcher.dispatch.counter" : {
      "count" : 0
    },
    "eu.domibus.core.error.ErrorLogDao.deleteMessages.deleteErrorLogsByMessageIdInError.counter" : {
      "count" : 0
    },
    "eu.domibus.core.message.MessageInfoDao.deleteMessages.counter" : {
      "count" : 0
    },
    "eu.domibus.core.message.MessageInfoDao.findSignalMessageIds.counter" : {
      "count" : 0
    },
    "eu.domibus.core.message.MessagingServiceImpl.storeMessage.counter" : {
      "count" : 0
    },
    "eu.domibus.core.message.UserMessageHandlerServiceImpl.handleNewUserMessage.counter" : {
      "count" : 4
    },
    "eu.domibus.core.message.UserMessageLogDao.deleteMessages.deleteMessageLogs.counter" : {
      "count" : 0
    },
    "eu.domibus.core.message.acknowledge.MessageAcknowledgementDao.deleteMessages.deleteMessageAcknowledgementsByMessageIds.counter" : {
      "count" : 0
    },
    "eu.domibus.core.message.attempt.MessageAttemptDao.deleteMessages.deleteAttemptsByMessageIds.counter" : {
      "count" : 0
    },
    "eu.domibus.core.message.pull.IncomingPullRequestHandler.incoming_pull_request.counter" : {
      "count" : 0
    },
    "eu.domibus.core.message.receipt.AS4ReceiptServiceImpl.generateReceipt.counter" : {
      "count" : 3
    },
    "eu.domibus.core.message.retention.MessageRetentionDefaultService.schedule_deleteExpiredMessages.counter" : {
      "count" : 0
    },
    "eu.domibus.core.message.retention.RetentionListener.onMessage.deleteMessages.counter" : {
      "count" : 0
    },
    "eu.domibus.core.message.signal.SignalMessageDao.deleteMessages.deleteReceipts.counter" : {
      "count" : 0
    },
    "eu.domibus.core.message.signal.SignalMessageLogDao.deleteMessages.deleteMessageLogs.counter" : {
      "count" : 0
    },
    "eu.domibus.core.plugin.handler.DatabaseMessageHandler.submit.counter" : {
      "count" : 0
    },
    "eu.domibus.core.plugin.notification.BackendNotificationService.notifyMessageReceived.counter" : {
      "count" : 1
    },
    "eu.domibus.core.plugin.notification.PluginAsyncNotificationListener.onMessage.counter" : {
      "count" : 4
    },
    "eu.domibus.core.pmode.validation.validators.MessagePropertyValidator.validate.counter" : {
      "count" : 0
    },
    "eu.domibus.core.replication.UIMessageDaoImpl.deleteMessages.deleteUIMessagesByMessageIds.counter" : {
      "count" : 0
    },
    "eu.domibus.core.util.SoapUtil.SoapUtil.counter" : {
      "count" : 0
    },
    "eu.domibus.plugin.jms.JMSPluginImpl.deliverMessage.counter" : {
      "count" : 4
    },
    "eu.domibus.plugin.jms.JMSPluginImpl.receiveMessage.counter" : {
      "count" : 3
    }
  },
  "histograms" : { },
  "meters" : { },
  "timers" : {
    "eu.domibus.core.ebms3.receiver.MSHWebservice.incoming_user_message.timer" : {
      "count" : 177853,
      "max" : 0.887092768,
      "mean" : 0.24473668868938417,
      "min" : 0.11831195000000001,
      "p50" : 0.217925572,
      "p75" : 0.27641208300000003,
      "p95" : 0.427658476,
      "p98" : 0.581363207,
      "p99" : 0.649648125,
      "p999" : 0.8776375270000001,
      "stddev" : 0.09721479445399563,
      "m15_rate" : 57.96675418045471,
      "m1_rate" : 56.34446742075141,
      "m5_rate" : 60.64360622217797,
      "mean_rate" : 45.043264290113655,
      "duration_units" : "seconds",
      "rate_units" : "calls/second"
    },
    "eu.domibus.core.ebms3.receiver.handler.AbstractIncomingMessageHandler.processMessage.timer" : {
      "count" : 177845,
      "max" : 0.9310769390000001,
      "mean" : 0.23834057292756955,
      "min" : 0.10792829000000001,
      "p50" : 0.21672026000000003,
      "p75" : 0.268505653,
      "p95" : 0.40596335800000005,
      "p98" : 0.49542144400000004,
      "p99" : 0.591258422,
      "p999" : 0.81295664,
      "stddev" : 0.08777854374712832,
      "m15_rate" : 58.03686023059387,
      "m1_rate" : 56.44758580661451,
      "m5_rate" : 60.66170925566035,
      "mean_rate" : 57.86705830080507,
      "duration_units" : "seconds",
      "rate_units" : "calls/second"
    },
    "eu.domibus.core.ebms3.receiver.handler.IncomingUserMessageHandler.around_handleNewUserMessage.timer.timer" : {
      "count" : 177815,
      "max" : 0.988846902,
      "mean" : 0.2433489924944464,
      "min" : 0.107370038,
      "p50" : 0.219781143,
      "p75" : 0.269705965,
      "p95" : 0.41879724700000004,
      "p98" : 0.576137613,
      "p99" : 0.6665100860000001,
      "p999" : 0.879017555,
      "stddev" : 0.09861686137077164,
      "m15_rate" : 58.02273984155064,
      "m1_rate" : 56.41262796226333,
      "m5_rate" : 60.65004500183268,
      "mean_rate" : 57.85794270009607,
      "duration_units" : "seconds",
      "rate_units" : "calls/second"
    },
    "eu.domibus.core.ebms3.sender.AbstractUserMessageSender.outgoing_user_message.timer" : {
      "count" : 177943,
      "max" : 0.41124873700000003,
      "mean" : 0.05568470296882491,
      "min" : 0.039872790000000005,
      "p50" : 0.053265230000000004,
      "p75" : 0.058021670000000004,
      "p95" : 0.068309522,
      "p98" : 0.08106070300000001,
      "p99" : 0.114561404,
      "p999" : 0.23639978,
      "stddev" : 0.015575643262815205,
      "m15_rate" : 58.456487855288415,
      "m1_rate" : 57.152205461964904,
      "m5_rate" : 61.92143157563846,
      "mean_rate" : 58.61144624992691,
      "duration_units" : "seconds",
      "rate_units" : "calls/second"
    },
    "eu.domibus.core.ebms3.sender.MessageSenderListener.onMessage.timer" : {
      "count" : 177943,
      "max" : 0.250902524,
      "mean" : 0.060780865566764576,
      "min" : 0.044673535,
      "p50" : 0.05798986800000001,
      "p75" : 0.062964028,
      "p95" : 0.07444119,
      "p98" : 0.097781744,
      "p99" : 0.136088689,
      "p999" : 0.250902524,
      "stddev" : 0.015863846199484218,
      "m15_rate" : 58.45794432135376,
      "m1_rate" : 57.16703474518642,
      "m5_rate" : 61.926533719956815,
      "mean_rate" : 58.60969851322961,
      "duration_units" : "seconds",
      "rate_units" : "calls/second"
    },
    "eu.domibus.core.ebms3.sender.MessageSenderService.sendUserMessage.timer" : {
      "count" : 177943,
      "max" : 0.519628788,
      "mean" : 0.06111658066946695,
      "min" : 0.042384123,
      "p50" : 0.057396711,
      "p75" : 0.062626396,
      "p95" : 0.073419596,
      "p98" : 0.117618285,
      "p99" : 0.153805933,
      "p999" : 0.28139553900000003,
      "stddev" : 0.022731961353949205,
      "m15_rate" : 58.456921628508006,
      "m1_rate" : 57.16096783863023,
      "m5_rate" : 61.92369447883102,
      "mean_rate" : 58.61000702518243,
      "duration_units" : "seconds",
      "rate_units" : "calls/second"
    },
    "eu.domibus.core.ebms3.sender.client.MSHDispatcher.dispatch.timer" : {
      "count" : 177943,
      "max" : 0.272800041,
      "mean" : 0.047572230246759266,
      "min" : 0.034954235,
      "p50" : 0.045350998000000003,
      "p75" : 0.049509382000000005,
      "p95" : 0.059145575000000006,
      "p98" : 0.067177017,
      "p99" : 0.0972395,
      "p999" : 0.239413759,
      "stddev" : 0.014892369021906193,
      "m15_rate" : 58.45333452174554,
      "m1_rate" : 57.11867467665837,
      "m5_rate" : 61.911882859586534,
      "mean_rate" : 58.61271141139317,
      "duration_units" : "seconds",
      "rate_units" : "calls/second"
    },
    "eu.domibus.core.error.ErrorLogDao.deleteMessages.deleteErrorLogsByMessageIdInError.timer" : {
      "count" : 81,
      "max" : 0.009879216000000001,
      "mean" : 0.0035457427198743708,
      "min" : 0.002116796,
      "p50" : 0.003334309,
      "p75" : 0.003635136,
      "p95" : 0.004490715,
      "p98" : 0.004490715,
      "p99" : 0.004490715,
      "p999" : 0.004490715,
      "stddev" : 5.342956870180235E-4,
      "m15_rate" : 0.03897051464196628,
      "m1_rate" : 0.0033664575483154605,
      "m5_rate" : 0.02176882836034407,
      "mean_rate" : 0.0330798339905176,
      "duration_units" : "seconds",
      "rate_units" : "calls/second"
    },
    "eu.domibus.core.message.MessageInfoDao.deleteMessages.timer" : {
      "count" : 162,
      "max" : 1.342532596,
      "mean" : 0.6567694598914183,
      "min" : 0.031121386,
      "p50" : 0.41805696600000003,
      "p75" : 1.0413672200000001,
      "p95" : 1.301747301,
      "p98" : 1.301747301,
      "p99" : 1.301747301,
      "p999" : 1.301747301,
      "stddev" : 0.424669607941753,
      "m15_rate" : 0.07792017292090261,
      "m1_rate" : 0.0066968165398725585,
      "m5_rate" : 0.04347159854271573,
      "mean_rate" : 0.0661541695426858,
      "duration_units" : "seconds",
      "rate_units" : "calls/second"
    },
    "eu.domibus.core.message.MessageInfoDao.findSignalMessageIds.timer" : {
      "count" : 81,
      "max" : 0.366041243,
      "mean" : 0.11983855774211015,
      "min" : 0.04497007,
      "p50" : 0.08660771,
      "p75" : 0.11124549,
      "p95" : 0.352413996,
      "p98" : 0.352413996,
      "p99" : 0.352413996,
      "p999" : 0.352413996,
      "stddev" : 0.08947947468622156,
      "m15_rate" : 0.0389331621680749,
      "m1_rate" : 0.0032950756459993466,
      "m5_rate" : 0.02167988641165666,
      "mean_rate" : 0.03307627184898705,
      "duration_units" : "seconds",
      "rate_units" : "calls/second"
    },
    "eu.domibus.core.message.MessagingServiceImpl.storeMessage.timer" : {
      "count" : 355814,
      "max" : 0.06262769600000001,
      "mean" : 0.004394654818653357,
      "min" : 0.0024711290000000003,
      "p50" : 0.003871358,
      "p75" : 0.004385806,
      "p95" : 0.006292283,
      "p98" : 0.009453175000000001,
      "p99" : 0.013798977,
      "p999" : 0.06262769600000001,
      "stddev" : 0.0038469197109945027,
      "m15_rate" : 116.34925122515202,
      "m1_rate" : 113.381992644024,
      "m5_rate" : 122.52283358065374,
      "mean_rate" : 115.77635084261263,
      "duration_units" : "seconds",
      "rate_units" : "calls/second"
    },
    "eu.domibus.core.message.UserMessageHandlerServiceImpl.handleNewUserMessage.timer" : {
      "count" : 177853,
      "max" : 0.27744927,
      "mean" : 0.053370473209676896,
      "min" : 0.018830543,
      "p50" : 0.04127622,
      "p75" : 0.067090909,
      "p95" : 0.126586414,
      "p98" : 0.17947420800000002,
      "p99" : 0.19366871900000002,
      "p999" : 0.23337569900000002,
      "stddev" : 0.036572757867850435,
      "m15_rate" : 58.030984929543834,
      "m1_rate" : 56.434050439193484,
      "m5_rate" : 60.64282674201633,
      "mean_rate" : 57.87028661447593,
      "duration_units" : "seconds",
      "rate_units" : "calls/second"
    },
    "eu.domibus.core.message.UserMessageLogDao.deleteMessages.deleteMessageLogs.timer" : {
      "count" : 81,
      "max" : 0.22589054700000002,
      "mean" : 0.0638011321269183,
      "min" : 0.013553057,
      "p50" : 0.065208531,
      "p75" : 0.06739653300000001,
      "p95" : 0.07873888200000001,
      "p98" : 0.07873888200000001,
      "p99" : 0.07873888200000001,
      "p999" : 0.138709162,
      "stddev" : 0.009512827106458581,
      "m15_rate" : 0.03897051464196628,
      "m1_rate" : 0.0033664575483154605,
      "m5_rate" : 0.02176882836034407,
      "mean_rate" : 0.03307923045807037,
      "duration_units" : "seconds",
      "rate_units" : "calls/second"
    },
    "eu.domibus.core.message.acknowledge.MessageAcknowledgementDao.deleteMessages.deleteMessageAcknowledgementsByMessageIds.timer" : {
      "count" : 81,
      "max" : 0.011262844000000001,
      "mean" : 0.0028129718528012056,
      "min" : 0.001851172,
      "p50" : 0.0029307720000000003,
      "p75" : 0.002972975,
      "p95" : 0.004268695,
      "p98" : 0.004268695,
      "p99" : 0.004268695,
      "p999" : 0.004268695,
      "stddev" : 7.614808827870433E-4,
      "m15_rate" : 0.03897051464196628,
      "m1_rate" : 0.0033664575483154605,
      "m5_rate" : 0.02176882836034407,
      "mean_rate" : 0.03308010029916101,
      "duration_units" : "seconds",
      "rate_units" : "calls/second"
    },
    "eu.domibus.core.message.attempt.MessageAttemptDao.deleteMessages.deleteAttemptsByMessageIds.timer" : {
      "count" : 81,
      "max" : 0.009724302,
      "mean" : 0.0035740446935855737,
      "min" : 0.002092094,
      "p50" : 0.0037787500000000004,
      "p75" : 0.003911662000000001,
      "p95" : 0.0042501940000000005,
      "p98" : 0.0042501940000000005,
      "p99" : 0.0042501940000000005,
      "p999" : 0.004278797,
      "stddev" : 6.549920250486757E-4,
      "m15_rate" : 0.03897051464196628,
      "m1_rate" : 0.0033664575483154605,
      "m5_rate" : 0.02176882836034407,
      "mean_rate" : 0.03307969737771289,
      "duration_units" : "seconds",
      "rate_units" : "calls/second"
    },
    "eu.domibus.core.message.pull.IncomingPullRequestHandler.incoming_pull_request.timer" : {
      "count" : 8,
      "max" : 0.5287768500000001,
      "mean" : 0.013826028,
      "min" : 0.01362466,
      "p50" : 0.014027396000000001,
      "p75" : 0.014027396000000001,
      "p95" : 0.014027396000000001,
      "p98" : 0.014027396000000001,
      "p99" : 0.014027396000000001,
      "p999" : 0.014027396000000001,
      "stddev" : 2.01368E-4,
      "m15_rate" : 0.0165743037166504,
      "m1_rate" : 1.01792440676592E-4,
      "m5_rate" : 0.0020957920017693004,
      "mean_rate" : 0.0020260901167105266,
      "duration_units" : "seconds",
      "rate_units" : "calls/second"
    },
    "eu.domibus.core.message.receipt.AS4ReceiptServiceImpl.generateReceipt.timer" : {
      "count" : 177842,
      "max" : 0.12658761000000002,
      "mean" : 0.022801674456941774,
      "min" : 0.013125515,
      "p50" : 0.020237573000000002,
      "p75" : 0.024562574,
      "p95" : 0.040254126,
      "p98" : 0.049645694000000004,
      "p99" : 0.052940999,
      "p999" : 0.117351862,
      "stddev" : 0.00968683972022993,
      "m15_rate" : 58.02630459457722,
      "m1_rate" : 56.422969159935754,
      "m5_rate" : 60.63763035745591,
      "mean_rate" : 57.869289974909485,
      "duration_units" : "seconds",
      "rate_units" : "calls/second"
    },
    "eu.domibus.core.message.retention.MessageRetentionDefaultService.schedule_deleteExpiredMessages.timer" : {
      "count" : 15,
      "max" : 7.604447855,
      "mean" : 7.592884220797495,
      "min" : 0.47981724000000003,
      "p50" : 7.604447855,
      "p75" : 7.604447855,
      "p95" : 7.604447855,
      "p98" : 7.604447855,
      "p99" : 7.604447855,
      "p999" : 7.604447855,
      "stddev" : 0.10961811697862499,
      "m15_rate" : 0.007423192123046716,
      "m1_rate" : 4.1188445407997626E-4,
      "m5_rate" : 0.002705999064442925,
      "mean_rate" : 0.004248463685282842,
      "duration_units" : "seconds",
      "rate_units" : "calls/second"
    },
    "eu.domibus.core.message.retention.RetentionListener.onMessage.deleteMessages.timer" : {
      "count" : 81,
      "max" : 2.8095021250000003,
      "mean" : 1.8303224187386302,
      "min" : 0.313984819,
      "p50" : 1.778247675,
      "p75" : 1.9068855750000002,
      "p95" : 2.2000331870000003,
      "p98" : 2.2000331870000003,
      "p99" : 2.2000331870000003,
      "p999" : 2.561539631,
      "stddev" : 0.1618416405719306,
      "m15_rate" : 0.03897704333166649,
      "m1_rate" : 0.003366696899717486,
      "m5_rate" : 0.02177974883519482,
      "mean_rate" : 0.03307605711774082,
      "duration_units" : "seconds",
      "rate_units" : "calls/second"
    },
    "eu.domibus.core.message.signal.SignalMessageDao.deleteMessages.deleteReceipts.timer" : {
      "count" : 81,
      "max" : 0.879767783,
      "mean" : 0.1930064724931875,
      "min" : 0.026139125000000003,
      "p50" : 0.192307687,
      "p75" : 0.211727083,
      "p95" : 0.22179241500000002,
      "p98" : 0.22179241500000002,
      "p99" : 0.22179241500000002,
      "p999" : 0.753021528,
      "stddev" : 0.035831766680086606,
      "m15_rate" : 0.03897051464196628,
      "m1_rate" : 0.0033664575483154605,
      "m5_rate" : 0.02176882836034407,
      "mean_rate" : 0.033078870021179374,
      "duration_units" : "seconds",
      "rate_units" : "calls/second"
    },
    "eu.domibus.core.message.signal.SignalMessageLogDao.deleteMessages.deleteMessageLogs.timer" : {
      "count" : 81,
      "max" : 0.11433320200000001,
      "mean" : 0.05754849548819104,
      "min" : 0.020845633000000002,
      "p50" : 0.058758835,
      "p75" : 0.06488200100000001,
      "p95" : 0.07672129600000001,
      "p98" : 0.07672129600000001,
      "p99" : 0.07672129600000001,
      "p999" : 0.088407598,
      "stddev" : 0.010006663696127953,
      "m15_rate" : 0.03897051464196628,
      "m1_rate" : 0.0033664575483154605,
      "m5_rate" : 0.02176882836034407,
      "mean_rate" : 0.03307940842389346,
      "duration_units" : "seconds",
      "rate_units" : "calls/second"
    },
    "eu.domibus.core.plugin.handler.DatabaseMessageHandler.submit.timer" : {
      "count" : 177968,
      "max" : 0.298286296,
      "mean" : 0.042547115500116583,
      "min" : 0.00670012,
      "p50" : 0.014894079000000001,
      "p75" : 0.06895048100000001,
      "p95" : 0.106761979,
      "p98" : 0.150855759,
      "p99" : 0.17467146,
      "p999" : 0.23228409500000002,
      "stddev" : 0.038862340164082416,
      "m15_rate" : 58.45042998567349,
      "m1_rate" : 57.1056305172463,
      "m5_rate" : 61.891120658180675,
      "mean_rate" : 58.613131537215104,
      "duration_units" : "seconds",
      "rate_units" : "calls/second"
    },
    "eu.domibus.core.plugin.notification.BackendNotificationService.notifyMessageReceived.timer" : {
      "count" : 177845,
      "max" : 0.24380146400000002,
      "mean" : 0.023552606500214162,
      "min" : 3.12329E-4,
      "p50" : 0.010716092,
      "p75" : 0.034905331000000005,
      "p95" : 0.08503136900000001,
      "p98" : 0.13873794,
      "p99" : 0.17029776100000002,
      "p999" : 0.24380146400000002,
      "stddev" : 0.03372915120296413,
      "m15_rate" : 58.02640283923688,
      "m1_rate" : 56.42818714249045,
      "m5_rate" : 60.63972988762212,
      "mean_rate" : 57.868981557640936,
      "duration_units" : "seconds",
      "rate_units" : "calls/second"
    },
    "eu.domibus.core.plugin.notification.PluginAsyncNotificationListener.onMessage.timer" : {
      "count" : 177986,
      "max" : 0.38348595,
      "mean" : 0.04203155766642594,
      "min" : 0.00821786,
      "p50" : 0.015373523000000002,
      "p75" : 0.068634052,
      "p95" : 0.10643034400000001,
      "p98" : 0.164518827,
      "p99" : 0.184674488,
      "p999" : 0.249997238,
      "stddev" : 0.039445222831591104,
      "m15_rate" : 58.37895022683818,
      "m1_rate" : 56.833311516945756,
      "m5_rate" : 61.79740304697556,
      "mean_rate" : 57.925838741047016,
      "duration_units" : "seconds",
      "rate_units" : "calls/second"
    },
    "eu.domibus.core.pmode.validation.validators.MessagePropertyValidator.validate.timer" : {
      "count" : 355814,
      "max" : 2.0982000000000002E-4,
      "mean" : 1.3538037091700883E-6,
      "min" : 5.000000000000001E-7,
      "p50" : 1.2000000000000002E-6,
      "p75" : 1.5E-6,
      "p95" : 2.001E-6,
      "p98" : 2.3E-6,
      "p99" : 2.5010000000000003E-6,
      "p999" : 8.201E-6,
      "stddev" : 3.205527390647513E-6,
      "m15_rate" : 116.34966370597495,
      "m1_rate" : 113.3860770219736,
      "m5_rate" : 122.52373165821018,
      "mean_rate" : 115.7759162707133,
      "duration_units" : "seconds",
      "rate_units" : "calls/second"
    },
    "eu.domibus.core.replication.UIMessageDaoImpl.deleteMessages.deleteUIMessagesByMessageIds.timer" : {
      "count" : 162,
      "max" : 0.009789008,
      "mean" : 0.002670816253615166,
      "min" : 8.60079E-4,
      "p50" : 0.00226071,
      "p75" : 0.003503925,
      "p95" : 0.003931064000000001,
      "p98" : 0.003931064000000001,
      "p99" : 0.003931064000000001,
      "p999" : 0.003931064000000001,
      "stddev" : 6.62850888507975E-4,
      "m15_rate" : 0.07794102928393257,
      "m1_rate" : 0.006732915096630921,
      "m5_rate" : 0.04353765672068814,
      "mean_rate" : 0.06615986179712502,
      "duration_units" : "seconds",
      "rate_units" : "calls/second"
    },
    "eu.domibus.core.util.SoapUtil.logMessage.timer" : {
      "count" : 177846,
      "max" : 3.4603E-5,
      "mean" : 8.392334566724867E-7,
      "min" : 3.0000000000000004E-7,
      "p50" : 7.000000000000001E-7,
      "p75" : 9.01E-7,
      "p95" : 1.4000000000000001E-6,
      "p98" : 1.6000000000000001E-6,
      "p99" : 1.8000000000000001E-6,
      "p999" : 1.4501E-5,
      "stddev" : 9.3150406735256E-7,
      "m15_rate" : 58.0238801885609,
      "m1_rate" : 56.42239664310448,
      "m5_rate" : 60.632597128040814,
      "mean_rate" : 57.868048708656104,
      "duration_units" : "seconds",
      "rate_units" : "calls/second"
    },
    "eu.domibus.plugin.jms.JMSPluginImpl.deliverMessage.timer" : {
      "count" : 177986,
      "max" : 0.304062436,
      "mean" : 0.042945931424548923,
      "min" : 0.007404586,
      "p50" : 0.015262713,
      "p75" : 0.068698358,
      "p95" : 0.108669757,
      "p98" : 0.16759411100000002,
      "p99" : 0.181749921,
      "p999" : 0.29030295700000003,
      "stddev" : 0.04116277951422506,
      "m15_rate" : 58.3780230317691,
      "m1_rate" : 56.825645352432986,
      "m5_rate" : 61.7951440489738,
      "mean_rate" : 57.92612114042316,
      "duration_units" : "seconds",
      "rate_units" : "calls/second"
    },
    "eu.domibus.plugin.jms.JMSPluginImpl.receiveMessage.timer" : {
      "count" : 177965,
      "max" : 0.56448071,
      "mean" : 0.06662163647125834,
      "min" : 0.007996340000000001,
      "p50" : 0.016116292,
      "p75" : 0.12174707000000001,
      "p95" : 0.20596636000000001,
      "p98" : 0.233547007,
      "p99" : 0.303264868,
      "p999" : 0.44614389200000004,
      "stddev" : 0.07387641513116355,
      "m15_rate" : 58.4551636458261,
      "m1_rate" : 57.13739397432109,
      "m5_rate" : 61.90526816755047,
      "mean_rate" : 58.61199455824733,
      "duration_units" : "seconds",
      "rate_units" : "calls/second"
    }
  }
}