{
  "version" : "4.0.0",
  "gauges" : { },
  "counters" : {
    "eu.domibus.core.ebms3.receiver.MSHWebservice.incoming_user_message.counter" : {
      "count" : 19
    },
    "eu.domibus.core.ebms3.receiver.handler.AbstractIncomingMessageHandler.processMessage.counter" : {
      "count" : 19
    },
    "eu.domibus.core.ebms3.receiver.handler.IncomingUserMessageHandler.around_handleNewUserMessage.counter.counter" : {
      "count" : 49
    },
    "eu.domibus.core.ebms3.sender.AbstractUserMessageSender.outgoing_user_message.counter" : {
      "count" : 13
    },
    "eu.domibus.core.ebms3.sender.MessageSenderListener.onMessage.counter" : {
      "count" : 14
    },
    "eu.domibus.core.ebms3.sender.MessageSenderService.sendUserMessage.counter" : {
      "count" : 14
    },
    "eu.domibus.core.ebms3.sender.client.MSHDispatcher.dispatch.counter" : {
      "count" : 13
    },
    "eu.domibus.core.error.ErrorLogDao.deleteMessages.deleteErrorLogsByMessageIdInError.counter" : {
      "count" : 0
    },
    "eu.domibus.core.message.MessageInfoDao.deleteMessages.counter" : {
      "count" : 0
    },
    "eu.domibus.core.message.MessageInfoDao.findSignalMessageIds.counter" : {
      "count" : 0
    },
    "eu.domibus.core.message.MessagingServiceImpl.storeMessage.counter" : {
      "count" : 0
    },
    "eu.domibus.core.message.UserMessageHandlerServiceImpl.handleNewUserMessage.counter" : {
      "count" : 12
    },
    "eu.domibus.core.message.UserMessageLogDao.deleteMessages.deleteMessageLogs.counter" : {
      "count" : 0
    },
    "eu.domibus.core.message.acknowledge.MessageAcknowledgementDao.deleteMessages.deleteMessageAcknowledgementsByMessageIds.counter" : {
      "count" : 0
    },
    "eu.domibus.core.message.attempt.MessageAttemptDao.deleteMessages.deleteAttemptsByMessageIds.counter" : {
      "count" : 0
    },
    "eu.domibus.core.message.pull.IncomingPullRequestHandler.incoming_pull_request.counter" : {
      "count" : 0
    },
    "eu.domibus.core.message.receipt.AS4ReceiptServiceImpl.generateReceipt.counter" : {
      "count" : 2
    },
    "eu.domibus.core.message.retention.MessageRetentionDefaultService.schedule_deleteExpiredMessages.counter" : {
      "count" : 0
    },
    "eu.domibus.core.message.retention.RetentionListener.onMessage.deleteMessages.counter" : {
      "count" : 0
    },
    "eu.domibus.core.message.signal.SignalMessageDao.deleteMessages.deleteReceipts.counter" : {
      "count" : 0
    },
    "eu.domibus.core.message.signal.SignalMessageLogDao.deleteMessages.deleteMessageLogs.counter" : {
      "count" : 0
    },
    "eu.domibus.core.plugin.handler.DatabaseMessageHandler.submit.counter" : {
      "count" : 0
    },
    "eu.domibus.core.plugin.notification.BackendNotificationService.notifyMessageReceived.counter" : {
      "count" : 0
    },
    "eu.domibus.core.plugin.notification.PluginAsyncNotificationListener.onMessage.counter" : {
      "count" : 0
    },
    "eu.domibus.core.pmode.validation.validators.MessagePropertyValidator.validate.counter" : {
      "count" : 0
    },
    "eu.domibus.core.replication.UIMessageDaoImpl.deleteMessages.deleteUIMessagesByMessageIds.counter" : {
      "count" : 0
    },
    "eu.domibus.core.util.SoapUtil.SoapUtil.counter" : {
      "count" : 0
    },
    "eu.domibus.plugin.jms.JMSPluginImpl.deliverMessage.counter" : {
      "count" : 0
    },
    "eu.domibus.plugin.jms.JMSPluginImpl.receiveMessage.counter" : {
      "count" : 13
    }
  },
  "histograms" : { },
  "meters" : { },
  "timers" : {
    "eu.domibus.core.ebms3.receiver.MSHWebservice.incoming_user_message.timer" : {
      "count" : 180192,
      "max" : 0.9502260210000001,
      "mean" : 0.30102961419177987,
      "min" : 0.13108317900000002,
      "p50" : 0.286329471,
      "p75" : 0.328709136,
      "p95" : 0.47624102500000004,
      "p98" : 0.596614756,
      "p99" : 0.6680019460000001,
      "p999" : 0.8066711590000001,
      "stddev" : 0.09092735017209776,
      "m15_rate" : 59.30648859842441,
      "m1_rate" : 65.04144685717318,
      "m5_rate" : 63.42496828757084,
      "mean_rate" : 58.663304774041634,
      "duration_units" : "seconds",
      "rate_units" : "calls/second"
    },
    "eu.domibus.core.ebms3.receiver.handler.AbstractIncomingMessageHandler.processMessage.timer" : {
      "count" : 180187,
      "max" : 0.7523803960000001,
      "mean" : 0.2977371285113732,
      "min" : 0.11863694400000001,
      "p50" : 0.286309771,
      "p75" : 0.324716072,
      "p95" : 0.45309050700000003,
      "p98" : 0.5306774870000001,
      "p99" : 0.630328043,
      "p999" : 0.7485690150000001,
      "stddev" : 0.08104283163687707,
      "m15_rate" : 59.30087166914292,
      "m1_rate" : 65.03758511855426,
      "m5_rate" : 63.41748074400557,
      "mean_rate" : 58.661719208836715,
      "duration_units" : "seconds",
      "rate_units" : "calls/second"
    },
    "eu.domibus.core.ebms3.receiver.handler.IncomingUserMessageHandler.around_handleNewUserMessage.timer.timer" : {
      "count" : 180157,
      "max" : 1.058642378,
      "mean" : 0.2926688503492623,
      "min" : 0.135472443,
      "p50" : 0.279474121,
      "p75" : 0.318293515,
      "p95" : 0.442577488,
      "p98" : 0.5282013240000001,
      "p99" : 0.60594433,
      "p999" : 0.909833722,
      "stddev" : 0.08379239543000241,
      "m15_rate" : 59.301827331859826,
      "m1_rate" : 65.01718401959555,
      "m5_rate" : 63.41841002280116,
      "mean_rate" : 58.66339532027461,
      "duration_units" : "seconds",
      "rate_units" : "calls/second"
    },
    "eu.domibus.core.ebms3.sender.AbstractUserMessageSender.outgoing_user_message.timer" : {
      "count" : 180295,
      "max" : 0.33820345900000004,
      "mean" : 0.06164813757943104,
      "min" : 0.044037946,
      "p50" : 0.059387926,
      "p75" : 0.064290896,
      "p95" : 0.074506019,
      "p98" : 0.088755207,
      "p99" : 0.16205603500000001,
      "p999" : 0.25587070300000003,
      "stddev" : 0.015831391498684348,
      "m15_rate" : 59.558427964441755,
      "m1_rate" : 65.36113657943135,
      "m5_rate" : 63.8994921144644,
      "mean_rate" : 59.37664858115731,
      "duration_units" : "seconds",
      "rate_units" : "calls/second"
    },
    "eu.domibus.core.ebms3.sender.MessageSenderListener.onMessage.timer" : {
      "count" : 180295,
      "max" : 0.277999583,
      "mean" : 0.07107813861064784,
      "min" : 0.048585301000000004,
      "p50" : 0.066501082,
      "p75" : 0.07304202600000001,
      "p95" : 0.09348176600000001,
      "p98" : 0.15428787600000002,
      "p99" : 0.17101316600000002,
      "p999" : 0.26064676600000003,
      "stddev" : 0.022490656558477783,
      "m15_rate" : 59.55411973351934,
      "m1_rate" : 65.30012548160626,
      "m5_rate" : 63.887403415364076,
      "mean_rate" : 59.37557196917197,
      "duration_units" : "seconds",
      "rate_units" : "calls/second"
    },
    "eu.domibus.core.ebms3.sender.MessageSenderService.sendUserMessage.timer" : {
      "count" : 180295,
      "max" : 0.299320513,
      "mean" : 0.0702918824079826,
      "min" : 0.048840819,
      "p50" : 0.06616068,
      "p75" : 0.072553536,
      "p95" : 0.092388471,
      "p98" : 0.13717869200000002,
      "p99" : 0.172477447,
      "p999" : 0.260583666,
      "stddev" : 0.02170771629922905,
      "m15_rate" : 59.553002082966394,
      "m1_rate" : 65.2879705742633,
      "m5_rate" : 63.88379931441669,
      "mean_rate" : 59.375885476963035,
      "duration_units" : "seconds",
      "rate_units" : "calls/second"
    },
    "eu.domibus.core.ebms3.sender.client.MSHDispatcher.dispatch.timer" : {
      "count" : 180295,
      "max" : 0.263222508,
      "mean" : 0.04959816856298556,
      "min" : 0.035692713,
      "p50" : 0.047904225,
      "p75" : 0.052593483,
      "p95" : 0.05962353,
      "p98" : 0.065068691,
      "p99" : 0.07907528200000001,
      "p999" : 0.22918801200000002,
      "stddev" : 0.014114000324348,
      "m15_rate" : 59.56260866817192,
      "m1_rate" : 65.36445762937389,
      "m5_rate" : 63.90620919500438,
      "mean_rate" : 59.381098279559325,
      "duration_units" : "seconds",
      "rate_units" : "calls/second"
    },
    "eu.domibus.core.error.ErrorLogDao.deleteMessages.deleteErrorLogsByMessageIdInError.timer" : {
      "count" : 40,
      "max" : 0.014922433,
      "mean" : 0.004029903813841041,
      "min" : 0.0021022890000000002,
      "p50" : 0.0038062660000000004,
      "p75" : 0.005669648,
      "p95" : 0.005697248,
      "p98" : 0.005697248,
      "p99" : 0.005697248,
      "p999" : 0.005697248,
      "stddev" : 0.001008546843956249,
      "m15_rate" : 0.2034484879792377,
      "m1_rate" : 6.119447773718587E-5,
      "m5_rate" : 0.008949042910168098,
      "mean_rate" : 0.020975569805553824,
      "duration_units" : "seconds",
      "rate_units" : "calls/second"
    },
    "eu.domibus.core.message.MessageInfoDao.deleteMessages.timer" : {
      "count" : 80,
      "max" : 3.2207716320000004,
      "mean" : 0.9147007562458987,
      "min" : 0.127936601,
      "p50" : 0.380450763,
      "p75" : 1.600315026,
      "p95" : 3.2207716320000004,
      "p98" : 3.2207716320000004,
      "p99" : 3.2207716320000004,
      "p999" : 3.2207716320000004,
      "stddev" : 0.8768050435713108,
      "m15_rate" : 0.4069014467494455,
      "m1_rate" : 1.2238895553553288E-4,
      "m5_rate" : 0.01789942256294926,
      "mean_rate" : 0.041910081757638995,
      "duration_units" : "seconds",
      "rate_units" : "calls/second"
    },
    "eu.domibus.core.message.MessageInfoDao.findSignalMessageIds.timer" : {
      "count" : 40,
      "max" : 0.32639574800000004,
      "mean" : 0.20022908760406372,
      "min" : 0.080969239,
      "p50" : 0.232311802,
      "p75" : 0.234968574,
      "p95" : 0.32639574800000004,
      "p98" : 0.32639574800000004,
      "p99" : 0.32639574800000004,
      "p999" : 0.32639574800000004,
      "stddev" : 0.07589107288848006,
      "m15_rate" : 0.20344503395603153,
      "m1_rate" : 6.054385717208476E-5,
      "m5_rate" : 0.008937202601914296,
      "mean_rate" : 0.020951945870240324,
      "duration_units" : "seconds",
      "rate_units" : "calls/second"
    },
    "eu.domibus.core.message.MessagingServiceImpl.storeMessage.timer" : {
      "count" : 360530,
      "max" : 0.120300745,
      "mean" : 0.006454957839095643,
      "min" : 0.003104976,
      "p50" : 0.005000959,
      "p75" : 0.0060354530000000005,
      "p95" : 0.010485918,
      "p98" : 0.014211189,
      "p99" : 0.019302947,
      "p999" : 0.10779216100000001,
      "stddev" : 0.00859370553519072,
      "m15_rate" : 118.62830095026297,
      "m1_rate" : 130.126042803935,
      "m5_rate" : 127.24578993388847,
      "mean_rate" : 117.39810907084723,
      "duration_units" : "seconds",
      "rate_units" : "calls/second"
    },
    "eu.domibus.core.message.UserMessageHandlerServiceImpl.handleNewUserMessage.timer" : {
      "count" : 180194,
      "max" : 0.486774174,
      "mean" : 0.08015580991809598,
      "min" : 0.024293305,
      "p50" : 0.069442658,
      "p75" : 0.097429237,
      "p95" : 0.148708742,
      "p98" : 0.195856739,
      "p99" : 0.226978801,
      "p999" : 0.328345112,
      "stddev" : 0.04046134414600882,
      "m15_rate" : 59.30619247350167,
      "m1_rate" : 64.93250373485968,
      "m5_rate" : 63.397582474379504,
      "mean_rate" : 58.6753982683084,
      "duration_units" : "seconds",
      "rate_units" : "calls/second"
    },
    "eu.domibus.core.message.UserMessageLogDao.deleteMessages.deleteMessageLogs.timer" : {
      "count" : 40,
      "max" : 0.20956110500000003,
      "mean" : 0.08672451832298253,
      "min" : 0.046302247000000005,
      "p50" : 0.069373475,
      "p75" : 0.070055068,
      "p95" : 0.20956110500000003,
      "p98" : 0.20956110500000003,
      "p99" : 0.20956110500000003,
      "p999" : 0.20956110500000003,
      "stddev" : 0.04790695039184865,
      "m15_rate" : 0.2034484879792377,
      "m1_rate" : 6.119447773718587E-5,
      "m5_rate" : 0.008949042910168098,
      "mean_rate" : 0.020973017714364304,
      "duration_units" : "seconds",
      "rate_units" : "calls/second"
    },
    "eu.domibus.core.message.acknowledge.MessageAcknowledgementDao.deleteMessages.deleteMessageAcknowledgementsByMessageIds.timer" : {
      "count" : 40,
      "max" : 0.022106401,
      "mean" : 0.0033202301972310813,
      "min" : 0.0020629890000000003,
      "p50" : 0.0032711710000000002,
      "p75" : 0.004144563,
      "p95" : 0.004604058,
      "p98" : 0.004604058,
      "p99" : 0.004604058,
      "p999" : 0.004604058,
      "stddev" : 6.753321680492573E-4,
      "m15_rate" : 0.2034484879792377,
      "m1_rate" : 6.119447773718587E-5,
      "m5_rate" : 0.008949042910168098,
      "mean_rate" : 0.020975989644625846,
      "duration_units" : "seconds",
      "rate_units" : "calls/second"
    },
    "eu.domibus.core.message.attempt.MessageAttemptDao.deleteMessages.deleteAttemptsByMessageIds.timer" : {
      "count" : 40,
      "max" : 0.016787625,
      "mean" : 0.0035987568787037654,
      "min" : 0.002615586,
      "p50" : 0.0033209700000000003,
      "p75" : 0.0042103620000000005,
      "p95" : 0.004988055,
      "p98" : 0.004988055,
      "p99" : 0.004988055,
      "p999" : 0.004988055,
      "stddev" : 7.430001096647397E-4,
      "m15_rate" : 0.2034484879792377,
      "m1_rate" : 6.119447773718587E-5,
      "m5_rate" : 0.008949042910168098,
      "mean_rate" : 0.020975369635398578,
      "duration_units" : "seconds",
      "rate_units" : "calls/second"
    },
    "eu.domibus.core.message.pull.IncomingPullRequestHandler.incoming_pull_request.timer" : {
      "count" : 5,
      "max" : 0.149561412,
      "mean" : 0.08450584117088691,
      "min" : 0.010796407000000001,
      "p50" : 0.10678628100000001,
      "p75" : 0.148605321,
      "p95" : 0.149561412,
      "p98" : 0.149561412,
      "p99" : 0.149561412,
      "p999" : 0.149561412,
      "stddev" : 0.06280453752499261,
      "m15_rate" : 0.6853827910309871,
      "m1_rate" : 0.0034593773364647706,
      "m5_rate" : 0.32195827153767587,
      "mean_rate" : 0.014343284379187953,
      "duration_units" : "seconds",
      "rate_units" : "calls/second"
    },
    "eu.domibus.core.message.receipt.AS4ReceiptServiceImpl.generateReceipt.timer" : {
      "count" : 180182,
      "max" : 0.14894291,
      "mean" : 0.027701065048757623,
      "min" : 0.016294472,
      "p50" : 0.024817903000000002,
      "p75" : 0.030622861,
      "p95" : 0.044615351000000004,
      "p98" : 0.053391882,
      "p99" : 0.06094302100000001,
      "p999" : 0.134156044,
      "stddev" : 0.010392677226144925,
      "m15_rate" : 59.31629587884218,
      "m1_rate" : 64.95672713973156,
      "m5_rate" : 63.3986092010911,
      "mean_rate" : 58.675150880403514,
      "duration_units" : "seconds",
      "rate_units" : "calls/second"
    },
    "eu.domibus.core.message.retention.MessageRetentionDefaultService.schedule_deleteExpiredMessages.timer" : {
      "count" : 11,
      "max" : 8.321724336,
      "mean" : 8.321724135197682,
      "min" : 0.22445804700000002,
      "p50" : 8.321724336,
      "p75" : 8.321724336,
      "p95" : 8.321724336,
      "p98" : 8.321724336,
      "p99" : 8.321724336,
      "p999" : 8.321724336,
      "stddev" : 4.05024551909568E-4,
      "m15_rate" : 0.003989266948353662,
      "m1_rate" : 7.48665456829643E-6,
      "m5_rate" : 7.669098259549029E-4,
      "mean_rate" : 0.002784432754198778,
      "duration_units" : "seconds",
      "rate_units" : "calls/second"
    },
    "eu.domibus.core.message.retention.RetentionListener.onMessage.deleteMessages.timer" : {
      "count" : 40,
      "max" : 5.641026311,
      "mean" : 3.0780117525596045,
      "min" : 1.544505672,
      "p50" : 3.33343656,
      "p75" : 4.861695964,
      "p95" : 5.641026311,
      "p98" : 5.641026311,
      "p99" : 5.641026311,
      "p999" : 5.641026311,
      "stddev" : 1.486382389155919,
      "m15_rate" : 0.20347137938961746,
      "m1_rate" : 6.38535016623432E-5,
      "m5_rate" : 0.008999302888666487,
      "mean_rate" : 0.020951596169859945,
      "duration_units" : "seconds",
      "rate_units" : "calls/second"
    },
    "eu.domibus.core.message.signal.SignalMessageDao.deleteMessages.deleteReceipts.timer" : {
      "count" : 40,
      "max" : 1.861955083,
      "mean" : 0.786652484875933,
      "min" : 0.1548962,
      "p50" : 0.908836198,
      "p75" : 1.782611232,
      "p95" : 1.861955083,
      "p98" : 1.861955083,
      "p99" : 1.861955083,
      "p999" : 1.861955083,
      "stddev" : 0.6883257923242447,
      "m15_rate" : 0.20345219063525513,
      "m1_rate" : 6.184509830587086E-5,
      "m5_rate" : 0.00896103291456611,
      "mean_rate" : 0.020969970649091216,
      "duration_units" : "seconds",
      "rate_units" : "calls/second"
    },
    "eu.domibus.core.message.signal.SignalMessageLogDao.deleteMessages.deleteMessageLogs.timer" : {
      "count" : 40,
      "max" : 0.268937464,
      "mean" : 0.0664914580986244,
      "min" : 0.040056338000000004,
      "p50" : 0.06641230000000001,
      "p75" : 0.07494822400000001,
      "p95" : 0.090512781,
      "p98" : 0.090512781,
      "p99" : 0.090512781,
      "p999" : 0.090512781,
      "stddev" : 0.014110010116976863,
      "m15_rate" : 0.2034484879792377,
      "m1_rate" : 6.119447773718587E-5,
      "m5_rate" : 0.008949042910168098,
      "mean_rate" : 0.020974459304392113,
      "duration_units" : "seconds",
      "rate_units" : "calls/second"
    },
    "eu.domibus.core.plugin.handler.DatabaseMessageHandler.submit.timer" : {
      "count" : 180346,
      "max" : 0.45517697100000004,
      "mean" : 0.07339363967561528,
      "min" : 0.010202519,
      "p50" : 0.070780146,
      "p75" : 0.07944298000000001,
      "p95" : 0.12332093300000001,
      "p98" : 0.164439107,
      "p99" : 0.190164988,
      "p999" : 0.27515193800000004,
      "stddev" : 0.030019615237194743,
      "m15_rate" : 59.55153205482477,
      "m1_rate" : 65.23222156358139,
      "m5_rate" : 63.85718580347761,
      "mean_rate" : 59.38617095120631,
      "duration_units" : "seconds",
      "rate_units" : "calls/second"
    },
    "eu.domibus.core.plugin.notification.BackendNotificationService.notifyMessageReceived.timer" : {
      "count" : 180184,
      "max" : 0.25899920000000004,
      "mean" : 0.03858632177573132,
      "min" : 4.4179600000000005E-4,
      "p50" : 0.032323948000000005,
      "p75" : 0.052200793,
      "p95" : 0.08920499900000001,
      "p98" : 0.122278328,
      "p99" : 0.158070548,
      "p999" : 0.224524635,
      "stddev" : 0.030221014919406586,
      "m15_rate" : 59.30273949690046,
      "m1_rate" : 64.95452548424673,
      "m5_rate" : 63.3993322899351,
      "mean_rate" : 58.67390278232911,
      "duration_units" : "seconds",
      "rate_units" : "calls/second"
    },
    "eu.domibus.core.plugin.notification.PluginAsyncNotificationListener.onMessage.timer" : {
      "count" : 180364,
      "max" : 0.305733798,
      "mean" : 0.07381774331626696,
      "min" : 0.010436517000000001,
      "p50" : 0.07115194300000001,
      "p75" : 0.08072427,
      "p95" : 0.130785174,
      "p98" : 0.174426829,
      "p99" : 0.20139990300000002,
      "p999" : 0.257349677,
      "stddev" : 0.031186095100064825,
      "m15_rate" : 59.46432040986072,
      "m1_rate" : 65.08652098770838,
      "m5_rate" : 63.79473460653922,
      "mean_rate" : 58.742646041937576,
      "duration_units" : "seconds",
      "rate_units" : "calls/second"
    },
    "eu.domibus.core.pmode.validation.validators.MessagePropertyValidator.validate.timer" : {
      "count" : 360534,
      "max" : 4.6699E-5,
      "mean" : 1.693402280757151E-6,
      "min" : 6.000000000000001E-7,
      "p50" : 1.2000000000000002E-6,
      "p75" : 1.6000000000000001E-6,
      "p95" : 2.6E-6,
      "p98" : 3.299E-6,
      "p99" : 1.4499000000000001E-5,
      "p999" : 4.6699E-5,
      "stddev" : 3.1464449673796036E-6,
      "m15_rate" : 118.62798372683883,
      "m1_rate" : 130.1391963810914,
      "m5_rate" : 127.24785344292994,
      "mean_rate" : 117.39879286649641,
      "duration_units" : "seconds",
      "rate_units" : "calls/second"
    },
    "eu.domibus.core.replication.UIMessageDaoImpl.deleteMessages.deleteUIMessagesByMessageIds.timer" : {
      "count" : 80,
      "max" : 0.018841515,
      "mean" : 0.0033545745994987886,
      "min" : 0.0017871900000000001,
      "p50" : 0.002698275,
      "p75" : 0.003573868,
      "p95" : 0.00995641,
      "p98" : 0.00995641,
      "p99" : 0.00995641,
      "p999" : 0.00995641,
      "stddev" : 0.0017979002521440618,
      "m15_rate" : 0.4068969759584754,
      "m1_rate" : 1.2238895547437174E-4,
      "m5_rate" : 0.017898085820336196,
      "mean_rate" : 0.04195138061219201,
      "duration_units" : "seconds",
      "rate_units" : "calls/second"
    },
    "eu.domibus.core.util.SoapUtil.logMessage.timer" : {
      "count" : 180188,
      "max" : 7.5299E-5,
      "mean" : 1.1148519904337616E-6,
      "min" : 3.0000000000000004E-7,
      "p50" : 8.000000000000001E-7,
      "p75" : 1.1E-6,
      "p95" : 1.5E-6,
      "p98" : 1.7E-6,
      "p99" : 2.2E-6,
      "p999" : 7.5299E-5,
      "stddev" : 3.3767350172366175E-6,
      "m15_rate" : 59.299988521965645,
      "m1_rate" : 64.93749004832374,
      "m5_rate" : 63.391143852603264,
      "mean_rate" : 58.673502095561474,
      "duration_units" : "seconds",
      "rate_units" : "calls/second"
    },
    "eu.domibus.plugin.jms.JMSPluginImpl.deliverMessage.timer" : {
      "count" : 180364,
      "max" : 0.349505726,
      "mean" : 0.0732024035111188,
      "min" : 0.010142719000000001,
      "p50" : 0.07052935,
      "p75" : 0.07942277,
      "p95" : 0.12971786600000001,
      "p98" : 0.17813868100000002,
      "p99" : 0.19332838000000002,
      "p999" : 0.26230073800000003,
      "stddev" : 0.032483222595131464,
      "m15_rate" : 59.46555831787389,
      "m1_rate" : 65.10427396291156,
      "m5_rate" : 63.798334767520195,
      "mean_rate" : 58.74288870381434,
      "duration_units" : "seconds",
      "rate_units" : "calls/second"
    },
    "eu.domibus.plugin.jms.JMSPluginImpl.receiveMessage.timer" : {
      "count" : 180346,
      "max" : 0.461156194,
      "mean" : 0.12896994691637767,
      "min" : 0.010268618,
      "p50" : 0.13252076200000001,
      "p75" : 0.146581657,
      "p95" : 0.20987333900000002,
      "p98" : 0.259159264,
      "p99" : 0.29340626000000003,
      "p999" : 0.45452812600000003,
      "stddev" : 0.05128772392222054,
      "m15_rate" : 59.55178260688524,
      "m1_rate" : 65.2247295982933,
      "m5_rate" : 63.86171298848817,
      "mean_rate" : 59.384981524393275,
      "duration_units" : "seconds",
      "rate_units" : "calls/second"
    }
  }
}