{
  "version" : "4.0.0",
  "gauges" : { },
  "counters" : {
    "eu.domibus.core.ebms3.receiver.MSHWebservice.incoming_user_message.counter" : {
      "count" : 9
    },
    "eu.domibus.core.ebms3.receiver.handler.AbstractIncomingMessageHandler.processMessage.counter" : {
      "count" : 9
    },
    "eu.domibus.core.ebms3.receiver.handler.IncomingUserMessageHandler.around_handleNewUserMessage.counter.counter" : {
      "count" : 39
    },
    "eu.domibus.core.ebms3.sender.AbstractUserMessageSender.outgoing_user_message.counter" : {
      "count" : 1
    },
    "eu.domibus.core.ebms3.sender.MessageSenderListener.onMessage.counter" : {
      "count" : 1
    },
    "eu.domibus.core.ebms3.sender.MessageSenderService.sendUserMessage.counter" : {
      "count" : 1
    },
    "eu.domibus.core.ebms3.sender.client.MSHDispatcher.dispatch.counter" : {
      "count" : 1
    },
    "eu.domibus.core.error.ErrorLogDao.deleteMessages.deleteErrorLogsByMessageIdInError.counter" : {
      "count" : 0
    },
    "eu.domibus.core.message.MessageInfoDao.deleteMessages.counter" : {
      "count" : 0
    },
    "eu.domibus.core.message.MessageInfoDao.findSignalMessageIds.counter" : {
      "count" : 0
    },
    "eu.domibus.core.message.MessagingServiceImpl.storeMessage.counter" : {
      "count" : 0
    },
    "eu.domibus.core.message.UserMessageHandlerServiceImpl.handleNewUserMessage.counter" : {
      "count" : 0
    },
    "eu.domibus.core.message.UserMessageLogDao.deleteMessages.deleteMessageLogs.counter" : {
      "count" : 0
    },
    "eu.domibus.core.message.acknowledge.MessageAcknowledgementDao.deleteMessages.deleteMessageAcknowledgementsByMessageIds.counter" : {
      "count" : 0
    },
    "eu.domibus.core.message.attempt.MessageAttemptDao.deleteMessages.deleteAttemptsByMessageIds.counter" : {
      "count" : 0
    },
    "eu.domibus.core.message.pull.IncomingPullRequestHandler.incoming_pull_request.counter" : {
      "count" : 0
    },
    "eu.domibus.core.message.receipt.AS4ReceiptServiceImpl.generateReceipt.counter" : {
      "count" : 0
    },
    "eu.domibus.core.message.retention.MessageRetentionDefaultService.schedule_deleteExpiredMessages.counter" : {
      "count" : 0
    },
    "eu.domibus.core.message.retention.RetentionListener.onMessage.deleteMessages.counter" : {
      "count" : 0
    },
    "eu.domibus.core.message.signal.SignalMessageDao.deleteMessages.deleteReceipts.counter" : {
      "count" : 0
    },
    "eu.domibus.core.message.signal.SignalMessageLogDao.deleteMessages.deleteMessageLogs.counter" : {
      "count" : 0
    },
    "eu.domibus.core.plugin.handler.DatabaseMessageHandler.submit.counter" : {
      "count" : 0
    },
    "eu.domibus.core.plugin.notification.BackendNotificationService.notifyMessageReceived.counter" : {
      "count" : 0
    },
    "eu.domibus.core.plugin.notification.PluginAsyncNotificationListener.onMessage.counter" : {
      "count" : 0
    },
    "eu.domibus.core.pmode.validation.validators.MessagePropertyValidator.validate.counter" : {
      "count" : 0
    },
    "eu.domibus.core.replication.UIMessageDaoImpl.deleteMessages.deleteUIMessagesByMessageIds.counter" : {
      "count" : 0
    },
    "eu.domibus.core.util.SoapUtil.SoapUtil.counter" : {
      "count" : 0
    },
    "eu.domibus.plugin.jms.JMSPluginImpl.deliverMessage.counter" : {
      "count" : 0
    },
    "eu.domibus.plugin.jms.JMSPluginImpl.receiveMessage.counter" : {
      "count" : 0
    }
  },
  "histograms" : { },
  "meters" : { },
  "timers" : {
    "eu.domibus.core.ebms3.receiver.MSHWebservice.incoming_user_message.timer" : {
      "count" : 177910,
      "max" : 1.120240991,
      "mean" : 0.25320013276344217,
      "min" : 0.10296783200000001,
      "p50" : 0.22986467200000002,
      "p75" : 0.289643943,
      "p95" : 0.44041869,
      "p98" : 0.5424675130000001,
      "p99" : 0.601701178,
      "p999" : 0.9054446060000001,
      "stddev" : 0.0951908150776315,
      "m15_rate" : 58.4040084794525,
      "m1_rate" : 58.55420974992687,
      "m5_rate" : 60.846412559093004,
      "mean_rate" : 45.05589001152394,
      "duration_units" : "seconds",
      "rate_units" : "calls/second"
    },
    "eu.domibus.core.ebms3.receiver.handler.AbstractIncomingMessageHandler.processMessage.timer" : {
      "count" : 177904,
      "max" : 0.913401784,
      "mean" : 0.25158785019491303,
      "min" : 0.10294073200000001,
      "p50" : 0.228345652,
      "p75" : 0.291086159,
      "p95" : 0.42828983400000004,
      "p98" : 0.523861967,
      "p99" : 0.628964231,
      "p999" : 0.8561362680000001,
      "stddev" : 0.0940938555790568,
      "m15_rate" : 58.509850960039614,
      "m1_rate" : 58.40966684950962,
      "m5_rate" : 60.804458084441045,
      "mean_rate" : 57.899036534489504,
      "duration_units" : "seconds",
      "rate_units" : "calls/second"
    },
    "eu.domibus.core.ebms3.receiver.handler.IncomingUserMessageHandler.around_handleNewUserMessage.timer.timer" : {
      "count" : 177874,
      "max" : 0.9607347940000001,
      "mean" : 0.25348532884644637,
      "min" : 0.11521689,
      "p50" : 0.23503673900000002,
      "p75" : 0.292903789,
      "p95" : 0.434893515,
      "p98" : 0.519511398,
      "p99" : 0.6045078150000001,
      "p999" : 0.889498899,
      "stddev" : 0.09505435411916027,
      "m15_rate" : 58.49954372572388,
      "m1_rate" : 58.43782700057581,
      "m5_rate" : 60.804535960129805,
      "mean_rate" : 57.889741752500974,
      "duration_units" : "seconds",
      "rate_units" : "calls/second"
    },
    "eu.domibus.core.ebms3.sender.AbstractUserMessageSender.outgoing_user_message.timer" : {
      "count" : 177463,
      "max" : 0.256502917,
      "mean" : 0.057571065654064814,
      "min" : 0.041449635000000006,
      "p50" : 0.054645907,
      "p75" : 0.059600570000000005,
      "p95" : 0.070221109,
      "p98" : 0.08674992200000001,
      "p99" : 0.15287957700000002,
      "p999" : 0.256502917,
      "stddev" : 0.018404375304001536,
      "m15_rate" : 58.53145917276155,
      "m1_rate" : 58.66642655840341,
      "m5_rate" : 61.07200349977422,
      "mean_rate" : 58.453710044847504,
      "duration_units" : "seconds",
      "rate_units" : "calls/second"
    },
    "eu.domibus.core.ebms3.sender.MessageSenderListener.onMessage.timer" : {
      "count" : 177463,
      "max" : 0.361469663,
      "mean" : 0.06350374448012891,
      "min" : 0.046318499000000006,
      "p50" : 0.060102178000000006,
      "p75" : 0.065386445,
      "p95" : 0.07716199800000001,
      "p98" : 0.129184568,
      "p99" : 0.15818794600000002,
      "p999" : 0.25381247700000004,
      "stddev" : 0.019749216206757063,
      "m15_rate" : 58.53683402416764,
      "m1_rate" : 58.74471948199624,
      "m5_rate" : 61.088904529562505,
      "mean_rate" : 58.45135688538599,
      "duration_units" : "seconds",
      "rate_units" : "calls/second"
    },
    "eu.domibus.core.ebms3.sender.MessageSenderService.sendUserMessage.timer" : {
      "count" : 177463,
      "max" : 0.272670626,
      "mean" : 0.06319102560067563,
      "min" : 0.046873906,
      "p50" : 0.05957437,
      "p75" : 0.065017041,
      "p95" : 0.07734200000000001,
      "p98" : 0.1159942,
      "p99" : 0.152289267,
      "p999" : 0.272670626,
      "stddev" : 0.019345657059626407,
      "m15_rate" : 58.535532548412775,
      "m1_rate" : 58.728406094496435,
      "m5_rate" : 61.08503107027836,
      "mean_rate" : 58.45178039132698,
      "duration_units" : "seconds",
      "rate_units" : "calls/second"
    },
    "eu.domibus.core.ebms3.sender.client.MSHDispatcher.dispatch.timer" : {
      "count" : 177463,
      "max" : 0.26209849,
      "mean" : 0.04826267837696193,
      "min" : 0.033437331,
      "p50" : 0.046144997,
      "p75" : 0.050374751,
      "p95" : 0.059112565000000006,
      "p98" : 0.066793163,
      "p99" : 0.131642802,
      "p999" : 0.26209849,
      "stddev" : 0.01575451659324397,
      "m15_rate" : 58.531003875691944,
      "m1_rate" : 58.6689639159998,
      "m5_rate" : 61.0691127457567,
      "mean_rate" : 58.45664230159789,
      "duration_units" : "seconds",
      "rate_units" : "calls/second"
    },
    "eu.domibus.core.error.ErrorLogDao.deleteMessages.deleteErrorLogsByMessageIdInError.timer" : {
      "count" : 56,
      "max" : 0.014011987,
      "mean" : 0.004576606244675357,
      "min" : 0.002016627,
      "p50" : 0.0041244540000000005,
      "p75" : 0.007171392,
      "p95" : 0.008083305,
      "p98" : 0.008083305,
      "p99" : 0.008083305,
      "p999" : 0.008083305,
      "stddev" : 0.0018667448214698128,
      "m15_rate" : 0.25752014357410363,
      "m1_rate" : 0.008808352339431502,
      "m5_rate" : 0.026637215967135825,
      "mean_rate" : 0.0324262501117063,
      "duration_units" : "seconds",
      "rate_units" : "calls/second"
    },
    "eu.domibus.core.message.MessageInfoDao.deleteMessages.timer" : {
      "count" : 112,
      "max" : 1.349967211,
      "mean" : 0.6686987926478272,
      "min" : 0.135606679,
      "p50" : 0.421475237,
      "p75" : 1.038387796,
      "p95" : 1.311787524,
      "p98" : 1.311787524,
      "p99" : 1.311787524,
      "p999" : 1.311787524,
      "stddev" : 0.4188375086717721,
      "m15_rate" : 0.5150885710632296,
      "m1_rate" : 0.017891475013825205,
      "m5_rate" : 0.053428842668385323,
      "mean_rate" : 0.06478299154974132,
      "duration_units" : "seconds",
      "rate_units" : "calls/second"
    },
    "eu.domibus.core.message.MessageInfoDao.findSignalMessageIds.timer" : {
      "count" : 56,
      "max" : 0.39905192700000003,
      "mean" : 0.10948891130833194,
      "min" : 0.087470854,
      "p50" : 0.115153685,
      "p75" : 0.124222602,
      "p95" : 0.124446306,
      "p98" : 0.124446306,
      "p99" : 0.124446306,
      "p999" : 0.179756154,
      "stddev" : 0.014286163191482456,
      "m15_rate" : 0.2575252824182626,
      "m1_rate" : 0.008897192429794757,
      "m5_rate" : 0.026669269476348262,
      "mean_rate" : 0.03238683126776623,
      "duration_units" : "seconds",
      "rate_units" : "calls/second"
    },
    "eu.domibus.core.message.MessagingServiceImpl.storeMessage.timer" : {
      "count" : 355396,
      "max" : 0.09876177500000001,
      "mean" : 0.005090046630943494,
      "min" : 0.002748136,
      "p50" : 0.004453458,
      "p75" : 0.005059166,
      "p95" : 0.008053304,
      "p98" : 0.010909041000000001,
      "p99" : 0.013720278,
      "p999" : 0.055223714,
      "stddev" : 0.004006372527896834,
      "m15_rate" : 116.8014110664735,
      "m1_rate" : 117.01491632014067,
      "m5_rate" : 121.82843235798869,
      "mean_rate" : 115.66551905641397,
      "duration_units" : "seconds",
      "rate_units" : "calls/second"
    },
    "eu.domibus.core.message.UserMessageHandlerServiceImpl.handleNewUserMessage.timer" : {
      "count" : 177913,
      "max" : 0.341475894,
      "mean" : 0.05903687924597636,
      "min" : 0.021474577,
      "p50" : 0.048338125,
      "p75" : 0.07190553000000001,
      "p95" : 0.123452396,
      "p98" : 0.170824209,
      "p99" : 0.211587135,
      "p999" : 0.304619138,
      "stddev" : 0.037384132533330026,
      "m15_rate" : 58.50398340839417,
      "m1_rate" : 58.37489914497175,
      "m5_rate" : 60.785618169846494,
      "mean_rate" : 57.902405086378785,
      "duration_units" : "seconds",
      "rate_units" : "calls/second"
    },
    "eu.domibus.core.message.UserMessageLogDao.deleteMessages.deleteMessageLogs.timer" : {
      "count" : 56,
      "max" : 0.17933796400000002,
      "mean" : 0.06693460004574311,
      "min" : 0.051570376,
      "p50" : 0.06611905300000001,
      "p75" : 0.07042250800000001,
      "p95" : 0.08325347400000001,
      "p98" : 0.08325347400000001,
      "p99" : 0.08325347400000001,
      "p999" : 0.08325347400000001,
      "stddev" : 0.007128724677473209,
      "m15_rate" : 0.2575252824182626,
      "m1_rate" : 0.008897192429794757,
      "m5_rate" : 0.026669269476348262,
      "mean_rate" : 0.03242296758480009,
      "duration_units" : "seconds",
      "rate_units" : "calls/second"
    },
    "eu.domibus.core.message.acknowledge.MessageAcknowledgementDao.deleteMessages.deleteMessageAcknowledgementsByMessageIds.timer" : {
      "count" : 56,
      "max" : 0.012557867,
      "mean" : 0.0032758968317038407,
      "min" : 0.0019223250000000001,
      "p50" : 0.003209941,
      "p75" : 0.00464276,
      "p95" : 0.004793561,
      "p98" : 0.004793561,
      "p99" : 0.004793561,
      "p999" : 0.004793561,
      "stddev" : 0.0010373759576046493,
      "m15_rate" : 0.2575178345425806,
      "m1_rate" : 0.008808351793579115,
      "m5_rate" : 0.02663430813838433,
      "mean_rate" : 0.03242700086772589,
      "duration_units" : "seconds",
      "rate_units" : "calls/second"
    },
    "eu.domibus.core.message.attempt.MessageAttemptDao.deleteMessages.deleteAttemptsByMessageIds.timer" : {
      "count" : 56,
      "max" : 0.018284944,
      "mean" : 0.0036190911324238753,
      "min" : 0.002491633,
      "p50" : 0.003734348,
      "p75" : 0.004099653,
      "p95" : 0.004496558,
      "p98" : 0.004496558,
      "p99" : 0.004496558,
      "p999" : 0.004496558,
      "stddev" : 5.549620332613704E-4,
      "m15_rate" : 0.25752014357410363,
      "m1_rate" : 0.008808352339431502,
      "m5_rate" : 0.026637215967135825,
      "mean_rate" : 0.03242589051851648,
      "duration_units" : "seconds",
      "rate_units" : "calls/second"
    },
    "eu.domibus.core.message.pull.IncomingPullRequestHandler.incoming_pull_request.timer" : {
      "count" : 6,
      "max" : 0.48937461000000004,
      "mean" : 0.029669991039223322,
      "min" : 0.010040529000000001,
      "p50" : 0.010642337,
      "p75" : 0.014125481,
      "p95" : 0.086060706,
      "p98" : 0.086060706,
      "p99" : 0.086060706,
      "p999" : 0.086060706,
      "stddev" : 0.03195062262596501,
      "m15_rate" : 0.008058989350142261,
      "m1_rate" : 2.2127723196407458E-4,
      "m5_rate" : 0.004257992998893849,
      "mean_rate" : 0.001519506887193534,
      "duration_units" : "seconds",
      "rate_units" : "calls/second"
    },
    "eu.domibus.core.message.receipt.AS4ReceiptServiceImpl.generateReceipt.timer" : {
      "count" : 177900,
      "max" : 0.154576286,
      "mean" : 0.025657578859604326,
      "min" : 0.01470419,
      "p50" : 0.022532891000000003,
      "p75" : 0.028465168000000002,
      "p95" : 0.042917054,
      "p98" : 0.055303016,
      "p99" : 0.065199743,
      "p999" : 0.115500793,
      "stddev" : 0.01088497171234514,
      "m15_rate" : 58.50317237378234,
      "m1_rate" : 58.335306874603575,
      "m5_rate" : 60.77382257617807,
      "mean_rate" : 57.90128271902515,
      "duration_units" : "seconds",
      "rate_units" : "calls/second"
    },
    "eu.domibus.core.message.retention.MessageRetentionDefaultService.schedule_deleteExpiredMessages.timer" : {
      "count" : 10,
      "max" : 8.5359107,
      "mean" : 6.738008393299094,
      "min" : 0.49070941,
      "p50" : 6.73461478,
      "p75" : 6.73461478,
      "p95" : 6.73461478,
      "p98" : 6.73461478,
      "p99" : 6.73461478,
      "p999" : 8.5359107,
      "stddev" : 0.07822932088575255,
      "m15_rate" : 0.0077471223843663195,
      "m1_rate" : 0.0011121380471691535,
      "m5_rate" : 0.0026999002263343105,
      "mean_rate" : 0.002984471758873622,
      "duration_units" : "seconds",
      "rate_units" : "calls/second"
    },
    "eu.domibus.core.message.retention.RetentionListener.onMessage.deleteMessages.timer" : {
      "count" : 56,
      "max" : 2.928058402,
      "mean" : 1.8978688173483595,
      "min" : 1.6613341320000001,
      "p50" : 1.920240573,
      "p75" : 2.027830761,
      "p95" : 2.165629538,
      "p98" : 2.165629538,
      "p99" : 2.165629538,
      "p999" : 2.165629538,
      "stddev" : 0.16927518631553418,
      "m15_rate" : 0.1987278447144311,
      "m1_rate" : 0.009090667134094628,
      "m5_rate" : 0.025504400126563197,
      "mean_rate" : 0.03238618997964699,
      "duration_units" : "seconds",
      "rate_units" : "calls/second"
    },
    "eu.domibus.core.message.signal.SignalMessageDao.deleteMessages.deleteReceipts.timer" : {
      "count" : 56,
      "max" : 0.956510324,
      "mean" : 0.22261025236285328,
      "min" : 0.16203479,
      "p50" : 0.21698649900000003,
      "p75" : 0.24083320700000002,
      "p95" : 0.36886085900000004,
      "p98" : 0.36886085900000004,
      "p99" : 0.36886085900000004,
      "p999" : 0.431290149,
      "stddev" : 0.062086152822335934,
      "m15_rate" : 0.25753241096379076,
      "m1_rate" : 0.008897280482797053,
      "m5_rate" : 0.02667898444707576,
      "mean_rate" : 0.03241236337280474,
      "duration_units" : "seconds",
      "rate_units" : "calls/second"
    },
    "eu.domibus.core.message.signal.SignalMessageLogDao.deleteMessages.deleteMessageLogs.timer" : {
      "count" : 56,
      "max" : 0.117430748,
      "mean" : 0.06037078199271595,
      "min" : 0.043149766000000006,
      "p50" : 0.056633331,
      "p75" : 0.061173989000000005,
      "p95" : 0.09304000000000001,
      "p98" : 0.09304000000000001,
      "p99" : 0.09304000000000001,
      "p999" : 0.09304000000000001,
      "stddev" : 0.013555503427900073,
      "m15_rate" : 0.2575252824182626,
      "m1_rate" : 0.008897192429794757,
      "m5_rate" : 0.026669269476348262,
      "mean_rate" : 0.03242429269755293,
      "duration_units" : "seconds",
      "rate_units" : "calls/second"
    },
    "eu.domibus.core.plugin.handler.DatabaseMessageHandler.submit.timer" : {
      "count" : 177496,
      "max" : 0.28084902,
      "mean" : 0.046411198136175925,
      "min" : 0.0077247,
      "p50" : 0.05340309100000001,
      "p75" : 0.072279435,
      "p95" : 0.10882520600000001,
      "p98" : 0.135267249,
      "p99" : 0.161156284,
      "p999" : 0.247051494,
      "stddev" : 0.03817412380391355,
      "m15_rate" : 58.52332949414156,
      "m1_rate" : 58.581486858248546,
      "m5_rate" : 61.03579003921316,
      "mean_rate" : 58.4569306439209,
      "duration_units" : "seconds",
      "rate_units" : "calls/second"
    },
    "eu.domibus.core.plugin.notification.BackendNotificationService.notifyMessageReceived.timer" : {
      "count" : 177900,
      "max" : 0.191304466,
      "mean" : 0.02495485884890028,
      "min" : 3.74005E-4,
      "p50" : 0.015443799000000001,
      "p75" : 0.038303695000000006,
      "p95" : 0.08142595200000001,
      "p98" : 0.111160136,
      "p99" : 0.140678518,
      "p999" : 0.16966309400000001,
      "stddev" : 0.030073520494469187,
      "m15_rate" : 58.499979228536894,
      "m1_rate" : 58.30600446189271,
      "m5_rate" : 60.76669139497089,
      "mean_rate" : 57.89961849689192,
      "duration_units" : "seconds",
      "rate_units" : "calls/second"
    },
    "eu.domibus.core.plugin.notification.PluginAsyncNotificationListener.onMessage.timer" : {
      "count" : 177498,
      "max" : 0.48954871600000005,
      "mean" : 0.04980469400613546,
      "min" : 0.008094405,
      "p50" : 0.055951323000000004,
      "p75" : 0.07357575100000001,
      "p95" : 0.11777712100000001,
      "p98" : 0.16062647600000002,
      "p99" : 0.17406085000000002,
      "p999" : 0.230624773,
      "stddev" : 0.04063147029669366,
      "m15_rate" : 58.39849789683004,
      "m1_rate" : 58.37162508868238,
      "m5_rate" : 60.94478980104014,
      "mean_rate" : 57.77852031778773,
      "duration_units" : "seconds",
      "rate_units" : "calls/second"
    },
    "eu.domibus.core.pmode.validation.validators.MessagePropertyValidator.validate.timer" : {
      "count" : 355396,
      "max" : 2.0101000000000003E-5,
      "mean" : 1.3746437226773868E-6,
      "min" : 6.000000000000001E-7,
      "p50" : 1.3E-6,
      "p75" : 1.6000000000000001E-6,
      "p95" : 2.1000000000000002E-6,
      "p98" : 2.3E-6,
      "p99" : 2.4000000000000003E-6,
      "p999" : 1.67E-5,
      "stddev" : 7.326870683096929E-7,
      "m15_rate" : 116.80192712823202,
      "m1_rate" : 117.02645263663487,
      "m5_rate" : 121.83032034271426,
      "mean_rate" : 115.66508248037015,
      "duration_units" : "seconds",
      "rate_units" : "calls/second"
    },
    "eu.domibus.core.replication.UIMessageDaoImpl.deleteMessages.deleteUIMessagesByMessageIds.timer" : {
      "count" : 112,
      "max" : 0.016420019,
      "mean" : 0.002878586424990879,
      "min" : 0.0017915230000000002,
      "p50" : 0.0031434410000000003,
      "p75" : 0.003417044,
      "p95" : 0.00389835,
      "p98" : 0.00389835,
      "p99" : 0.00389835,
      "p999" : 0.00389835,
      "stddev" : 6.327485217829049E-4,
      "m15_rate" : 0.5150356690851612,
      "m1_rate" : 0.01761670358715823,
      "m5_rate" : 0.05326861627676866,
      "mean_rate" : 0.06485294549267194,
      "duration_units" : "seconds",
      "rate_units" : "calls/second"
    },
    "eu.domibus.core.util.SoapUtil.logMessage.timer" : {
      "count" : 177900,
      "max" : 9.2E-6,
      "mean" : 8.615164561252912E-7,
      "min" : 3.0000000000000004E-7,
      "p50" : 8.000000000000001E-7,
      "p75" : 1.0000000000000002E-6,
      "p95" : 1.3E-6,
      "p98" : 1.5E-6,
      "p99" : 1.7E-6,
      "p999" : 9.2E-6,
      "stddev" : 4.827543223418632E-7,
      "m15_rate" : 58.49811153179286,
      "m1_rate" : 58.299742409482825,
      "m5_rate" : 60.76172148045606,
      "mean_rate" : 57.89821789465732,
      "duration_units" : "seconds",
      "rate_units" : "calls/second"
    },
    "eu.domibus.plugin.jms.JMSPluginImpl.deliverMessage.timer" : {
      "count" : 177498,
      "max" : 0.32432409300000004,
      "mean" : 0.048856170657523366,
      "min" : 0.007651899,
      "p50" : 0.056123226000000005,
      "p75" : 0.07285464200000001,
      "p95" : 0.108042197,
      "p98" : 0.15830734700000001,
      "p99" : 0.183365671,
      "p999" : 0.263383594,
      "stddev" : 0.04039460853398211,
      "m15_rate" : 58.40192682283185,
      "m1_rate" : 58.42056034886918,
      "m5_rate" : 60.954982552090854,
      "mean_rate" : 57.77880034919279,
      "duration_units" : "seconds",
      "rate_units" : "calls/second"
    },
    "eu.domibus.plugin.jms.JMSPluginImpl.receiveMessage.timer" : {
      "count" : 177496,
      "max" : 0.8383725700000001,
      "mean" : 0.07807086355824966,
      "min" : 0.008909115,
      "p50" : 0.066869064,
      "p75" : 0.13225441000000002,
      "p95" : 0.201620607,
      "p98" : 0.275693964,
      "p99" : 0.31260173700000005,
      "p999" : 0.411300317,
      "stddev" : 0.07355657967736187,
      "m15_rate" : 58.52878804590353,
      "m1_rate" : 58.62855077456436,
      "m5_rate" : 61.05234910906911,
      "mean_rate" : 58.45665965155871,
      "duration_units" : "seconds",
      "rate_units" : "calls/second"
    }
  }
}