{
  "version" : "4.0.0",
  "gauges" : { },
  "counters" : {
    "eu.domibus.core.ebms3.receiver.MSHWebservice.incoming_user_message.counter" : {
      "count" : 30
    },
    "eu.domibus.core.ebms3.receiver.handler.AbstractIncomingMessageHandler.processMessage.counter" : {
      "count" : 30
    },
    "eu.domibus.core.ebms3.receiver.handler.IncomingUserMessageHandler.around_handleNewUserMessage.counter.counter" : {
      "count" : 60
    },
    "eu.domibus.core.ebms3.sender.AbstractUserMessageSender.outgoing_user_message.counter" : {
      "count" : 13
    },
    "eu.domibus.core.ebms3.sender.MessageSenderListener.onMessage.counter" : {
      "count" : 15
    },
    "eu.domibus.core.ebms3.sender.MessageSenderService.sendUserMessage.counter" : {
      "count" : 15
    },
    "eu.domibus.core.ebms3.sender.client.MSHDispatcher.dispatch.counter" : {
      "count" : 13
    },
    "eu.domibus.core.error.ErrorLogDao.deleteMessages.deleteErrorLogsByMessageIdInError.counter" : {
      "count" : 0
    },
    "eu.domibus.core.message.MessageInfoDao.deleteMessages.counter" : {
      "count" : 0
    },
    "eu.domibus.core.message.MessageInfoDao.findSignalMessageIds.counter" : {
      "count" : 0
    },
    "eu.domibus.core.message.MessagingServiceImpl.storeMessage.counter" : {
      "count" : 0
    },
    "eu.domibus.core.message.UserMessageHandlerServiceImpl.handleNewUserMessage.counter" : {
      "count" : 17
    },
    "eu.domibus.core.message.UserMessageLogDao.deleteMessages.deleteMessageLogs.counter" : {
      "count" : 0
    },
    "eu.domibus.core.message.acknowledge.MessageAcknowledgementDao.deleteMessages.deleteMessageAcknowledgementsByMessageIds.counter" : {
      "count" : 0
    },
    "eu.domibus.core.message.attempt.MessageAttemptDao.deleteMessages.deleteAttemptsByMessageIds.counter" : {
      "count" : 0
    },
    "eu.domibus.core.message.pull.IncomingPullRequestHandler.incoming_pull_request.counter" : {
      "count" : 0
    },
    "eu.domibus.core.message.receipt.AS4ReceiptServiceImpl.generateReceipt.counter" : {
      "count" : 7
    },
    "eu.domibus.core.message.retention.MessageRetentionDefaultService.schedule_deleteExpiredMessages.counter" : {
      "count" : 0
    },
    "eu.domibus.core.message.retention.RetentionListener.onMessage.deleteMessages.counter" : {
      "count" : 0
    },
    "eu.domibus.core.message.signal.SignalMessageDao.deleteMessages.deleteReceipts.counter" : {
      "count" : 0
    },
    "eu.domibus.core.message.signal.SignalMessageLogDao.deleteMessages.deleteMessageLogs.counter" : {
      "count" : 0
    },
    "eu.domibus.core.plugin.handler.DatabaseMessageHandler.submit.counter" : {
      "count" : 2
    },
    "eu.domibus.core.plugin.notification.BackendNotificationService.notifyMessageReceived.counter" : {
      "count" : 9
    },
    "eu.domibus.core.plugin.notification.PluginAsyncNotificationListener.onMessage.counter" : {
      "count" : 2
    },
    "eu.domibus.core.pmode.validation.validators.MessagePropertyValidator.validate.counter" : {
      "count" : 0
    },
    "eu.domibus.core.replication.UIMessageDaoImpl.deleteMessages.deleteUIMessagesByMessageIds.counter" : {
      "count" : 0
    },
    "eu.domibus.core.util.SoapUtil.SoapUtil.counter" : {
      "count" : 0
    },
    "eu.domibus.plugin.jms.JMSPluginImpl.deliverMessage.counter" : {
      "count" : 2
    },
    "eu.domibus.plugin.jms.JMSPluginImpl.receiveMessage.counter" : {
      "count" : 7
    }
  },
  "histograms" : { },
  "meters" : { },
  "timers" : {
    "eu.domibus.core.ebms3.receiver.MSHWebservice.incoming_user_message.timer" : {
      "count" : 202592,
      "max" : 1.29388695,
      "mean" : 0.42541609974999156,
      "min" : 0.156997352,
      "p50" : 0.408430359,
      "p75" : 0.47748090200000004,
      "p95" : 0.6016996640000001,
      "p98" : 0.7484944960000001,
      "p99" : 0.9640710560000001,
      "p999" : 1.215263875,
      "stddev" : 0.11875260689157326,
      "m15_rate" : 60.58018126043845,
      "m1_rate" : 62.144278285027944,
      "m5_rate" : 62.09862594494177,
      "mean_rate" : 48.22573183678694,
      "duration_units" : "seconds",
      "rate_units" : "calls/second"
    },
    "eu.domibus.core.ebms3.receiver.handler.AbstractIncomingMessageHandler.processMessage.timer" : {
      "count" : 202579,
      "max" : 1.214712178,
      "mean" : 0.43483508889907935,
      "min" : 0.14368746500000001,
      "p50" : 0.420435581,
      "p75" : 0.490591908,
      "p95" : 0.592554922,
      "p98" : 0.76739437,
      "p99" : 0.964053856,
      "p999" : 1.208073624,
      "stddev" : 0.11964841038789405,
      "m15_rate" : 60.63212268940339,
      "m1_rate" : 62.24408180981059,
      "m5_rate" : 62.1136868911471,
      "mean_rate" : 60.9079437222424,
      "duration_units" : "seconds",
      "rate_units" : "calls/second"
    },
    "eu.domibus.core.ebms3.receiver.handler.IncomingUserMessageHandler.around_handleNewUserMessage.timer.timer" : {
      "count" : 202549,
      "max" : 1.292307861,
      "mean" : 0.42135295531104977,
      "min" : 0.15233438300000002,
      "p50" : 0.408720059,
      "p75" : 0.47144695400000003,
      "p95" : 0.576341333,
      "p98" : 0.688980279,
      "p99" : 0.7697390310000001,
      "p999" : 1.225655305,
      "stddev" : 0.1076632598169748,
      "m15_rate" : 60.62089846505967,
      "m1_rate" : 62.224150206548565,
      "m5_rate" : 62.106159717469495,
      "mean_rate" : 60.899355997338915,
      "duration_units" : "seconds",
      "rate_units" : "calls/second"
    },
    "eu.domibus.core.ebms3.sender.AbstractUserMessageSender.outgoing_user_message.timer" : {
      "count" : 202276,
      "max" : 0.27823764700000003,
      "mean" : 0.05958181203060767,
      "min" : 0.044131305,
      "p50" : 0.057652314,
      "p75" : 0.062887179,
      "p95" : 0.07284731200000001,
      "p98" : 0.079754566,
      "p99" : 0.132484811,
      "p999" : 0.23861210500000002,
      "stddev" : 0.014640202300664842,
      "m15_rate" : 60.73971940297202,
      "m1_rate" : 61.65028529793658,
      "m5_rate" : 62.204343840870855,
      "mean_rate" : 61.49939486490532,
      "duration_units" : "seconds",
      "rate_units" : "calls/second"
    },
    "eu.domibus.core.ebms3.sender.MessageSenderListener.onMessage.timer" : {
      "count" : 202276,
      "max" : 0.38918273400000003,
      "mean" : 0.08114964385950578,
      "min" : 0.046251192,
      "p50" : 0.066125458,
      "p75" : 0.081004957,
      "p95" : 0.165213891,
      "p98" : 0.185950151,
      "p99" : 0.212550376,
      "p999" : 0.313188116,
      "stddev" : 0.03696808098162841,
      "m15_rate" : 60.741522204547024,
      "m1_rate" : 61.690966085288714,
      "m5_rate" : 62.210000621255716,
      "mean_rate" : 61.49791499222334,
      "duration_units" : "seconds",
      "rate_units" : "calls/second"
    },
    "eu.domibus.core.ebms3.sender.MessageSenderService.sendUserMessage.timer" : {
      "count" : 202276,
      "max" : 0.37453339300000005,
      "mean" : 0.0809700719914547,
      "min" : 0.047360986,
      "p50" : 0.066470955,
      "p75" : 0.07931236900000001,
      "p95" : 0.163326104,
      "p98" : 0.186771447,
      "p99" : 0.22476009700000002,
      "p999" : 0.347974074,
      "stddev" : 0.03891477018857414,
      "m15_rate" : 60.742171705084495,
      "m1_rate" : 61.687086239738406,
      "m5_rate" : 62.2111409580261,
      "mean_rate" : 61.498608752746115,
      "duration_units" : "seconds",
      "rate_units" : "calls/second"
    },
    "eu.domibus.core.ebms3.sender.client.MSHDispatcher.dispatch.timer" : {
      "count" : 202276,
      "max" : 0.37261224800000003,
      "mean" : 0.04940908395716704,
      "min" : 0.034727767,
      "p50" : 0.04762268,
      "p75" : 0.052220850000000006,
      "p95" : 0.060750993,
      "p98" : 0.07228601400000001,
      "p99" : 0.102652112,
      "p999" : 0.231710349,
      "stddev" : 0.013212376067526644,
      "m15_rate" : 60.74102537831538,
      "m1_rate" : 61.6721725906728,
      "m5_rate" : 62.20787654450843,
      "mean_rate" : 61.5020008637611,
      "duration_units" : "seconds",
      "rate_units" : "calls/second"
    },
    "eu.domibus.core.error.ErrorLogDao.deleteMessages.deleteErrorLogsByMessageIdInError.timer" : {
      "count" : 88,
      "max" : 0.019309257,
      "mean" : 0.0034784656519916326,
      "min" : 0.0021679860000000002,
      "p50" : 0.0034667770000000003,
      "p75" : 0.0035639770000000003,
      "p95" : 0.004458771,
      "p98" : 0.006889155,
      "p99" : 0.007314852,
      "p999" : 0.007314852,
      "stddev" : 9.243684788656838E-4,
      "m15_rate" : 0.1589414500207286,
      "m1_rate" : 0.011546821670031168,
      "m5_rate" : 0.04854201819291229,
      "mean_rate" : 0.03762489989312192,
      "duration_units" : "seconds",
      "rate_units" : "calls/second"
    },
    "eu.domibus.core.message.MessageInfoDao.deleteMessages.timer" : {
      "count" : 176,
      "max" : 3.151192705,
      "mean" : 0.6683040246060549,
      "min" : 0.128667984,
      "p50" : 0.43664458100000003,
      "p75" : 0.9659910140000001,
      "p95" : 1.38335619,
      "p98" : 2.3934044890000004,
      "p99" : 3.151192705,
      "p999" : 3.151192705,
      "stddev" : 0.5607408188793527,
      "m15_rate" : 0.28654183356277907,
      "m1_rate" : 0.021885799722221023,
      "m5_rate" : 0.09583229335673325,
      "mean_rate" : 0.0751880966179433,
      "duration_units" : "seconds",
      "rate_units" : "calls/second"
    },
    "eu.domibus.core.message.MessageInfoDao.findSignalMessageIds.timer" : {
      "count" : 88,
      "max" : 0.41663691700000005,
      "mean" : 0.13166383129622133,
      "min" : 0.076689801,
      "p50" : 0.111657767,
      "p75" : 0.156643965,
      "p95" : 0.27841935900000003,
      "p98" : 0.27841935900000003,
      "p99" : 0.27841935900000003,
      "p999" : 0.27841935900000003,
      "stddev" : 0.061555382567850585,
      "m15_rate" : 0.1580951373211508,
      "m1_rate" : 0.010816837003244316,
      "m5_rate" : 0.04790343927800758,
      "mean_rate" : 0.037587960823537485,
      "duration_units" : "seconds",
      "rate_units" : "calls/second"
    },
    "eu.domibus.core.message.MessagingServiceImpl.storeMessage.timer" : {
      "count" : 404940,
      "max" : 0.114149436,
      "mean" : 0.006356024582992571,
      "min" : 0.0031036790000000002,
      "p50" : 0.005224965000000001,
      "p75" : 0.006934353000000001,
      "p95" : 0.011740622000000001,
      "p98" : 0.016071992,
      "p99" : 0.01783008,
      "p999" : 0.073174712,
      "stddev" : 0.0047378661154382625,
      "m15_rate" : 121.26729501334853,
      "m1_rate" : 124.01287661730723,
      "m5_rate" : 124.33644022217176,
      "mean_rate" : 121.75182093320124,
      "duration_units" : "seconds",
      "rate_units" : "calls/second"
    },
    "eu.domibus.core.message.UserMessageHandlerServiceImpl.handleNewUserMessage.timer" : {
      "count" : 202592,
      "max" : 0.64149886,
      "mean" : 0.12490187540024267,
      "min" : 0.026722321,
      "p50" : 0.124594964,
      "p75" : 0.152568379,
      "p95" : 0.22683037700000003,
      "p98" : 0.275251254,
      "p99" : 0.30073648000000003,
      "p999" : 0.393974364,
      "stddev" : 0.05550741914227049,
      "m15_rate" : 60.624621250889035,
      "m1_rate" : 62.12464578619391,
      "m5_rate" : 62.088486261667185,
      "mean_rate" : 60.91225130375036,
      "duration_units" : "seconds",
      "rate_units" : "calls/second"
    },
    "eu.domibus.core.message.UserMessageLogDao.deleteMessages.deleteMessageLogs.timer" : {
      "count" : 88,
      "max" : 0.194769459,
      "mean" : 0.06594324530291173,
      "min" : 0.052951050000000006,
      "p50" : 0.06120779900000001,
      "p75" : 0.06917524900000001,
      "p95" : 0.08792002700000001,
      "p98" : 0.097545159,
      "p99" : 0.097545159,
      "p999" : 0.11456086,
      "stddev" : 0.012199564556671436,
      "m15_rate" : 0.15895931528728952,
      "m1_rate" : 0.011653432421915423,
      "m5_rate" : 0.04861884713513389,
      "mean_rate" : 0.03762071316130536,
      "duration_units" : "seconds",
      "rate_units" : "calls/second"
    },
    "eu.domibus.core.message.acknowledge.MessageAcknowledgementDao.deleteMessages.deleteMessageAcknowledgementsByMessageIds.timer" : {
      "count" : 88,
      "max" : 0.014198495,
      "mean" : 0.0038290325234079897,
      "min" : 0.001977586,
      "p50" : 0.003375678,
      "p75" : 0.003896575,
      "p95" : 0.010449331000000001,
      "p98" : 0.010449331000000001,
      "p99" : 0.010449331000000001,
      "p999" : 0.010449331000000001,
      "stddev" : 0.0021294240112033304,
      "m15_rate" : 0.15894060996154144,
      "m1_rate" : 0.011546821670031022,
      "m5_rate" : 0.04854187816684295,
      "mean_rate" : 0.03762559210187279,
      "duration_units" : "seconds",
      "rate_units" : "calls/second"
    },
    "eu.domibus.core.message.attempt.MessageAttemptDao.deleteMessages.deleteAttemptsByMessageIds.timer" : {
      "count" : 88,
      "max" : 0.028946485,
      "mean" : 0.003231598625460912,
      "min" : 0.002153486,
      "p50" : 0.0032942790000000002,
      "p75" : 0.0035915760000000004,
      "p95" : 0.004078773,
      "p98" : 0.004078773,
      "p99" : 0.005431765000000001,
      "p999" : 0.005431765000000001,
      "stddev" : 5.865526511050115E-4,
      "m15_rate" : 0.1589414500207286,
      "m1_rate" : 0.011546821670031168,
      "m5_rate" : 0.04854201819291229,
      "mean_rate" : 0.03762441691783817,
      "duration_units" : "seconds",
      "rate_units" : "calls/second"
    },
    "eu.domibus.core.message.pull.IncomingPullRequestHandler.incoming_pull_request.timer" : {
      "count" : 13,
      "max" : 0.47321025600000005,
      "mean" : 0.06705810293421274,
      "min" : 0.009397942000000001,
      "p50" : 0.020702972,
      "p75" : 0.09622820900000001,
      "p95" : 0.19203912,
      "p98" : 0.19203912,
      "p99" : 0.19203912,
      "p999" : 0.19203912,
      "stddev" : 0.0696259494293639,
      "m15_rate" : 0.017977098048330385,
      "m1_rate" : 3.693069916825547E-6,
      "m5_rate" : 0.0022457670852959804,
      "mean_rate" : 0.0030945679169895345,
      "duration_units" : "seconds",
      "rate_units" : "calls/second"
    },
    "eu.domibus.core.message.receipt.AS4ReceiptServiceImpl.generateReceipt.timer" : {
      "count" : 202581,
      "max" : 0.15412077300000002,
      "mean" : 0.02945765194788194,
      "min" : 0.016165192000000002,
      "p50" : 0.026114825,
      "p75" : 0.032692681,
      "p95" : 0.048322176,
      "p98" : 0.06489676400000001,
      "p99" : 0.097173249,
      "p999" : 0.139790265,
      "stddev" : 0.012726383370864172,
      "m15_rate" : 60.6210453781898,
      "m1_rate" : 62.1059876381181,
      "m5_rate" : 62.08577229488732,
      "mean_rate" : 60.91167085294831,
      "duration_units" : "seconds",
      "rate_units" : "calls/second"
    },
    "eu.domibus.core.message.retention.MessageRetentionDefaultService.schedule_deleteExpiredMessages.timer" : {
      "count" : 17,
      "max" : 8.610182696,
      "mean" : 8.259655556349182,
      "min" : 0.22059636800000001,
      "p50" : 8.610182696,
      "p75" : 8.610182696,
      "p95" : 8.610182696,
      "p98" : 8.610182696,
      "p99" : 8.610182696,
      "p999" : 8.610182696,
      "stddev" : 0.7458323951816931,
      "m15_rate" : 0.007387683445974844,
      "m1_rate" : 0.0014606630665324118,
      "m5_rate" : 0.006004946583443893,
      "mean_rate" : 0.004225335858370521,
      "duration_units" : "seconds",
      "rate_units" : "calls/second"
    },
    "eu.domibus.core.message.retention.RetentionListener.onMessage.deleteMessages.timer" : {
      "count" : 88,
      "max" : 5.081132028000001,
      "mean" : 2.0149159808733486,
      "min" : 1.402168096,
      "p50" : 1.7208238230000001,
      "p75" : 1.8481107620000001,
      "p95" : 4.547412346000001,
      "p98" : 5.081132028000001,
      "p99" : 5.081132028000001,
      "p999" : 5.081132028000001,
      "stddev" : 0.8147114087259193,
      "m15_rate" : 0.11359104817456282,
      "m1_rate" : 0.011063343235548329,
      "m5_rate" : 0.04784658131731195,
      "mean_rate" : 0.03758709785393057,
      "duration_units" : "seconds",
      "rate_units" : "calls/second"
    },
    "eu.domibus.core.message.signal.SignalMessageDao.deleteMessages.deleteReceipts.timer" : {
      "count" : 88,
      "max" : 2.291634637,
      "mean" : 0.3179041603819042,
      "min" : 0.160763337,
      "p50" : 0.19629380200000002,
      "p75" : 0.21169600000000002,
      "p95" : 1.386954688,
      "p98" : 1.455547943,
      "p99" : 1.455547943,
      "p999" : 1.455547943,
      "stddev" : 0.3322014433654741,
      "m15_rate" : 0.15897639923687362,
      "m1_rate" : 0.011773011760029845,
      "m5_rate" : 0.04869779678462949,
      "mean_rate" : 0.03761674150863438,
      "duration_units" : "seconds",
      "rate_units" : "calls/second"
    },
    "eu.domibus.core.message.signal.SignalMessageLogDao.deleteMessages.deleteMessageLogs.timer" : {
      "count" : 88,
      "max" : 0.18694101700000001,
      "mean" : 0.05612035756192288,
      "min" : 0.039609607000000005,
      "p50" : 0.055500633,
      "p75" : 0.058527316,
      "p95" : 0.076493398,
      "p98" : 0.082175869,
      "p99" : 0.08280986,
      "p999" : 0.08280986,
      "stddev" : 0.010647359302512139,
      "m15_rate" : 0.15894561086112127,
      "m1_rate" : 0.011550565732896777,
      "m5_rate" : 0.04855903281906104,
      "mean_rate" : 0.037622748303560306,
      "duration_units" : "seconds",
      "rate_units" : "calls/second"
    },
    "eu.domibus.core.plugin.handler.DatabaseMessageHandler.submit.timer" : {
      "count" : 202341,
      "max" : 0.776555836,
      "mean" : 0.11334039785481255,
      "min" : 0.010538130000000001,
      "p50" : 0.105037695,
      "p75" : 0.12743284700000002,
      "p95" : 0.216739851,
      "p98" : 0.23299893700000002,
      "p99" : 0.261446552,
      "p999" : 0.48006459100000004,
      "stddev" : 0.052277502213464805,
      "m15_rate" : 60.7454967071221,
      "m1_rate" : 61.68296328022437,
      "m5_rate" : 62.20904964010603,
      "mean_rate" : 61.51305512292444,
      "duration_units" : "seconds",
      "rate_units" : "calls/second"
    },
    "eu.domibus.core.plugin.notification.BackendNotificationService.notifyMessageReceived.timer" : {
      "count" : 202588,
      "max" : 0.368811534,
      "mean" : 0.07511602464786647,
      "min" : 4.63997E-4,
      "p50" : 0.074012004,
      "p75" : 0.10192421600000001,
      "p95" : 0.13854477,
      "p98" : 0.20431742800000002,
      "p99" : 0.214305761,
      "p999" : 0.36853693600000004,
      "stddev" : 0.04607051948712915,
      "m15_rate" : 60.618446049878855,
      "m1_rate" : 62.08511120885975,
      "m5_rate" : 62.07940946963825,
      "mean_rate" : 60.912388303212055,
      "duration_units" : "seconds",
      "rate_units" : "calls/second"
    },
    "eu.domibus.core.plugin.notification.PluginAsyncNotificationListener.onMessage.timer" : {
      "count" : 202386,
      "max" : 0.42114741600000005,
      "mean" : 0.11579264337800373,
      "min" : 0.009844134000000001,
      "p50" : 0.10442670000000001,
      "p75" : 0.12837283900000002,
      "p95" : 0.22196641,
      "p98" : 0.254922396,
      "p99" : 0.27953293100000004,
      "p999" : 0.29987629400000004,
      "stddev" : 0.0499723133306703,
      "m15_rate" : 60.70071704065776,
      "m1_rate" : 61.67857241553681,
      "m5_rate" : 62.20788000147366,
      "mean_rate" : 60.860883509389566,
      "duration_units" : "seconds",
      "rate_units" : "calls/second"
    },
    "eu.domibus.core.pmode.validation.validators.MessagePropertyValidator.validate.timer" : {
      "count" : 404940,
      "max" : 2.6799000000000002E-5,
      "mean" : 1.4311979114379166E-6,
      "min" : 5.000000000000001E-7,
      "p50" : 1.1E-6,
      "p75" : 1.3E-6,
      "p95" : 2.4000000000000003E-6,
      "p98" : 2.9E-6,
      "p99" : 1.6400000000000002E-5,
      "p999" : 2.6799000000000002E-5,
      "stddev" : 2.0867245188812815E-6,
      "m15_rate" : 121.26796709886861,
      "m1_rate" : 124.0175152361982,
      "m5_rate" : 124.3382555525696,
      "mean_rate" : 121.75132828600262,
      "duration_units" : "seconds",
      "rate_units" : "calls/second"
    },
    "eu.domibus.core.replication.UIMessageDaoImpl.deleteMessages.deleteUIMessagesByMessageIds.timer" : {
      "count" : 176,
      "max" : 0.021387842,
      "mean" : 0.002908596040349073,
      "min" : 0.0017442870000000002,
      "p50" : 0.002813182,
      "p75" : 0.003310978,
      "p95" : 0.004125773,
      "p98" : 0.004330672000000001,
      "p99" : 0.004330672000000001,
      "p999" : 0.005527364000000001,
      "stddev" : 6.278283793264996E-4,
      "m15_rate" : 0.3178829000414572,
      "m1_rate" : 0.023093643340062336,
      "m5_rate" : 0.09708403638582458,
      "mean_rate" : 0.07525033653298953,
      "duration_units" : "seconds",
      "rate_units" : "calls/second"
    },
    "eu.domibus.core.util.SoapUtil.logMessage.timer" : {
      "count" : 202597,
      "max" : 2.3119900000000002E-4,
      "mean" : 1.2636256064726435E-6,
      "min" : 3.0000000000000004E-7,
      "p50" : 6.000000000000001E-7,
      "p75" : 7.000000000000001E-7,
      "p95" : 1.3E-6,
      "p98" : 1.6000000000000001E-6,
      "p99" : 6.8E-6,
      "p999" : 2.3119900000000002E-4,
      "stddev" : 1.0051445624016684E-5,
      "m15_rate" : 60.63243507932834,
      "m1_rate" : 62.27548385657211,
      "m5_rate" : 62.12110056548342,
      "mean_rate" : 60.9137855143536,
      "duration_units" : "seconds",
      "rate_units" : "calls/second"
    },
    "eu.domibus.plugin.jms.JMSPluginImpl.deliverMessage.timer" : {
      "count" : 202386,
      "max" : 0.6855804160000001,
      "mean" : 0.1146954159341132,
      "min" : 0.009334138,
      "p50" : 0.103941503,
      "p75" : 0.124732563,
      "p95" : 0.21956883200000002,
      "p98" : 0.258334473,
      "p99" : 0.284683297,
      "p999" : 0.410330271,
      "stddev" : 0.05271931172167803,
      "m15_rate" : 60.700002062879754,
      "m1_rate" : 61.670437727819156,
      "m5_rate" : 62.20598806253473,
      "mean_rate" : 60.86110025067188,
      "duration_units" : "seconds",
      "rate_units" : "calls/second"
    },
    "eu.domibus.plugin.jms.JMSPluginImpl.receiveMessage.timer" : {
      "count" : 202336,
      "max" : 0.8014849420000001,
      "mean" : 0.20387391961050327,
      "min" : 0.011287824,
      "p50" : 0.19917526400000002,
      "p75" : 0.23622261500000002,
      "p95" : 0.328704202,
      "p98" : 0.417857607,
      "p99" : 0.44530852200000004,
      "p999" : 0.749736988,
      "stddev" : 0.07753000593150577,
      "m15_rate" : 60.74927954542456,
      "m1_rate" : 61.714742813632846,
      "m5_rate" : 62.220504201049096,
      "mean_rate" : 61.51082785341355,
      "duration_units" : "seconds",
      "rate_units" : "calls/second"
    }
  }
}