{
  "version" : "4.0.0",
  "gauges" : { },
  "counters" : {
    "eu.domibus.core.ebms3.receiver.MSHWebservice.incoming_user_message.counter" : {
      "count" : 30
    },
    "eu.domibus.core.ebms3.receiver.handler.AbstractIncomingMessageHandler.processMessage.counter" : {
      "count" : 30
    },
    "eu.domibus.core.ebms3.receiver.handler.IncomingUserMessageHandler.around_handleNewUserMessage.counter.counter" : {
      "count" : 60
    },
    "eu.domibus.core.ebms3.sender.AbstractUserMessageSender.outgoing_user_message.counter" : {
      "count" : 0
    },
    "eu.domibus.core.ebms3.sender.MessageSenderListener.onMessage.counter" : {
      "count" : 0
    },
    "eu.domibus.core.ebms3.sender.MessageSenderService.sendUserMessage.counter" : {
      "count" : 0
    },
    "eu.domibus.core.ebms3.sender.client.MSHDispatcher.dispatch.counter" : {
      "count" : 0
    },
    "eu.domibus.core.error.ErrorLogDao.deleteMessages.deleteErrorLogsByMessageIdInError.counter" : {
      "count" : 0
    },
    "eu.domibus.core.message.MessageInfoDao.deleteMessages.counter" : {
      "count" : 0
    },
    "eu.domibus.core.message.MessageInfoDao.findSignalMessageIds.counter" : {
      "count" : 0
    },
    "eu.domibus.core.message.MessagingServiceImpl.storeMessage.counter" : {
      "count" : 0
    },
    "eu.domibus.core.message.UserMessageHandlerServiceImpl.handleNewUserMessage.counter" : {
      "count" : 5
    },
    "eu.domibus.core.message.UserMessageLogDao.deleteMessages.deleteMessageLogs.counter" : {
      "count" : 0
    },
    "eu.domibus.core.message.acknowledge.MessageAcknowledgementDao.deleteMessages.deleteMessageAcknowledgementsByMessageIds.counter" : {
      "count" : 0
    },
    "eu.domibus.core.message.attempt.MessageAttemptDao.deleteMessages.deleteAttemptsByMessageIds.counter" : {
      "count" : 0
    },
    "eu.domibus.core.message.pull.IncomingPullRequestHandler.incoming_pull_request.counter" : {
      "count" : 0
    },
    "eu.domibus.core.message.receipt.AS4ReceiptServiceImpl.generateReceipt.counter" : {
      "count" : 0
    },
    "eu.domibus.core.message.retention.MessageRetentionDefaultService.schedule_deleteExpiredMessages.counter" : {
      "count" : 0
    },
    "eu.domibus.core.message.retention.RetentionListener.onMessage.deleteMessages.counter" : {
      "count" : 0
    },
    "eu.domibus.core.message.signal.SignalMessageDao.deleteMessages.deleteReceipts.counter" : {
      "count" : 0
    },
    "eu.domibus.core.message.signal.SignalMessageLogDao.deleteMessages.deleteMessageLogs.counter" : {
      "count" : 0
    },
    "eu.domibus.core.plugin.handler.DatabaseMessageHandler.submit.counter" : {
      "count" : 5
    },
    "eu.domibus.core.plugin.notification.BackendNotificationService.notifyMessageReceived.counter" : {
      "count" : 5
    },
    "eu.domibus.core.plugin.notification.PluginAsyncNotificationListener.onMessage.counter" : {
      "count" : 5
    },
    "eu.domibus.core.pmode.validation.validators.MessagePropertyValidator.validate.counter" : {
      "count" : 0
    },
    "eu.domibus.core.replication.UIMessageDaoImpl.deleteMessages.deleteUIMessagesByMessageIds.counter" : {
      "count" : 0
    },
    "eu.domibus.core.util.SoapUtil.SoapUtil.counter" : {
      "count" : 0
    },
    "eu.domibus.plugin.jms.JMSPluginImpl.deliverMessage.counter" : {
      "count" : 5
    },
    "eu.domibus.plugin.jms.JMSPluginImpl.receiveMessage.counter" : {
      "count" : 8
    }
  },
  "histograms" : { },
  "meters" : { },
  "timers" : {
    "eu.domibus.core.ebms3.receiver.MSHWebservice.incoming_user_message.timer" : {
      "count" : 202208,
      "max" : 1.2032246500000001,
      "mean" : 0.43147383536743317,
      "min" : 0.13818319,
      "p50" : 0.41455781900000005,
      "p75" : 0.48475671800000003,
      "p95" : 0.589115483,
      "p98" : 0.7358662530000001,
      "p99" : 0.9285499330000001,
      "p999" : 0.9913714220000001,
      "stddev" : 0.10662392569491627,
      "m15_rate" : 61.2662849402258,
      "m1_rate" : 66.21283280486027,
      "m5_rate" : 64.2485845184332,
      "mean_rate" : 48.13088976968604,
      "duration_units" : "seconds",
      "rate_units" : "calls/second"
    },
    "eu.domibus.core.ebms3.receiver.handler.AbstractIncomingMessageHandler.processMessage.timer" : {
      "count" : 202200,
      "max" : 1.1063333020000001,
      "mean" : 0.43255724517482524,
      "min" : 0.142284187,
      "p50" : 0.418838023,
      "p75" : 0.494340404,
      "p95" : 0.583859385,
      "p98" : 0.661663968,
      "p99" : 0.735839553,
      "p999" : 0.961308228,
      "stddev" : 0.09899550246935615,
      "m15_rate" : 61.314948430998875,
      "m1_rate" : 66.18037094876367,
      "m5_rate" : 64.23937228454987,
      "mean_rate" : 60.79820213655561,
      "duration_units" : "seconds",
      "rate_units" : "calls/second"
    },
    "eu.domibus.core.ebms3.receiver.handler.IncomingUserMessageHandler.around_handleNewUserMessage.timer.timer" : {
      "count" : 202170,
      "max" : 1.1054202020000001,
      "mean" : 0.4268607578307949,
      "min" : 0.14119888900000002,
      "p50" : 0.415038134,
      "p75" : 0.483306406,
      "p95" : 0.5828969850000001,
      "p98" : 0.659703581,
      "p99" : 0.765447847,
      "p999" : 0.9798063260000001,
      "stddev" : 0.10052171096841153,
      "m15_rate" : 61.30451654957026,
      "m1_rate" : 66.15109087208899,
      "m5_rate" : 64.23262677919355,
      "mean_rate" : 60.789551612344106,
      "duration_units" : "seconds",
      "rate_units" : "calls/second"
    },
    "eu.domibus.core.ebms3.sender.AbstractUserMessageSender.outgoing_user_message.timer" : {
      "count" : 202109,
      "max" : 0.241756453,
      "mean" : 0.05967391289438503,
      "min" : 0.042752393,
      "p50" : 0.055846489000000006,
      "p75" : 0.061762387,
      "p95" : 0.07469658700000001,
      "p98" : 0.110353079,
      "p99" : 0.17017036800000002,
      "p999" : 0.241756453,
      "stddev" : 0.019919856333380455,
      "m15_rate" : 61.46992835663525,
      "m1_rate" : 66.12204107964247,
      "m5_rate" : 64.4443093940098,
      "mean_rate" : 61.44028981567881,
      "duration_units" : "seconds",
      "rate_units" : "calls/second"
    },
    "eu.domibus.core.ebms3.sender.MessageSenderListener.onMessage.timer" : {
      "count" : 202109,
      "max" : 0.45524934300000003,
      "mean" : 0.08222328684969361,
      "min" : 0.045615091,
      "p50" : 0.065573887,
      "p75" : 0.08920818300000001,
      "p95" : 0.16087127,
      "p98" : 0.205385063,
      "p99" : 0.228707457,
      "p999" : 0.313878943,
      "stddev" : 0.03901854884588361,
      "m15_rate" : 61.4737085449709,
      "m1_rate" : 66.16612159381164,
      "m5_rate" : 64.45502701066852,
      "mean_rate" : 61.43880094959777,
      "duration_units" : "seconds",
      "rate_units" : "calls/second"
    },
    "eu.domibus.core.ebms3.sender.MessageSenderService.sendUserMessage.timer" : {
      "count" : 202109,
      "max" : 0.556909415,
      "mean" : 0.07948385386276498,
      "min" : 0.047232092,
      "p50" : 0.06486678700000001,
      "p75" : 0.085846584,
      "p95" : 0.15952496900000002,
      "p98" : 0.186963065,
      "p99" : 0.210440558,
      "p999" : 0.313801243,
      "stddev" : 0.0372541802059816,
      "m15_rate" : 61.47322002898981,
      "m1_rate" : 66.16213427716934,
      "m5_rate" : 64.45381153857593,
      "mean_rate" : 61.43926200549574,
      "duration_units" : "seconds",
      "rate_units" : "calls/second"
    },
    "eu.domibus.core.ebms3.sender.client.MSHDispatcher.dispatch.timer" : {
      "count" : 202109,
      "max" : 0.32738387,
      "mean" : 0.04881155591034987,
      "min" : 0.034282494000000004,
      "p50" : 0.046297992,
      "p75" : 0.05167929,
      "p95" : 0.06036108900000001,
      "p98" : 0.072475987,
      "p99" : 0.106870583,
      "p999" : 0.205501659,
      "stddev" : 0.014431530098299582,
      "m15_rate" : 61.46701053729894,
      "m1_rate" : 66.07226796644339,
      "m5_rate" : 64.4340254256062,
      "mean_rate" : 61.44085569933526,
      "duration_units" : "seconds",
      "rate_units" : "calls/second"
    },
    "eu.domibus.core.error.ErrorLogDao.deleteMessages.deleteErrorLogsByMessageIdInError.timer" : {
      "count" : 71,
      "max" : 0.033840284000000005,
      "mean" : 0.0032657016341544084,
      "min" : 0.0021967,
      "p50" : 0.0029773010000000003,
      "p75" : 0.0040062000000000006,
      "p95" : 0.004269401,
      "p98" : 0.004439101,
      "p99" : 0.004439101,
      "p999" : 0.004439101,
      "stddev" : 7.073351955435249E-4,
      "m15_rate" : 0.09744028364569987,
      "m1_rate" : 2.6561622558583782E-5,
      "m5_rate" : 0.013405124691624493,
      "mean_rate" : 0.026887701934145098,
      "duration_units" : "seconds",
      "rate_units" : "calls/second"
    },
    "eu.domibus.core.message.MessageInfoDao.deleteMessages.timer" : {
      "count" : 142,
      "max" : 3.677401197,
      "mean" : 0.8057837324639655,
      "min" : 0.036752078,
      "p50" : 0.41812988500000003,
      "p75" : 1.101417051,
      "p95" : 2.376555786,
      "p98" : 3.421257186,
      "p99" : 3.421257186,
      "p999" : 3.677401197,
      "stddev" : 0.7159785522868954,
      "m15_rate" : 0.19484428064636955,
      "m1_rate" : 5.3092371186876326E-5,
      "m5_rate" : 0.02676883085980559,
      "mean_rate" : 0.05375841899354837,
      "duration_units" : "seconds",
      "rate_units" : "calls/second"
    },
    "eu.domibus.core.message.MessageInfoDao.findSignalMessageIds.timer" : {
      "count" : 71,
      "max" : 0.44835958400000003,
      "mean" : 0.1911171435409929,
      "min" : 0.023439886,
      "p50" : 0.13931262,
      "p75" : 0.276512939,
      "p95" : 0.352419172,
      "p98" : 0.381455878,
      "p99" : 0.388963808,
      "p999" : 0.388963808,
      "stddev" : 0.09757252344809615,
      "m15_rate" : 0.09739341213951958,
      "m1_rate" : 2.5861482495673093E-5,
      "m5_rate" : 0.01332765818596,
      "mean_rate" : 0.02687631791773115,
      "duration_units" : "seconds",
      "rate_units" : "calls/second"
    },
    "eu.domibus.core.message.MessagingServiceImpl.storeMessage.timer" : {
      "count" : 404371,
      "max" : 0.100518783,
      "mean" : 0.006399085793972319,
      "min" : 0.0030679,
      "p50" : 0.005196999000000001,
      "p75" : 0.006596899000000001,
      "p95" : 0.010644498,
      "p98" : 0.014189997000000001,
      "p99" : 0.018212497,
      "p999" : 0.09203778300000001,
      "stddev" : 0.006463866648532058,
      "m15_rate" : 122.74046870323383,
      "m1_rate" : 132.08786490220422,
      "m5_rate" : 128.68095896264245,
      "mean_rate" : 121.58904592059169,
      "duration_units" : "seconds",
      "rate_units" : "calls/second"
    },
    "eu.domibus.core.message.UserMessageHandlerServiceImpl.handleNewUserMessage.timer" : {
      "count" : 202225,
      "max" : 0.402660428,
      "mean" : 0.13063546941354187,
      "min" : 0.024389898,
      "p50" : 0.12935027400000002,
      "p75" : 0.15170737,
      "p95" : 0.23610555300000002,
      "p98" : 0.25746345200000004,
      "p99" : 0.278348745,
      "p999" : 0.399608628,
      "stddev" : 0.05327461048199977,
      "m15_rate" : 61.319111820802206,
      "m1_rate" : 66.19395652610277,
      "m5_rate" : 64.2471276011276,
      "mean_rate" : 60.806061563531685,
      "duration_units" : "seconds",
      "rate_units" : "calls/second"
    },
    "eu.domibus.core.message.UserMessageLogDao.deleteMessages.deleteMessageLogs.timer" : {
      "count" : 71,
      "max" : 5.7534777120000005,
      "mean" : 0.06808523163442298,
      "min" : 0.01622689,
      "p50" : 0.066026809,
      "p75" : 0.077386411,
      "p95" : 0.082442822,
      "p98" : 0.093771826,
      "p99" : 0.12304853500000001,
      "p999" : 0.12304853500000001,
      "stddev" : 0.030646103653765792,
      "m15_rate" : 0.09744028364569987,
      "m1_rate" : 2.6561622558583782E-5,
      "m5_rate" : 0.013405124691624493,
      "mean_rate" : 0.026887129821501675,
      "duration_units" : "seconds",
      "rate_units" : "calls/second"
    },
    "eu.domibus.core.message.acknowledge.MessageAcknowledgementDao.deleteMessages.deleteMessageAcknowledgementsByMessageIds.timer" : {
      "count" : 71,
      "max" : 0.09631374200000001,
      "mean" : 0.0031812520220284185,
      "min" : 0.0018722010000000002,
      "p50" : 0.0030551000000000003,
      "p75" : 0.004014801,
      "p95" : 0.005825501,
      "p98" : 0.005825501,
      "p99" : 0.005825501,
      "p999" : 0.005825501,
      "stddev" : 0.0011308482129803027,
      "m15_rate" : 0.09744028364569987,
      "m1_rate" : 2.6561622558583782E-5,
      "m5_rate" : 0.013405124691624493,
      "mean_rate" : 0.026888057453146475,
      "duration_units" : "seconds",
      "rate_units" : "calls/second"
    },
    "eu.domibus.core.message.attempt.MessageAttemptDao.deleteMessages.deleteAttemptsByMessageIds.timer" : {
      "count" : 71,
      "max" : 0.011950792,
      "mean" : 0.003163648868060655,
      "min" : 0.0021406990000000002,
      "p50" : 0.0030672000000000004,
      "p75" : 0.0036465000000000004,
      "p95" : 0.004538801,
      "p98" : 0.004538801,
      "p99" : 0.004538801,
      "p999" : 0.004538801,
      "stddev" : 6.513683210777565E-4,
      "m15_rate" : 0.09744028364569987,
      "m1_rate" : 2.6561622558583782E-5,
      "m5_rate" : 0.013405124691624493,
      "mean_rate" : 0.026887569990660568,
      "duration_units" : "seconds",
      "rate_units" : "calls/second"
    },
    "eu.domibus.core.message.pull.IncomingPullRequestHandler.incoming_pull_request.timer" : {
      "count" : 8,
      "max" : 0.42838590000000004,
      "mean" : 0.0656841031432932,
      "min" : 0.009123302,
      "p50" : 0.010902902,
      "p75" : 0.011355402,
      "p95" : 0.238127149,
      "p98" : 0.238127149,
      "p99" : 0.238127149,
      "p999" : 0.238127149,
      "stddev" : 0.09759101659360121,
      "m15_rate" : 0.009852964060757773,
      "m1_rate" : 3.1563501954714575E-6,
      "m5_rate" : 0.001820267989326563,
      "mean_rate" : 0.0019042139680023565,
      "duration_units" : "seconds",
      "rate_units" : "calls/second"
    },
    "eu.domibus.core.message.receipt.AS4ReceiptServiceImpl.generateReceipt.timer" : {
      "count" : 202222,
      "max" : 0.13278557300000002,
      "mean" : 0.02969748165068888,
      "min" : 0.015855098,
      "p50" : 0.025854395000000002,
      "p75" : 0.032551393000000005,
      "p95" : 0.051361090000000005,
      "p98" : 0.06468628700000001,
      "p99" : 0.093792682,
      "p999" : 0.13278557300000002,
      "stddev" : 0.013546619661211812,
      "m15_rate" : 61.31675922874322,
      "m1_rate" : 66.16652120738685,
      "m5_rate" : 64.24111556033925,
      "mean_rate" : 60.8079397239906,
      "duration_units" : "seconds",
      "rate_units" : "calls/second"
    },
    "eu.domibus.core.message.retention.MessageRetentionDefaultService.schedule_deleteExpiredMessages.timer" : {
      "count" : 13,
      "max" : 8.698396218000001,
      "mean" : 7.952958946974104,
      "min" : 0.225089898,
      "p50" : 7.789324593000001,
      "p75" : 8.044605951000001,
      "p95" : 8.698396218000001,
      "p98" : 8.698396218000001,
      "p99" : 8.698396218000001,
      "p999" : 8.698396218000001,
      "stddev" : 0.2816903841602529,
      "m15_rate" : 0.0057898623494871,
      "m1_rate" : 3.506737349205241E-6,
      "m5_rate" : 0.0016652306832149464,
      "mean_rate" : 0.0033824717511018996,
      "duration_units" : "seconds",
      "rate_units" : "calls/second"
    },
    "eu.domibus.core.message.retention.RetentionListener.onMessage.deleteMessages.timer" : {
      "count" : 71,
      "max" : 7.329803948,
      "mean" : 2.4888302650982954,
      "min" : 0.354285887,
      "p50" : 1.9196783650000002,
      "p75" : 2.227612312,
      "p95" : 4.818072065,
      "p98" : 5.084535614,
      "p99" : 6.260159392,
      "p999" : 6.260159392,
      "stddev" : 1.1199970918616233,
      "m15_rate" : 0.09746252783537637,
      "m1_rate" : 2.7053636154861238E-5,
      "m5_rate" : 0.013447994567226333,
      "mean_rate" : 0.02687581600122466,
      "duration_units" : "seconds",
      "rate_units" : "calls/second"
    },
    "eu.domibus.core.message.signal.SignalMessageDao.deleteMessages.deleteReceipts.timer" : {
      "count" : 71,
      "max" : 1.9745682990000002,
      "mean" : 0.4484883975271549,
      "min" : 0.024995185000000003,
      "p50" : 0.19901232800000002,
      "p75" : 0.244600368,
      "p95" : 1.638469149,
      "p98" : 1.9745682990000002,
      "p99" : 1.9745682990000002,
      "p999" : 1.9745682990000002,
      "stddev" : 0.5183990099236456,
      "m15_rate" : 0.09742360019697825,
      "m1_rate" : 2.6561580846057614E-5,
      "m5_rate" : 0.013394156203079878,
      "mean_rate" : 0.026886681875791085,
      "duration_units" : "seconds",
      "rate_units" : "calls/second"
    },
    "eu.domibus.core.message.signal.SignalMessageLogDao.deleteMessages.deleteMessageLogs.timer" : {
      "count" : 71,
      "max" : 0.097585853,
      "mean" : 0.05818308072617128,
      "min" : 0.007286096000000001,
      "p50" : 0.056723008000000005,
      "p75" : 0.06272010900000001,
      "p95" : 0.087721012,
      "p98" : 0.087721012,
      "p99" : 0.097250427,
      "p999" : 0.097250427,
      "stddev" : 0.013895470628900213,
      "m15_rate" : 0.09744028364569987,
      "m1_rate" : 2.6561622558583782E-5,
      "m5_rate" : 0.013405124691624493,
      "mean_rate" : 0.026887368214245345,
      "duration_units" : "seconds",
      "rate_units" : "calls/second"
    },
    "eu.domibus.core.plugin.handler.DatabaseMessageHandler.submit.timer" : {
      "count" : 202139,
      "max" : 0.6559208820000001,
      "mean" : 0.1170292447737192,
      "min" : 0.009758699000000001,
      "p50" : 0.10571037900000001,
      "p75" : 0.131232083,
      "p95" : 0.21522095700000002,
      "p98" : 0.247410855,
      "p99" : 0.28521734800000004,
      "p999" : 0.566854912,
      "stddev" : 0.05156058240776503,
      "m15_rate" : 61.48515555235029,
      "m1_rate" : 66.264420351191,
      "m5_rate" : 64.47998668164651,
      "mean_rate" : 61.44433199156333,
      "duration_units" : "seconds",
      "rate_units" : "calls/second"
    },
    "eu.domibus.core.plugin.notification.BackendNotificationService.notifyMessageReceived.timer" : {
      "count" : 202222,
      "max" : 0.366633134,
      "mean" : 0.07985291263629965,
      "min" : 4.4750000000000004E-4,
      "p50" : 0.08374788300000001,
      "p75" : 0.10389098000000001,
      "p95" : 0.135649573,
      "p98" : 0.181741864,
      "p99" : 0.22627565600000002,
      "p999" : 0.32261965000000004,
      "stddev" : 0.042344375074447424,
      "m15_rate" : 61.31939602508119,
      "m1_rate" : 66.21985801019984,
      "m5_rate" : 64.25103930986627,
      "mean_rate" : 60.80652379272963,
      "duration_units" : "seconds",
      "rate_units" : "calls/second"
    },
    "eu.domibus.core.plugin.notification.PluginAsyncNotificationListener.onMessage.timer" : {
      "count" : 202206,
      "max" : 0.7244363330000001,
      "mean" : 0.11526507379915688,
      "min" : 0.009350899000000001,
      "p50" : 0.10501157900000001,
      "p75" : 0.124634878,
      "p95" : 0.213619457,
      "p98" : 0.240392657,
      "p99" : 0.272404751,
      "p999" : 0.653389283,
      "stddev" : 0.0536423529427838,
      "m15_rate" : 61.49363230313035,
      "m1_rate" : 65.98499487801823,
      "m5_rate" : 64.45908341068376,
      "mean_rate" : 60.808862281916916,
      "duration_units" : "seconds",
      "rate_units" : "calls/second"
    },
    "eu.domibus.core.pmode.validation.validators.MessagePropertyValidator.validate.timer" : {
      "count" : 404371,
      "max" : 5.64E-5,
      "mean" : 1.33665346013258E-6,
      "min" : 4.0000000000000003E-7,
      "p50" : 1.1E-6,
      "p75" : 1.3E-6,
      "p95" : 2.2E-6,
      "p98" : 2.6E-6,
      "p99" : 2.7E-6,
      "p999" : 2.51E-5,
      "stddev" : 1.5277244925933077E-6,
      "m15_rate" : 122.74123606467937,
      "m1_rate" : 132.11692351591213,
      "m5_rate" : 128.68423632994748,
      "mean_rate" : 121.58854285415072,
      "duration_units" : "seconds",
      "rate_units" : "calls/second"
    },
    "eu.domibus.core.replication.UIMessageDaoImpl.deleteMessages.deleteUIMessagesByMessageIds.timer" : {
      "count" : 142,
      "max" : 0.014376792000000001,
      "mean" : 0.0029417291708870768,
      "min" : 7.569E-4,
      "p50" : 0.0026601010000000002,
      "p75" : 0.0032182010000000004,
      "p95" : 0.005585701,
      "p98" : 0.006216500000000001,
      "p99" : 0.006216500000000001,
      "p999" : 0.006216500000000001,
      "stddev" : 9.90990534194333E-4,
      "m15_rate" : 0.19488056729139974,
      "m1_rate" : 5.3123245117167563E-5,
      "m5_rate" : 0.026810249383248986,
      "mean_rate" : 0.053775761664774296,
      "duration_units" : "seconds",
      "rate_units" : "calls/second"
    },
    "eu.domibus.core.util.SoapUtil.logMessage.timer" : {
      "count" : 202227,
      "max" : 2.2400000000000002E-5,
      "mean" : 7.767210797412601E-7,
      "min" : 3.0000000000000004E-7,
      "p50" : 7.000000000000001E-7,
      "p75" : 8.000000000000001E-7,
      "p95" : 1.1E-6,
      "p98" : 1.4000000000000001E-6,
      "p99" : 1.5E-6,
      "p999" : 1.62E-5,
      "stddev" : 1.0281214607398264E-6,
      "m15_rate" : 61.31935066829131,
      "m1_rate" : 66.2017245253596,
      "m5_rate" : 64.24999987124438,
      "mean_rate" : 60.80670183786777,
      "duration_units" : "seconds",
      "rate_units" : "calls/second"
    },
    "eu.domibus.plugin.jms.JMSPluginImpl.deliverMessage.timer" : {
      "count" : 202206,
      "max" : 0.655387583,
      "mean" : 0.11421418493633277,
      "min" : 0.009003599000000001,
      "p50" : 0.10538998000000001,
      "p75" : 0.124496776,
      "p95" : 0.219328657,
      "p98" : 0.25287036,
      "p99" : 0.272805251,
      "p999" : 0.32533383600000004,
      "stddev" : 0.050890661119981,
      "m15_rate" : 61.49274431501594,
      "m1_rate" : 65.96297151480367,
      "m5_rate" : 64.45635514790906,
      "mean_rate" : 60.80909016101282,
      "duration_units" : "seconds",
      "rate_units" : "calls/second"
    },
    "eu.domibus.plugin.jms.JMSPluginImpl.receiveMessage.timer" : {
      "count" : 202136,
      "max" : 0.94438043,
      "mean" : 0.2098285870059024,
      "min" : 0.0107828,
      "p50" : 0.206170861,
      "p75" : 0.236887953,
      "p95" : 0.32230336400000004,
      "p98" : 0.366004528,
      "p99" : 0.426286025,
      "p999" : 0.943476431,
      "stddev" : 0.07445622927516143,
      "m15_rate" : 61.4807567536363,
      "m1_rate" : 66.21066247038792,
      "m5_rate" : 64.468521149378,
      "mean_rate" : 61.443276532195576,
      "duration_units" : "seconds",
      "rate_units" : "calls/second"
    }
  }
}