{
  "version" : "4.0.0",
  "gauges" : { },
  "counters" : {
    "eu.domibus.core.ebms3.receiver.MSHWebservice.incoming_user_message.counter" : {
      "count" : 30
    },
    "eu.domibus.core.ebms3.receiver.handler.AbstractIncomingMessageHandler.processMessage.counter" : {
      "count" : 30
    },
    "eu.domibus.core.ebms3.receiver.handler.IncomingUserMessageHandler.around_handleNewUserMessage.counter.counter" : {
      "count" : 60
    },
    "eu.domibus.core.ebms3.sender.AbstractUserMessageSender.outgoing_user_message.counter" : {
      "count" : 7
    },
    "eu.domibus.core.ebms3.sender.MessageSenderListener.onMessage.counter" : {
      "count" : 9
    },
    "eu.domibus.core.ebms3.sender.MessageSenderService.sendUserMessage.counter" : {
      "count" : 9
    },
    "eu.domibus.core.ebms3.sender.client.MSHDispatcher.dispatch.counter" : {
      "count" : 7
    },
    "eu.domibus.core.error.ErrorLogDao.deleteMessages.deleteErrorLogsByMessageIdInError.counter" : {
      "count" : 0
    },
    "eu.domibus.core.message.MessageInfoDao.deleteMessages.counter" : {
      "count" : 3
    },
    "eu.domibus.core.message.MessageInfoDao.findSignalMessageIds.counter" : {
      "count" : 0
    },
    "eu.domibus.core.message.MessagingServiceImpl.storeMessage.counter" : {
      "count" : 0
    },
    "eu.domibus.core.message.UserMessageHandlerServiceImpl.handleNewUserMessage.counter" : {
      "count" : 1
    },
    "eu.domibus.core.message.UserMessageLogDao.deleteMessages.deleteMessageLogs.counter" : {
      "count" : 0
    },
    "eu.domibus.core.message.acknowledge.MessageAcknowledgementDao.deleteMessages.deleteMessageAcknowledgementsByMessageIds.counter" : {
      "count" : 0
    },
    "eu.domibus.core.message.attempt.MessageAttemptDao.deleteMessages.deleteAttemptsByMessageIds.counter" : {
      "count" : 0
    },
    "eu.domibus.core.message.pull.IncomingPullRequestHandler.incoming_pull_request.counter" : {
      "count" : 0
    },
    "eu.domibus.core.message.receipt.AS4ReceiptServiceImpl.generateReceipt.counter" : {
      "count" : 0
    },
    "eu.domibus.core.message.retention.MessageRetentionDefaultService.schedule_deleteExpiredMessages.counter" : {
      "count" : 1
    },
    "eu.domibus.core.message.retention.RetentionListener.onMessage.deleteMessages.counter" : {
      "count" : 3
    },
    "eu.domibus.core.message.signal.SignalMessageDao.deleteMessages.deleteReceipts.counter" : {
      "count" : 0
    },
    "eu.domibus.core.message.signal.SignalMessageLogDao.deleteMessages.deleteMessageLogs.counter" : {
      "count" : 0
    },
    "eu.domibus.core.plugin.handler.DatabaseMessageHandler.submit.counter" : {
      "count" : 10
    },
    "eu.domibus.core.plugin.notification.BackendNotificationService.notifyMessageReceived.counter" : {
      "count" : 1
    },
    "eu.domibus.core.plugin.notification.PluginAsyncNotificationListener.onMessage.counter" : {
      "count" : 8
    },
    "eu.domibus.core.pmode.validation.validators.MessagePropertyValidator.validate.counter" : {
      "count" : 0
    },
    "eu.domibus.core.replication.UIMessageDaoImpl.deleteMessages.deleteUIMessagesByMessageIds.counter" : {
      "count" : 0
    },
    "eu.domibus.core.util.SoapUtil.SoapUtil.counter" : {
      "count" : 0
    },
    "eu.domibus.plugin.jms.JMSPluginImpl.deliverMessage.counter" : {
      "count" : 8
    },
    "eu.domibus.plugin.jms.JMSPluginImpl.receiveMessage.counter" : {
      "count" : 23
    }
  },
  "histograms" : { },
  "meters" : { },
  "timers" : {
    "eu.domibus.core.ebms3.receiver.MSHWebservice.incoming_user_message.timer" : {
      "count" : 193079,
      "max" : 1.298579053,
      "mean" : 0.4001441328551151,
      "min" : 0.14401643,
      "p50" : 0.390188737,
      "p75" : 0.455649499,
      "p95" : 0.558423816,
      "p98" : 0.6682033780000001,
      "p99" : 0.9304677650000001,
      "p999" : 1.269363547,
      "stddev" : 0.12248337030317435,
      "m15_rate" : 58.54070877053424,
      "m1_rate" : 58.14391007508574,
      "m5_rate" : 60.29079679503131,
      "mean_rate" : 45.9585623553255,
      "duration_units" : "seconds",
      "rate_units" : "calls/second"
    },
    "eu.domibus.core.ebms3.receiver.handler.AbstractIncomingMessageHandler.processMessage.timer" : {
      "count" : 193071,
      "max" : 1.2692580370000002,
      "mean" : 0.39822616641921427,
      "min" : 0.117239357,
      "p50" : 0.38714155100000003,
      "p75" : 0.45409435400000003,
      "p95" : 0.5678322880000001,
      "p98" : 0.722320089,
      "p99" : 0.9195073490000001,
      "p999" : 1.263101367,
      "stddev" : 0.1202045662327654,
      "m15_rate" : 58.59213611631275,
      "m1_rate" : 58.2237638322238,
      "m5_rate" : 60.3023150113453,
      "mean_rate" : 58.04902837194689,
      "duration_units" : "seconds",
      "rate_units" : "calls/second"
    },
    "eu.domibus.core.ebms3.receiver.handler.IncomingUserMessageHandler.around_handleNewUserMessage.timer.timer" : {
      "count" : 193041,
      "max" : 1.29650256,
      "mean" : 0.3977857735360224,
      "min" : 0.12430861200000001,
      "p50" : 0.38231090700000003,
      "p75" : 0.444262941,
      "p95" : 0.573510709,
      "p98" : 0.775870155,
      "p99" : 0.927140056,
      "p999" : 1.294903412,
      "stddev" : 0.1257484926697611,
      "m15_rate" : 58.58080362499759,
      "m1_rate" : 58.193021186361385,
      "m5_rate" : 60.29268274510327,
      "mean_rate" : 58.040607344913475,
      "duration_units" : "seconds",
      "rate_units" : "calls/second"
    },
    "eu.domibus.core.ebms3.sender.AbstractUserMessageSender.outgoing_user_message.timer" : {
      "count" : 193156,
      "max" : 0.475622445,
      "mean" : 0.05763304369029841,
      "min" : 0.041153011,
      "p50" : 0.054450143000000006,
      "p75" : 0.058924758,
      "p95" : 0.070335514,
      "p98" : 0.08623348600000001,
      "p99" : 0.15260783,
      "p999" : 0.475622445,
      "stddev" : 0.024974950462556336,
      "m15_rate" : 58.89702411730531,
      "m1_rate" : 58.51917139088353,
      "m5_rate" : 60.893146060319545,
      "mean_rate" : 58.734339796326324,
      "duration_units" : "seconds",
      "rate_units" : "calls/second"
    },
    "eu.domibus.core.ebms3.sender.MessageSenderListener.onMessage.timer" : {
      "count" : 193156,
      "max" : 0.5893574770000001,
      "mean" : 0.07440837598762705,
      "min" : 0.045535616,
      "p50" : 0.060739025,
      "p75" : 0.06900679,
      "p95" : 0.15936835700000002,
      "p98" : 0.18643616500000001,
      "p99" : 0.258314621,
      "p999" : 0.5893574770000001,
      "stddev" : 0.04443285851586394,
      "m15_rate" : 58.89489671331344,
      "m1_rate" : 58.480832983008895,
      "m5_rate" : 60.88613012833265,
      "mean_rate" : 58.73272311867783,
      "duration_units" : "seconds",
      "rate_units" : "calls/second"
    },
    "eu.domibus.core.ebms3.sender.MessageSenderService.sendUserMessage.timer" : {
      "count" : 193156,
      "max" : 0.49080795200000005,
      "mean" : 0.07279749385025258,
      "min" : 0.045947554,
      "p50" : 0.06103315200000001,
      "p75" : 0.06971835700000001,
      "p95" : 0.150130403,
      "p98" : 0.179551026,
      "p99" : 0.23542040300000003,
      "p999" : 0.49080795200000005,
      "stddev" : 0.038285586419466555,
      "m15_rate" : 58.89389577724242,
      "m1_rate" : 58.46930146104178,
      "m5_rate" : 60.88338179645339,
      "mean_rate" : 58.73300849789422,
      "duration_units" : "seconds",
      "rate_units" : "calls/second"
    },
    "eu.domibus.core.ebms3.sender.client.MSHDispatcher.dispatch.timer" : {
      "count" : 193156,
      "max" : 0.31229632,
      "mean" : 0.04888774218938447,
      "min" : 0.034974937000000005,
      "p50" : 0.046687023,
      "p75" : 0.051377057000000004,
      "p95" : 0.062158056,
      "p98" : 0.074153067,
      "p99" : 0.120911797,
      "p999" : 0.31229632,
      "stddev" : 0.015272890022055452,
      "m15_rate" : 58.89224735101155,
      "m1_rate" : 58.436795554812,
      "m5_rate" : 60.876815422051834,
      "mean_rate" : 58.73550995774289,
      "duration_units" : "seconds",
      "rate_units" : "calls/second"
    },
    "eu.domibus.core.error.ErrorLogDao.deleteMessages.deleteErrorLogsByMessageIdInError.timer" : {
      "count" : 81,
      "max" : 0.009879216000000001,
      "mean" : 0.0035457427198743708,
      "min" : 0.002116796,
      "p50" : 0.003334309,
      "p75" : 0.003635136,
      "p95" : 0.004490715,
      "p98" : 0.004490715,
      "p99" : 0.004490715,
      "p999" : 0.004490715,
      "stddev" : 5.342956870180235E-4,
      "m15_rate" : 0.029355267205700447,
      "m1_rate" : 4.8019937913887996E-5,
      "m5_rate" : 0.009304322292239976,
      "mean_rate" : 0.029985750180506192,
      "duration_units" : "seconds",
      "rate_units" : "calls/second"
    },
    "eu.domibus.core.message.MessageInfoDao.deleteMessages.timer" : {
      "count" : 163,
      "max" : 1.342532596,
      "mean" : 0.8301553611348825,
      "min" : 0.031121386,
      "p50" : 0.8323035820000001,
      "p75" : 0.8323035820000001,
      "p95" : 0.8323035820000001,
      "p98" : 0.8323035820000001,
      "p99" : 0.8323035820000001,
      "p999" : 1.239013501,
      "stddev" : 0.05078936579088967,
      "m15_rate" : 0.0586948239668428,
      "m1_rate" : 9.55249575703974E-5,
      "m5_rate" : 0.018580410332837204,
      "mean_rate" : 0.060337148551098396,
      "duration_units" : "seconds",
      "rate_units" : "calls/second"
    },
    "eu.domibus.core.message.MessageInfoDao.findSignalMessageIds.timer" : {
      "count" : 84,
      "max" : 0.366041243,
      "mean" : 0.07501276968628737,
      "min" : 0.04497007,
      "p50" : 0.07199596700000001,
      "p75" : 0.081744471,
      "p95" : 0.081744471,
      "p98" : 0.081744471,
      "p99" : 0.081744471,
      "p999" : 0.08660771,
      "stddev" : 0.006612494019993892,
      "m15_rate" : 0.029327130757877004,
      "m1_rate" : 4.700172976238162E-5,
      "m5_rate" : 0.009266307175294353,
      "mean_rate" : 0.03109329776111167,
      "duration_units" : "seconds",
      "rate_units" : "calls/second"
    },
    "eu.domibus.core.message.MessagingServiceImpl.storeMessage.timer" : {
      "count" : 386300,
      "max" : 0.10154470500000001,
      "mean" : 0.005374726267415304,
      "min" : 0.00237192,
      "p50" : 0.004324001,
      "p75" : 0.005168679000000001,
      "p95" : 0.00787933,
      "p98" : 0.011463861,
      "p99" : 0.014230618,
      "p999" : 0.10154470500000001,
      "stddev" : 0.007711508785313971,
      "m15_rate" : 117.39744666948236,
      "m1_rate" : 116.66275134321249,
      "m5_rate" : 121.15454729714575,
      "mean_rate" : 116.14730904178403,
      "duration_units" : "seconds",
      "rate_units" : "calls/second"
    },
    "eu.domibus.core.message.UserMessageHandlerServiceImpl.handleNewUserMessage.timer" : {
      "count" : 193100,
      "max" : 0.536036033,
      "mean" : 0.11504123065493023,
      "min" : 0.021598600000000003,
      "p50" : 0.110077194,
      "p75" : 0.138443521,
      "p95" : 0.208098672,
      "p98" : 0.255811689,
      "p99" : 0.38903202600000003,
      "p999" : 0.52142309,
      "stddev" : 0.06213208323912158,
      "m15_rate" : 58.59354088745311,
      "m1_rate" : 58.248017570283594,
      "m5_rate" : 60.30432247870718,
      "mean_rate" : 58.05832692888601,
      "duration_units" : "seconds",
      "rate_units" : "calls/second"
    },
    "eu.domibus.core.message.UserMessageLogDao.deleteMessages.deleteMessageLogs.timer" : {
      "count" : 81,
      "max" : 0.22589054700000002,
      "mean" : 0.0638011321269183,
      "min" : 0.013553057,
      "p50" : 0.065208531,
      "p75" : 0.06739653300000001,
      "p95" : 0.07873888200000001,
      "p98" : 0.07873888200000001,
      "p99" : 0.07873888200000001,
      "p999" : 0.138709162,
      "stddev" : 0.009512827106458581,
      "m15_rate" : 0.029355267205700447,
      "m1_rate" : 4.8019937913887996E-5,
      "m5_rate" : 0.009304322292239976,
      "mean_rate" : 0.029985254819197983,
      "duration_units" : "seconds",
      "rate_units" : "calls/second"
    },
    "eu.domibus.core.message.acknowledge.MessageAcknowledgementDao.deleteMessages.deleteMessageAcknowledgementsByMessageIds.timer" : {
      "count" : 81,
      "max" : 0.011262844000000001,
      "mean" : 0.0028129718528012056,
      "min" : 0.001851172,
      "p50" : 0.0029307720000000003,
      "p75" : 0.002972975,
      "p95" : 0.004268695,
      "p98" : 0.004268695,
      "p99" : 0.004268695,
      "p999" : 0.004268695,
      "stddev" : 7.614808827870433E-4,
      "m15_rate" : 0.029355267205700447,
      "m1_rate" : 4.8019937913887996E-5,
      "m5_rate" : 0.009304322292239976,
      "mean_rate" : 0.02998596959167105,
      "duration_units" : "seconds",
      "rate_units" : "calls/second"
    },
    "eu.domibus.core.message.attempt.MessageAttemptDao.deleteMessages.deleteAttemptsByMessageIds.timer" : {
      "count" : 81,
      "max" : 0.009724302,
      "mean" : 0.0035740446935855737,
      "min" : 0.002092094,
      "p50" : 0.0037787500000000004,
      "p75" : 0.003911662000000001,
      "p95" : 0.0042501940000000005,
      "p98" : 0.0042501940000000005,
      "p99" : 0.0042501940000000005,
      "p999" : 0.004278797,
      "stddev" : 6.549920250486757E-4,
      "m15_rate" : 0.029355267205700447,
      "m1_rate" : 4.8019937913887996E-5,
      "m5_rate" : 0.009304322292239976,
      "mean_rate" : 0.02998563854446183,
      "duration_units" : "seconds",
      "rate_units" : "calls/second"
    },
    "eu.domibus.core.message.pull.IncomingPullRequestHandler.incoming_pull_request.timer" : {
      "count" : 8,
      "max" : 0.5287768500000001,
      "mean" : 0.013826028,
      "min" : 0.01362466,
      "p50" : 0.014027396000000001,
      "p75" : 0.014027396000000001,
      "p95" : 0.014027396000000001,
      "p98" : 0.014027396000000001,
      "p99" : 0.014027396000000001,
      "p999" : 0.014027396000000001,
      "stddev" : 2.01368E-4,
      "m15_rate" : 0.012484903492312655,
      "m1_rate" : 1.4519911839788437E-6,
      "m5_rate" : 8.95772795814911E-4,
      "mean_rate" : 0.0019042391399642271,
      "duration_units" : "seconds",
      "rate_units" : "calls/second"
    },
    "eu.domibus.core.message.receipt.AS4ReceiptServiceImpl.generateReceipt.timer" : {
      "count" : 193089,
      "max" : 0.177671254,
      "mean" : 0.02839344334755985,
      "min" : 0.014538947000000002,
      "p50" : 0.024249846000000002,
      "p75" : 0.031350003,
      "p95" : 0.050833708000000005,
      "p98" : 0.069825466,
      "p99" : 0.111270804,
      "p999" : 0.177671254,
      "stddev" : 0.01640414026915549,
      "m15_rate" : 58.584379220515544,
      "m1_rate" : 58.150054926648615,
      "m5_rate" : 60.284677231827935,
      "mean_rate" : 58.05741456291191,
      "duration_units" : "seconds",
      "rate_units" : "calls/second"
    },
    "eu.domibus.core.message.retention.MessageRetentionDefaultService.schedule_deleteExpiredMessages.timer" : {
      "count" : 15,
      "max" : 7.604447855,
      "mean" : 7.592884220797496,
      "min" : 0.47981724000000003,
      "p50" : 7.604447855,
      "p75" : 7.604447855,
      "p95" : 7.604447855,
      "p98" : 7.604447855,
      "p99" : 7.604447855,
      "p999" : 7.604447855,
      "stddev" : 0.10961811697862499,
      "m15_rate" : 0.005622809174598923,
      "m1_rate" : 6.38579627576384E-6,
      "m5_rate" : 0.001176022345628725,
      "mean_rate" : 0.00396474092065453,
      "duration_units" : "seconds",
      "rate_units" : "calls/second"
    },
    "eu.domibus.core.message.retention.RetentionListener.onMessage.deleteMessages.timer" : {
      "count" : 81,
      "max" : 2.8095021250000003,
      "mean" : 1.8303224187386302,
      "min" : 0.313984819,
      "p50" : 1.778247675,
      "p75" : 1.9068855750000002,
      "p95" : 2.2000331870000003,
      "p98" : 2.2000331870000003,
      "p99" : 2.2000331870000003,
      "p999" : 2.561539631,
      "stddev" : 0.1618416405719306,
      "m15_rate" : 0.02936018506301931,
      "m1_rate" : 4.802335207827296E-5,
      "m5_rate" : 0.009308989866255153,
      "mean_rate" : 0.02998264764329599,
      "duration_units" : "seconds",
      "rate_units" : "calls/second"
    },
    "eu.domibus.core.message.signal.SignalMessageDao.deleteMessages.deleteReceipts.timer" : {
      "count" : 81,
      "max" : 0.879767783,
      "mean" : 0.1930064724931875,
      "min" : 0.026139125000000003,
      "p50" : 0.192307687,
      "p75" : 0.211727083,
      "p95" : 0.22179241500000002,
      "p98" : 0.22179241500000002,
      "p99" : 0.22179241500000002,
      "p999" : 0.753021528,
      "stddev" : 0.035831766680086606,
      "m15_rate" : 0.029355267205700447,
      "m1_rate" : 4.8019937913887996E-5,
      "m5_rate" : 0.009304322292239976,
      "mean_rate" : 0.02998495903007525,
      "duration_units" : "seconds",
      "rate_units" : "calls/second"
    },
    "eu.domibus.core.message.signal.SignalMessageLogDao.deleteMessages.deleteMessageLogs.timer" : {
      "count" : 81,
      "max" : 0.11433320200000001,
      "mean" : 0.05754849548819104,
      "min" : 0.020845633000000002,
      "p50" : 0.058758835,
      "p75" : 0.06488200100000001,
      "p95" : 0.07672129600000001,
      "p98" : 0.07672129600000001,
      "p99" : 0.07672129600000001,
      "p999" : 0.088407598,
      "stddev" : 0.010006663696127953,
      "m15_rate" : 0.029355267205700447,
      "m1_rate" : 4.8019937913887996E-5,
      "m5_rate" : 0.009304322292239976,
      "mean_rate" : 0.029985401443731203,
      "duration_units" : "seconds",
      "rate_units" : "calls/second"
    },
    "eu.domibus.core.plugin.handler.DatabaseMessageHandler.submit.timer" : {
      "count" : 193201,
      "max" : 0.6991140330000001,
      "mean" : 0.10680631284724942,
      "min" : 0.007882130000000001,
      "p50" : 0.10139819100000001,
      "p75" : 0.11912483200000001,
      "p95" : 0.20301639700000002,
      "p98" : 0.24045966800000002,
      "p99" : 0.415908518,
      "p999" : 0.604465581,
      "stddev" : 0.06118783967404988,
      "m15_rate" : 58.894368657631496,
      "m1_rate" : 58.40757301449987,
      "m5_rate" : 60.87155884556131,
      "mean_rate" : 58.741965176825495,
      "duration_units" : "seconds",
      "rate_units" : "calls/second"
    },
    "eu.domibus.core.plugin.notification.BackendNotificationService.notifyMessageReceived.timer" : {
      "count" : 193089,
      "max" : 0.491086371,
      "mean" : 0.06866003825872014,
      "min" : 3.55933E-4,
      "p50" : 0.06573888800000001,
      "p75" : 0.09416392100000001,
      "p95" : 0.157179056,
      "p98" : 0.20233963900000002,
      "p99" : 0.22572370400000002,
      "p999" : 0.358798426,
      "stddev" : 0.047876497576688354,
      "m15_rate" : 58.5855477667037,
      "m1_rate" : 58.170501817613264,
      "m5_rate" : 60.28889670543707,
      "mean_rate" : 58.05622410757259,
      "duration_units" : "seconds",
      "rate_units" : "calls/second"
    },
    "eu.domibus.core.plugin.notification.PluginAsyncNotificationListener.onMessage.timer" : {
      "count" : 193247,
      "max" : 0.6898420820000001,
      "mean" : 0.1058777183354775,
      "min" : 0.007914133,
      "p50" : 0.10305304400000001,
      "p75" : 0.117895518,
      "p95" : 0.1932696,
      "p98" : 0.23022602,
      "p99" : 0.339859373,
      "p999" : 0.68658228,
      "stddev" : 0.057754629076879095,
      "m15_rate" : 58.86724359425525,
      "m1_rate" : 58.43296669718653,
      "m5_rate" : 60.84155372771086,
      "mean_rate" : 58.11390641262416,
      "duration_units" : "seconds",
      "rate_units" : "calls/second"
    },
    "eu.domibus.core.pmode.validation.validators.MessagePropertyValidator.validate.timer" : {
      "count" : 386300,
      "max" : 1.8102E-5,
      "mean" : 1.3753352780694798E-6,
      "min" : 5.000000000000001E-7,
      "p50" : 1.2000000000000002E-6,
      "p75" : 1.6000000000000001E-6,
      "p95" : 2.1000000000000002E-6,
      "p98" : 2.4000000000000003E-6,
      "p99" : 2.701E-6,
      "p999" : 1.0101E-5,
      "stddev" : 6.734858093697178E-7,
      "m15_rate" : 117.39907724104692,
      "m1_rate" : 116.69237373740829,
      "m5_rate" : 121.1597383082299,
      "mean_rate" : 116.14690938127207,
      "duration_units" : "seconds",
      "rate_units" : "calls/second"
    },
    "eu.domibus.core.replication.UIMessageDaoImpl.deleteMessages.deleteUIMessagesByMessageIds.timer" : {
      "count" : 162,
      "max" : 0.009789008,
      "mean" : 0.002670816253615166,
      "min" : 8.60079E-4,
      "p50" : 0.00226071,
      "p75" : 0.003503925,
      "p95" : 0.003931064000000001,
      "p98" : 0.003931064000000001,
      "p99" : 0.003931064000000001,
      "p999" : 0.003931064000000001,
      "stddev" : 6.62850888507975E-4,
      "m15_rate" : 0.058710534411400894,
      "m1_rate" : 9.603987582777599E-5,
      "m5_rate" : 0.01860864458447995,
      "mean_rate" : 0.05997166163199843,
      "duration_units" : "seconds",
      "rate_units" : "calls/second"
    },
    "eu.domibus.core.util.SoapUtil.logMessage.timer" : {
      "count" : 193090,
      "max" : 2.0802000000000002E-5,
      "mean" : 9.091325321239117E-7,
      "min" : 3.0000000000000004E-7,
      "p50" : 7.01E-7,
      "p75" : 1.0000000000000002E-6,
      "p95" : 1.401E-6,
      "p98" : 1.701E-6,
      "p99" : 1.9E-6,
      "p999" : 2.0802000000000002E-5,
      "stddev" : 1.1195042441590721E-6,
      "m15_rate" : 58.595117497426706,
      "m1_rate" : 58.30878665426325,
      "m5_rate" : 60.31725828410567,
      "mean_rate" : 58.05535720966467,
      "duration_units" : "seconds",
      "rate_units" : "calls/second"
    },
    "eu.domibus.plugin.jms.JMSPluginImpl.deliverMessage.timer" : {
      "count" : 193247,
      "max" : 0.6386375400000001,
      "mean" : 0.10412729250372083,
      "min" : 0.008111051000000001,
      "p50" : 0.10178682500000001,
      "p75" : 0.11748377700000001,
      "p95" : 0.185704098,
      "p98" : 0.24949820400000003,
      "p99" : 0.298343528,
      "p999" : 0.518754343,
      "stddev" : 0.05606794315447065,
      "m15_rate" : 58.866313839247304,
      "m1_rate" : 58.420574595190985,
      "m5_rate" : 60.83898216058795,
      "mean_rate" : 58.114165877484304,
      "duration_units" : "seconds",
      "rate_units" : "calls/second"
    },
    "eu.domibus.plugin.jms.JMSPluginImpl.receiveMessage.timer" : {
      "count" : 193188,
      "max" : 0.883531818,
      "mean" : 0.18943080885294397,
      "min" : 0.008060446,
      "p50" : 0.19978130200000002,
      "p75" : 0.222406398,
      "p95" : 0.31574174200000005,
      "p98" : 0.40455276300000004,
      "p99" : 0.562623501,
      "p999" : 0.755783388,
      "stddev" : 0.0940052422905421,
      "m15_rate" : 58.898400429942264,
      "m1_rate" : 58.47105352311313,
      "m5_rate" : 60.885166829445325,
      "mean_rate" : 58.737871886768296,
      "duration_units" : "seconds",
      "rate_units" : "calls/second"
    }
  }
}