{
  "version" : "4.0.0",
  "gauges" : { },
  "counters" : {
    "eu.domibus.core.ebms3.receiver.MSHWebservice.incoming_user_message.counter" : {
      "count" : 30
    },
    "eu.domibus.core.ebms3.receiver.handler.AbstractIncomingMessageHandler.processMessage.counter" : {
      "count" : 30
    },
    "eu.domibus.core.ebms3.receiver.handler.IncomingUserMessageHandler.around_handleNewUserMessage.counter.counter" : {
      "count" : 60
    },
    "eu.domibus.core.ebms3.sender.AbstractUserMessageSender.outgoing_user_message.counter" : {
      "count" : 7
    },
    "eu.domibus.core.ebms3.sender.MessageSenderListener.onMessage.counter" : {
      "count" : 7
    },
    "eu.domibus.core.ebms3.sender.MessageSenderService.sendUserMessage.counter" : {
      "count" : 7
    },
    "eu.domibus.core.ebms3.sender.client.MSHDispatcher.dispatch.counter" : {
      "count" : 7
    },
    "eu.domibus.core.error.ErrorLogDao.deleteMessages.deleteErrorLogsByMessageIdInError.counter" : {
      "count" : 0
    },
    "eu.domibus.core.message.MessageInfoDao.deleteMessages.counter" : {
      "count" : 0
    },
    "eu.domibus.core.message.MessageInfoDao.findSignalMessageIds.counter" : {
      "count" : 0
    },
    "eu.domibus.core.message.MessagingServiceImpl.storeMessage.counter" : {
      "count" : 0
    },
    "eu.domibus.core.message.UserMessageHandlerServiceImpl.handleNewUserMessage.counter" : {
      "count" : 21
    },
    "eu.domibus.core.message.UserMessageLogDao.deleteMessages.deleteMessageLogs.counter" : {
      "count" : 0
    },
    "eu.domibus.core.message.acknowledge.MessageAcknowledgementDao.deleteMessages.deleteMessageAcknowledgementsByMessageIds.counter" : {
      "count" : 0
    },
    "eu.domibus.core.message.attempt.MessageAttemptDao.deleteMessages.deleteAttemptsByMessageIds.counter" : {
      "count" : 0
    },
    "eu.domibus.core.message.pull.IncomingPullRequestHandler.incoming_pull_request.counter" : {
      "count" : 0
    },
    "eu.domibus.core.message.receipt.AS4ReceiptServiceImpl.generateReceipt.counter" : {
      "count" : 9
    },
    "eu.domibus.core.message.retention.MessageRetentionDefaultService.schedule_deleteExpiredMessages.counter" : {
      "count" : 0
    },
    "eu.domibus.core.message.retention.RetentionListener.onMessage.deleteMessages.counter" : {
      "count" : 0
    },
    "eu.domibus.core.message.signal.SignalMessageDao.deleteMessages.deleteReceipts.counter" : {
      "count" : 0
    },
    "eu.domibus.core.message.signal.SignalMessageLogDao.deleteMessages.deleteMessageLogs.counter" : {
      "count" : 0
    },
    "eu.domibus.core.plugin.handler.DatabaseMessageHandler.submit.counter" : {
      "count" : 25
    },
    "eu.domibus.core.plugin.notification.BackendNotificationService.notifyMessageReceived.counter" : {
      "count" : 12
    },
    "eu.domibus.core.plugin.notification.PluginAsyncNotificationListener.onMessage.counter" : {
      "count" : 16
    },
    "eu.domibus.core.pmode.validation.validators.MessagePropertyValidator.validate.counter" : {
      "count" : 0
    },
    "eu.domibus.core.replication.UIMessageDaoImpl.deleteMessages.deleteUIMessagesByMessageIds.counter" : {
      "count" : 0
    },
    "eu.domibus.core.util.SoapUtil.SoapUtil.counter" : {
      "count" : 0
    },
    "eu.domibus.plugin.jms.JMSPluginImpl.deliverMessage.counter" : {
      "count" : 16
    },
    "eu.domibus.plugin.jms.JMSPluginImpl.receiveMessage.counter" : {
      "count" : 27
    }
  },
  "histograms" : { },
  "meters" : { },
  "timers" : {
    "eu.domibus.core.ebms3.receiver.MSHWebservice.incoming_user_message.timer" : {
      "count" : 193831,
      "max" : 1.2714897490000001,
      "mean" : 0.42149363135514045,
      "min" : 0.13752445200000002,
      "p50" : 0.403125693,
      "p75" : 0.48303057800000004,
      "p95" : 0.641624536,
      "p98" : 0.720649689,
      "p99" : 0.8128031320000001,
      "p999" : 1.148748966,
      "stddev" : 0.12086192827863161,
      "m15_rate" : 58.04503358450452,
      "m1_rate" : 55.794860272805195,
      "m5_rate" : 58.27338935742033,
      "mean_rate" : 58.30728378150504,
      "duration_units" : "seconds",
      "rate_units" : "calls/second"
    },
    "eu.domibus.core.ebms3.receiver.handler.AbstractIncomingMessageHandler.processMessage.timer" : {
      "count" : 193826,
      "max" : 1.4689649630000001,
      "mean" : 0.41768648577983436,
      "min" : 0.12729573,
      "p50" : 0.39218283200000004,
      "p75" : 0.480588862,
      "p95" : 0.638367636,
      "p98" : 0.718639644,
      "p99" : 0.7942784310000001,
      "p999" : 1.188957768,
      "stddev" : 0.1254841410000529,
      "m15_rate" : 58.04074078486294,
      "m1_rate" : 55.791553519382056,
      "m5_rate" : 58.26992336658991,
      "mean_rate" : 58.305821691377375,
      "duration_units" : "seconds",
      "rate_units" : "calls/second"
    },
    "eu.domibus.core.ebms3.receiver.handler.IncomingUserMessageHandler.around_handleNewUserMessage.timer.timer" : {
      "count" : 193796,
      "max" : 1.4691446620000002,
      "mean" : 0.4216731498238691,
      "min" : 0.178164544,
      "p50" : 0.40178210400000003,
      "p75" : 0.48210159300000005,
      "p95" : 0.635964425,
      "p98" : 0.727771936,
      "p99" : 0.8116309410000001,
      "p999" : 1.2501565140000002,
      "stddev" : 0.12353197185862423,
      "m15_rate" : 58.04506856844652,
      "m1_rate" : 55.95015360481936,
      "m5_rate" : 58.29094102817514,
      "mean_rate" : 58.307306652882524,
      "duration_units" : "seconds",
      "rate_units" : "calls/second"
    },
    "eu.domibus.core.ebms3.sender.AbstractUserMessageSender.outgoing_user_message.timer" : {
      "count" : 193999,
      "max" : 0.25230011,
      "mean" : 0.06086783785958045,
      "min" : 0.044463969000000006,
      "p50" : 0.058267064,
      "p75" : 0.064050122,
      "p95" : 0.07511113900000001,
      "p98" : 0.08539856000000001,
      "p99" : 0.148376587,
      "p999" : 0.25230011,
      "stddev" : 0.015404019806199354,
      "m15_rate" : 58.298033438158384,
      "m1_rate" : 56.06098415250487,
      "m5_rate" : 58.63529981375494,
      "mean_rate" : 58.98179029380674,
      "duration_units" : "seconds",
      "rate_units" : "calls/second"
    },
    "eu.domibus.core.ebms3.sender.MessageSenderListener.onMessage.timer" : {
      "count" : 193999,
      "max" : 0.30731297,
      "mean" : 0.07731886931770295,
      "min" : 0.048822527000000004,
      "p50" : 0.06714639800000001,
      "p75" : 0.076483929,
      "p95" : 0.151962667,
      "p98" : 0.17707787,
      "p99" : 0.23100236500000002,
      "p999" : 0.297401071,
      "stddev" : 0.03251682456481884,
      "m15_rate" : 58.295683820585126,
      "m1_rate" : 56.008564299329805,
      "m5_rate" : 58.6274340838413,
      "mean_rate" : 58.980799191868414,
      "duration_units" : "seconds",
      "rate_units" : "calls/second"
    },
    "eu.domibus.core.ebms3.sender.MessageSenderService.sendUserMessage.timer" : {
      "count" : 193999,
      "max" : 0.334901683,
      "mean" : 0.07765846133298639,
      "min" : 0.050204120000000005,
      "p50" : 0.06637150600000001,
      "p75" : 0.076236128,
      "p95" : 0.157333008,
      "p98" : 0.18425581900000002,
      "p99" : 0.199294205,
      "p999" : 0.333239196,
      "stddev" : 0.033284109238683635,
      "m15_rate" : 58.29459498246086,
      "m1_rate" : 55.99536294388917,
      "m5_rate" : 58.624182990677774,
      "mean_rate" : 58.9810835252459,
      "duration_units" : "seconds",
      "rate_units" : "calls/second"
    },
    "eu.domibus.core.ebms3.sender.client.MSHDispatcher.dispatch.timer" : {
      "count" : 194000,
      "max" : 0.263884422,
      "mean" : 0.05012778639573026,
      "min" : 0.033056453,
      "p50" : 0.047422045,
      "p75" : 0.052905004000000005,
      "p95" : 0.06296143,
      "p98" : 0.07293155300000001,
      "p99" : 0.12955592200000002,
      "p999" : 0.263884422,
      "stddev" : 0.015741246561033314,
      "m15_rate" : 58.293467233292624,
      "m1_rate" : 55.968090773527294,
      "m5_rate" : 58.61916722251843,
      "mean_rate" : 58.98617045034259,
      "duration_units" : "seconds",
      "rate_units" : "calls/second"
    },
    "eu.domibus.core.error.ErrorLogDao.deleteMessages.deleteErrorLogsByMessageIdInError.timer" : {
      "count" : 56,
      "max" : 0.014922433,
      "mean" : 0.0035251017159017898,
      "min" : 0.0021022890000000002,
      "p50" : 0.003632573,
      "p75" : 0.0038932710000000002,
      "p95" : 0.005155561,
      "p98" : 0.005155561,
      "p99" : 0.005155561,
      "p999" : 0.005155561,
      "stddev" : 7.657630379265952E-4,
      "m15_rate" : 0.17034607880134178,
      "m1_rate" : 0.07687802305968858,
      "m5_rate" : 0.04468847489020213,
      "mean_rate" : 0.02593011135912543,
      "duration_units" : "seconds",
      "rate_units" : "calls/second"
    },
    "eu.domibus.core.message.MessageInfoDao.deleteMessages.timer" : {
      "count" : 112,
      "max" : 3.2207716320000004,
      "mean" : 0.6334306573134476,
      "min" : 0.127043337,
      "p50" : 0.39294504700000005,
      "p75" : 0.986905412,
      "p95" : 1.1099312810000002,
      "p98" : 1.524099552,
      "p99" : 1.524099552,
      "p999" : 1.524099552,
      "stddev" : 0.41864253345274566,
      "m15_rate" : 0.3388471893933311,
      "m1_rate" : 0.14394707166520038,
      "m5_rate" : 0.08819046871717125,
      "mean_rate" : 0.05181539936717979,
      "duration_units" : "seconds",
      "rate_units" : "calls/second"
    },
    "eu.domibus.core.message.MessageInfoDao.findSignalMessageIds.timer" : {
      "count" : 56,
      "max" : 0.5832753740000001,
      "mean" : 0.1270499811322191,
      "min" : 0.07371184600000001,
      "p50" : 0.106261302,
      "p75" : 0.123376973,
      "p95" : 0.280197074,
      "p98" : 0.5832753740000001,
      "p99" : 0.5832753740000001,
      "p999" : 0.5832753740000001,
      "stddev" : 0.0960635581113261,
      "m15_rate" : 0.16941097316087994,
      "m1_rate" : 0.07149127354704263,
      "m5_rate" : 0.04402889594074651,
      "mean_rate" : 0.025904320928591868,
      "duration_units" : "seconds",
      "rate_units" : "calls/second"
    },
    "eu.domibus.core.message.MessagingServiceImpl.storeMessage.timer" : {
      "count" : 387898,
      "max" : 0.126357551,
      "mean" : 0.007357891598626342,
      "min" : 0.003104976,
      "p50" : 0.005311561,
      "p75" : 0.006757249000000001,
      "p95" : 0.013030403000000001,
      "p98" : 0.018897257,
      "p99" : 0.08075359800000001,
      "p999" : 0.12352007500000001,
      "stddev" : 0.010694598386591214,
      "m15_rate" : 116.19305713302727,
      "m1_rate" : 112.1175775267967,
      "m5_rate" : 116.95287974997058,
      "mean_rate" : 116.70758480706635,
      "duration_units" : "seconds",
      "rate_units" : "calls/second"
    },
    "eu.domibus.core.message.UserMessageHandlerServiceImpl.handleNewUserMessage.timer" : {
      "count" : 193836,
      "max" : 0.7462298380000001,
      "mean" : 0.11896963447428399,
      "min" : 0.024293305,
      "p50" : 0.10657880500000001,
      "p75" : 0.14605121000000001,
      "p95" : 0.23336696,
      "p98" : 0.26313632200000003,
      "p99" : 0.2816486,
      "p999" : 0.367568239,
      "stddev" : 0.05829228054928238,
      "m15_rate" : 58.06056264775707,
      "m1_rate" : 56.01886445348285,
      "m5_rate" : 58.30924382194015,
      "mean_rate" : 58.31930108699072,
      "duration_units" : "seconds",
      "rate_units" : "calls/second"
    },
    "eu.domibus.core.message.UserMessageLogDao.deleteMessages.deleteMessageLogs.timer" : {
      "count" : 56,
      "max" : 0.20956110500000003,
      "mean" : 0.06857484270044573,
      "min" : 0.046302247000000005,
      "p50" : 0.0664952,
      "p75" : 0.07185256000000001,
      "p95" : 0.104774113,
      "p98" : 0.104774113,
      "p99" : 0.104774113,
      "p999" : 0.104774113,
      "stddev" : 0.013314720344658415,
      "m15_rate" : 0.17034607880134178,
      "m1_rate" : 0.07687802305968858,
      "m5_rate" : 0.04468847489020213,
      "mean_rate" : 0.02592732715793924,
      "duration_units" : "seconds",
      "rate_units" : "calls/second"
    },
    "eu.domibus.core.message.acknowledge.MessageAcknowledgementDao.deleteMessages.deleteMessageAcknowledgementsByMessageIds.timer" : {
      "count" : 56,
      "max" : 0.022106401,
      "mean" : 0.003007215924088688,
      "min" : 0.0020215840000000003,
      "p50" : 0.0030585770000000003,
      "p75" : 0.003357075,
      "p95" : 0.004509366,
      "p98" : 0.004509366,
      "p99" : 0.004509366,
      "p999" : 0.004509366,
      "stddev" : 7.453683778051942E-4,
      "m15_rate" : 0.17034607880134178,
      "m1_rate" : 0.07687802305968858,
      "m5_rate" : 0.04468847489020213,
      "mean_rate" : 0.025930571230785925,
      "duration_units" : "seconds",
      "rate_units" : "calls/second"
    },
    "eu.domibus.core.message.attempt.MessageAttemptDao.deleteMessages.deleteAttemptsByMessageIds.timer" : {
      "count" : 56,
      "max" : 0.016787625,
      "mean" : 0.0037901051236300773,
      "min" : 0.002428382,
      "p50" : 0.00399907,
      "p75" : 0.004222868,
      "p95" : 0.0048704640000000006,
      "p98" : 0.010333622,
      "p99" : 0.010333622,
      "p999" : 0.010333622,
      "stddev" : 0.0015103452295627381,
      "m15_rate" : 0.17034607880134178,
      "m1_rate" : 0.07687802305968858,
      "m5_rate" : 0.04468847489020213,
      "mean_rate" : 0.02592989438553138,
      "duration_units" : "seconds",
      "rate_units" : "calls/second"
    },
    "eu.domibus.core.message.pull.IncomingPullRequestHandler.incoming_pull_request.timer" : {
      "count" : 5,
      "max" : 0.149561412,
      "mean" : 0.08450584117088691,
      "min" : 0.010796407000000001,
      "p50" : 0.10678628100000001,
      "p75" : 0.148605321,
      "p95" : 0.149561412,
      "p98" : 0.149561412,
      "p99" : 0.149561412,
      "p999" : 0.149561412,
      "stddev" : 0.06280453752499261,
      "m15_rate" : 0.5162773741570539,
      "m1_rate" : 4.9345367506824454E-5,
      "m5_rate" : 0.13760977271960534,
      "mean_rate" : 0.008315786439083747,
      "duration_units" : "seconds",
      "rate_units" : "calls/second"
    },
    "eu.domibus.core.message.receipt.AS4ReceiptServiceImpl.generateReceipt.timer" : {
      "count" : 193824,
      "max" : 0.13911256300000002,
      "mean" : 0.030276479191679473,
      "min" : 0.016542775000000003,
      "p50" : 0.026621501000000002,
      "p75" : 0.033531449000000005,
      "p95" : 0.052023511,
      "p98" : 0.06397662300000001,
      "p99" : 0.08532126100000001,
      "p999" : 0.13911256300000002,
      "stddev" : 0.012994018872929506,
      "m15_rate" : 58.066905276636916,
      "m1_rate" : 56.05998626838239,
      "m5_rate" : 58.30972470918997,
      "mean_rate" : 58.319051949716766,
      "duration_units" : "seconds",
      "rate_units" : "calls/second"
    },
    "eu.domibus.core.message.retention.MessageRetentionDefaultService.schedule_deleteExpiredMessages.timer" : {
      "count" : 13,
      "max" : 8.992785614,
      "mean" : 8.960590740062411,
      "min" : 0.22445804700000002,
      "p50" : 8.992785614,
      "p75" : 8.992785614,
      "p95" : 8.992785614,
      "p98" : 8.992785614,
      "p99" : 8.992785614,
      "p999" : 8.992785614,
      "stddev" : 0.05097668253440025,
      "m15_rate" : 0.005050435824016069,
      "m1_rate" : 0.009506482641785967,
      "m5_rate" : 0.005422510870767476,
      "mean_rate" : 0.003092877082407022,
      "duration_units" : "seconds",
      "rate_units" : "calls/second"
    },
    "eu.domibus.core.message.retention.RetentionListener.onMessage.deleteMessages.timer" : {
      "count" : 56,
      "max" : 5.641026311,
      "mean" : 1.8766210913882075,
      "min" : 1.544505672,
      "p50" : 1.776683044,
      "p75" : 1.9539401740000002,
      "p95" : 2.441433263,
      "p98" : 2.441433263,
      "p99" : 2.441433263,
      "p999" : 2.441433263,
      "stddev" : 0.23766671797038375,
      "m15_rate" : 0.16945329702081577,
      "m1_rate" : 0.07301149496425734,
      "m5_rate" : 0.04422367312249291,
      "mean_rate" : 0.025903940667036145,
      "duration_units" : "seconds",
      "rate_units" : "calls/second"
    },
    "eu.domibus.core.message.signal.SignalMessageDao.deleteMessages.deleteReceipts.timer" : {
      "count" : 56,
      "max" : 1.861955083,
      "mean" : 0.24832097064401154,
      "min" : 0.1548962,
      "p50" : 0.19704772,
      "p75" : 0.25788346100000004,
      "p95" : 0.47776841000000003,
      "p98" : 0.47776841000000003,
      "p99" : 0.47776841000000003,
      "p999" : 0.47776841000000003,
      "stddev" : 0.09754414617864493,
      "m15_rate" : 0.16940512472773608,
      "m1_rate" : 0.07073120500441478,
      "m5_rate" : 0.04395496407625179,
      "mean_rate" : 0.025924001547432907,
      "duration_units" : "seconds",
      "rate_units" : "calls/second"
    },
    "eu.domibus.core.message.signal.SignalMessageLogDao.deleteMessages.deleteMessageLogs.timer" : {
      "count" : 56,
      "max" : 0.268937464,
      "mean" : 0.06261188564822001,
      "min" : 0.040056338000000004,
      "p50" : 0.062400527000000004,
      "p75" : 0.07328945,
      "p95" : 0.09181791,
      "p98" : 0.09181791,
      "p99" : 0.09181791,
      "p999" : 0.09181791,
      "stddev" : 0.015723165362271335,
      "m15_rate" : 0.17034607880134178,
      "m1_rate" : 0.07687802305968858,
      "m5_rate" : 0.04468847489020213,
      "mean_rate" : 0.025928901407198408,
      "duration_units" : "seconds",
      "rate_units" : "calls/second"
    },
    "eu.domibus.core.plugin.handler.DatabaseMessageHandler.submit.timer" : {
      "count" : 194040,
      "max" : 0.407751307,
      "mean" : 0.11118807132050373,
      "min" : 0.012087508,
      "p50" : 0.104683119,
      "p75" : 0.12129989000000001,
      "p95" : 0.214187388,
      "p98" : 0.247207943,
      "p99" : 0.2666035,
      "p999" : 0.37675767000000004,
      "stddev" : 0.04803966870488684,
      "m15_rate" : 58.29778303332778,
      "m1_rate" : 55.94376463379693,
      "m5_rate" : 58.61575971492458,
      "mean_rate" : 58.98758698987985,
      "duration_units" : "seconds",
      "rate_units" : "calls/second"
    },
    "eu.domibus.core.plugin.notification.BackendNotificationService.notifyMessageReceived.timer" : {
      "count" : 193832,
      "max" : 0.333526794,
      "mean" : 0.0697026056970807,
      "min" : 5.09496E-4,
      "p50" : 0.063218126,
      "p75" : 0.095961484,
      "p95" : 0.153335451,
      "p98" : 0.20379306900000002,
      "p99" : 0.21380990700000002,
      "p999" : 0.33142181000000004,
      "stddev" : 0.046074076978156554,
      "m15_rate" : 58.050974369673874,
      "m1_rate" : 55.95319534351691,
      "m5_rate" : 58.29235750402925,
      "mean_rate" : 58.3197188760667,
      "duration_units" : "seconds",
      "rate_units" : "calls/second"
    },
    "eu.domibus.core.plugin.notification.PluginAsyncNotificationListener.onMessage.timer" : {
      "count" : 194085,
      "max" : 0.514444997,
      "mean" : 0.11225999793885691,
      "min" : 0.01075502,
      "p50" : 0.104322115,
      "p75" : 0.120365788,
      "p95" : 0.22357702000000002,
      "p98" : 0.25524888300000004,
      "p99" : 0.27421854100000004,
      "p999" : 0.315760429,
      "stddev" : 0.0491528843434436,
      "m15_rate" : 58.24798451883458,
      "m1_rate" : 56.15900234160971,
      "m5_rate" : 58.63910041948615,
      "mean_rate" : 58.405148277005274,
      "duration_units" : "seconds",
      "rate_units" : "calls/second"
    },
    "eu.domibus.core.pmode.validation.validators.MessagePropertyValidator.validate.timer" : {
      "count" : 387898,
      "max" : 5.6599000000000005E-5,
      "mean" : 1.7101589276858383E-6,
      "min" : 6.000000000000001E-7,
      "p50" : 1.2000000000000002E-6,
      "p75" : 1.6000000000000001E-6,
      "p95" : 2.7E-6,
      "p98" : 3.2000000000000003E-6,
      "p99" : 1.29E-5,
      "p999" : 4.8399E-5,
      "stddev" : 3.2235389797482284E-6,
      "m15_rate" : 116.19181687099818,
      "m1_rate" : 112.10423623524841,
      "m5_rate" : 116.95115078676031,
      "mean_rate" : 116.70703753717555,
      "duration_units" : "seconds",
      "rate_units" : "calls/second"
    },
    "eu.domibus.core.replication.UIMessageDaoImpl.deleteMessages.deleteUIMessagesByMessageIds.timer" : {
      "count" : 112,
      "max" : 0.018841515,
      "mean" : 0.0027759579139745036,
      "min" : 0.0017871900000000001,
      "p50" : 0.0027384790000000003,
      "p75" : 0.0031389760000000004,
      "p95" : 0.0035787730000000004,
      "p98" : 0.00400087,
      "p99" : 0.00522276,
      "p999" : 0.00522276,
      "stddev" : 6.022584951974164E-4,
      "m15_rate" : 0.34069215760268357,
      "m1_rate" : 0.15375604611937715,
      "m5_rate" : 0.08937694978040427,
      "mean_rate" : 0.05186050316937016,
      "duration_units" : "seconds",
      "rate_units" : "calls/second"
    },
    "eu.domibus.core.util.SoapUtil.logMessage.timer" : {
      "count" : 193844,
      "max" : 2.5300000000000002E-5,
      "mean" : 9.263833697946029E-7,
      "min" : 4.0000000000000003E-7,
      "p50" : 8.000000000000001E-7,
      "p75" : 1.0000000000000002E-6,
      "p95" : 1.6000000000000001E-6,
      "p98" : 1.8000000000000001E-6,
      "p99" : 1.9E-6,
      "p999" : 2.2699E-5,
      "stddev" : 1.0002096273747135E-6,
      "m15_rate" : 58.053974815800096,
      "m1_rate" : 56.0001746255235,
      "m5_rate" : 58.301958318633645,
      "mean_rate" : 58.32177382190164,
      "duration_units" : "seconds",
      "rate_units" : "calls/second"
    },
    "eu.domibus.plugin.jms.JMSPluginImpl.deliverMessage.timer" : {
      "count" : 194085,
      "max" : 0.7214946250000001,
      "mean" : 0.1118350385503026,
      "min" : 0.010211722000000001,
      "p50" : 0.102835932,
      "p75" : 0.119557406,
      "p95" : 0.223187922,
      "p98" : 0.26273212700000004,
      "p99" : 0.286340829,
      "p999" : 0.565084553,
      "stddev" : 0.056502221223237406,
      "m15_rate" : 58.247045135804214,
      "m1_rate" : 56.140552633012454,
      "m5_rate" : 58.636293272763965,
      "mean_rate" : 58.40537985756068,
      "duration_units" : "seconds",
      "rate_units" : "calls/second"
    },
    "eu.domibus.plugin.jms.JMSPluginImpl.receiveMessage.timer" : {
      "count" : 194038,
      "max" : 0.8052330900000001,
      "mean" : 0.19788311626364333,
      "min" : 0.011639211,
      "p50" : 0.19866841600000001,
      "p75" : 0.22740510400000002,
      "p95" : 0.32117980500000004,
      "p98" : 0.38577600300000003,
      "p99" : 0.43368154400000003,
      "p999" : 0.7719583990000001,
      "stddev" : 0.0751257661219025,
      "m15_rate" : 58.305717463700525,
      "m1_rate" : 56.05617297185917,
      "m5_rate" : 58.64078585089279,
      "mean_rate" : 58.98590366583095,
      "duration_units" : "seconds",
      "rate_units" : "calls/second"
    }
  }
}