{
  "version" : "4.0.0",
  "gauges" : { },
  "counters" : {
    "eu.domibus.core.ebms3.receiver.MSHWebservice.incoming_user_message.counter" : {
      "count" : 30
    },
    "eu.domibus.core.ebms3.receiver.handler.AbstractIncomingMessageHandler.processMessage.counter" : {
      "count" : 30
    },
    "eu.domibus.core.ebms3.receiver.handler.IncomingUserMessageHandler.around_handleNewUserMessage.counter.counter" : {
      "count" : 60
    },
    "eu.domibus.core.ebms3.sender.AbstractUserMessageSender.outgoing_user_message.counter" : {
      "count" : 2
    },
    "eu.domibus.core.ebms3.sender.MessageSenderListener.onMessage.counter" : {
      "count" : 5
    },
    "eu.domibus.core.ebms3.sender.MessageSenderService.sendUserMessage.counter" : {
      "count" : 5
    },
    "eu.domibus.core.ebms3.sender.client.MSHDispatcher.dispatch.counter" : {
      "count" : 2
    },
    "eu.domibus.core.error.ErrorLogDao.deleteMessages.deleteErrorLogsByMessageIdInError.counter" : {
      "count" : 0
    },
    "eu.domibus.core.message.MessageInfoDao.deleteMessages.counter" : {
      "count" : 0
    },
    "eu.domibus.core.message.MessageInfoDao.findSignalMessageIds.counter" : {
      "count" : 0
    },
    "eu.domibus.core.message.MessagingServiceImpl.storeMessage.counter" : {
      "count" : 0
    },
    "eu.domibus.core.message.UserMessageHandlerServiceImpl.handleNewUserMessage.counter" : {
      "count" : 7
    },
    "eu.domibus.core.message.UserMessageLogDao.deleteMessages.deleteMessageLogs.counter" : {
      "count" : 0
    },
    "eu.domibus.core.message.acknowledge.MessageAcknowledgementDao.deleteMessages.deleteMessageAcknowledgementsByMessageIds.counter" : {
      "count" : 0
    },
    "eu.domibus.core.message.attempt.MessageAttemptDao.deleteMessages.deleteAttemptsByMessageIds.counter" : {
      "count" : 0
    },
    "eu.domibus.core.message.pull.IncomingPullRequestHandler.incoming_pull_request.counter" : {
      "count" : 0
    },
    "eu.domibus.core.message.receipt.AS4ReceiptServiceImpl.generateReceipt.counter" : {
      "count" : 0
    },
    "eu.domibus.core.message.retention.MessageRetentionDefaultService.schedule_deleteExpiredMessages.counter" : {
      "count" : 0
    },
    "eu.domibus.core.message.retention.RetentionListener.onMessage.deleteMessages.counter" : {
      "count" : 0
    },
    "eu.domibus.core.message.signal.SignalMessageDao.deleteMessages.deleteReceipts.counter" : {
      "count" : 0
    },
    "eu.domibus.core.message.signal.SignalMessageLogDao.deleteMessages.deleteMessageLogs.counter" : {
      "count" : 0
    },
    "eu.domibus.core.plugin.handler.DatabaseMessageHandler.submit.counter" : {
      "count" : 14
    },
    "eu.domibus.core.plugin.notification.BackendNotificationService.notifyMessageReceived.counter" : {
      "count" : 7
    },
    "eu.domibus.core.plugin.notification.PluginAsyncNotificationListener.onMessage.counter" : {
      "count" : 5
    },
    "eu.domibus.core.pmode.validation.validators.MessagePropertyValidator.validate.counter" : {
      "count" : 0
    },
    "eu.domibus.core.replication.UIMessageDaoImpl.deleteMessages.deleteUIMessagesByMessageIds.counter" : {
      "count" : 0
    },
    "eu.domibus.core.util.SoapUtil.SoapUtil.counter" : {
      "count" : 0
    },
    "eu.domibus.plugin.jms.JMSPluginImpl.deliverMessage.counter" : {
      "count" : 5
    },
    "eu.domibus.plugin.jms.JMSPluginImpl.receiveMessage.counter" : {
      "count" : 15
    }
  },
  "histograms" : { },
  "meters" : { },
  "timers" : {
    "eu.domibus.core.ebms3.receiver.MSHWebservice.incoming_user_message.timer" : {
      "count" : 193795,
      "max" : 1.247642377,
      "mean" : 0.41923106825789563,
      "min" : 0.13177550500000001,
      "p50" : 0.40126150400000005,
      "p75" : 0.4781093,
      "p95" : 0.610254411,
      "p98" : 0.6916488630000001,
      "p99" : 0.84497095,
      "p999" : 1.1995156530000002,
      "stddev" : 0.11729435024663473,
      "m15_rate" : 59.48296814346638,
      "m1_rate" : 62.06068202309357,
      "m5_rate" : 61.954726759551995,
      "mean_rate" : 46.127126551888665,
      "duration_units" : "seconds",
      "rate_units" : "calls/second"
    },
    "eu.domibus.core.ebms3.receiver.handler.AbstractIncomingMessageHandler.processMessage.timer" : {
      "count" : 193789,
      "max" : 1.28948112,
      "mean" : 0.42479838380892465,
      "min" : 0.153727693,
      "p50" : 0.409716415,
      "p75" : 0.48358887400000006,
      "p95" : 0.618970527,
      "p98" : 0.6806210300000001,
      "p99" : 0.816714083,
      "p999" : 1.196816919,
      "stddev" : 0.11484092756972439,
      "m15_rate" : 59.56995026197631,
      "m1_rate" : 62.01856534680396,
      "m5_rate" : 61.94353805790127,
      "mean_rate" : 58.27658968211144,
      "duration_units" : "seconds",
      "rate_units" : "calls/second"
    },
    "eu.domibus.core.ebms3.receiver.handler.IncomingUserMessageHandler.around_handleNewUserMessage.timer.timer" : {
      "count" : 193759,
      "max" : 1.246366061,
      "mean" : 0.42135297695291074,
      "min" : 0.12900756900000002,
      "p50" : 0.40350473400000003,
      "p75" : 0.480925639,
      "p95" : 0.606895473,
      "p98" : 0.6793340130000001,
      "p99" : 0.7266368160000001,
      "p999" : 1.1873903970000002,
      "stddev" : 0.1122874518642738,
      "m15_rate" : 59.55946753085484,
      "m1_rate" : 62.00135364113477,
      "m5_rate" : 61.93776676931216,
      "mean_rate" : 58.26800072263537,
      "duration_units" : "seconds",
      "rate_units" : "calls/second"
    },
    "eu.domibus.core.ebms3.sender.AbstractUserMessageSender.outgoing_user_message.timer" : {
      "count" : 193223,
      "max" : 0.511604835,
      "mean" : 0.05778136296348314,
      "min" : 0.040547926000000005,
      "p50" : 0.054518307,
      "p75" : 0.059281869,
      "p95" : 0.070063707,
      "p98" : 0.09940389000000001,
      "p99" : 0.136231168,
      "p999" : 0.511604835,
      "stddev" : 0.024638160878007968,
      "m15_rate" : 59.49715257066539,
      "m1_rate" : 62.16798670010582,
      "m5_rate" : 61.93057517313808,
      "mean_rate" : 58.75484338978536,
      "duration_units" : "seconds",
      "rate_units" : "calls/second"
    },
    "eu.domibus.core.ebms3.sender.MessageSenderListener.onMessage.timer" : {
      "count" : 193223,
      "max" : 0.472673226,
      "mean" : 0.07614148770509088,
      "min" : 0.045110785,
      "p50" : 0.062568011,
      "p75" : 0.074418366,
      "p95" : 0.152193974,
      "p98" : 0.194839121,
      "p99" : 0.21924384300000002,
      "p999" : 0.335052145,
      "stddev" : 0.03583145384244269,
      "m15_rate" : 59.498231918502,
      "m1_rate" : 62.20486398514324,
      "m5_rate" : 61.93488617239453,
      "mean_rate" : 58.7526569065154,
      "duration_units" : "seconds",
      "rate_units" : "calls/second"
    },
    "eu.domibus.core.ebms3.sender.MessageSenderService.sendUserMessage.timer" : {
      "count" : 193223,
      "max" : 0.554585682,
      "mean" : 0.07397746739212589,
      "min" : 0.046509902000000006,
      "p50" : 0.062500111,
      "p75" : 0.073068347,
      "p95" : 0.147621615,
      "p98" : 0.165435145,
      "p99" : 0.207359689,
      "p999" : 0.324705811,
      "stddev" : 0.03209152140746949,
      "m15_rate" : 59.49800362317527,
      "m1_rate" : 62.19476631062909,
      "m5_rate" : 61.93403826373273,
      "mean_rate" : 58.75304439447935,
      "duration_units" : "seconds",
      "rate_units" : "calls/second"
    },
    "eu.domibus.core.ebms3.sender.client.MSHDispatcher.dispatch.timer" : {
      "count" : 193224,
      "max" : 0.5028266210000001,
      "mean" : 0.049114352102050375,
      "min" : 0.03398744,
      "p50" : 0.046142498000000004,
      "p75" : 0.051216164,
      "p95" : 0.062702613,
      "p98" : 0.081653159,
      "p99" : 0.161811598,
      "p999" : 0.20203632100000002,
      "stddev" : 0.02100802984589324,
      "m15_rate" : 59.49879005869984,
      "m1_rate" : 62.18051656049166,
      "m5_rate" : 61.93413989068762,
      "mean_rate" : 58.75785826796448,
      "duration_units" : "seconds",
      "rate_units" : "calls/second"
    },
    "eu.domibus.core.error.ErrorLogDao.deleteMessages.deleteErrorLogsByMessageIdInError.timer" : {
      "count" : 56,
      "max" : 0.014011987,
      "mean" : 0.004576606244675357,
      "min" : 0.002016627,
      "p50" : 0.0041244540000000005,
      "p75" : 0.007171392,
      "p95" : 0.008083305,
      "p98" : 0.008083305,
      "p99" : 0.008083305,
      "p999" : 0.008083305,
      "stddev" : 0.0018667448214698128,
      "m15_rate" : 0.19506252861716333,
      "m1_rate" : 1.3656340511903757E-4,
      "m5_rate" : 0.011576486338933377,
      "mean_rate" : 0.028287548505739637,
      "duration_units" : "seconds",
      "rate_units" : "calls/second"
    },
    "eu.domibus.core.message.MessageInfoDao.deleteMessages.timer" : {
      "count" : 112,
      "max" : 1.349967211,
      "mean" : 0.6686987926478272,
      "min" : 0.135606679,
      "p50" : 0.421475237,
      "p75" : 1.038387796,
      "p95" : 1.311787524,
      "p98" : 1.311787524,
      "p99" : 1.311787524,
      "p999" : 1.311787524,
      "stddev" : 0.4188375086717721,
      "m15_rate" : 0.38800007587994756,
      "m1_rate" : 2.5520818457421896E-4,
      "m5_rate" : 0.022836285153207146,
      "mean_rate" : 0.056522191739022815,
      "duration_units" : "seconds",
      "rate_units" : "calls/second"
    },
    "eu.domibus.core.message.MessageInfoDao.findSignalMessageIds.timer" : {
      "count" : 56,
      "max" : 0.39905192700000003,
      "mean" : 0.10948891130833194,
      "min" : 0.087470854,
      "p50" : 0.115153685,
      "p75" : 0.124222602,
      "p95" : 0.124446306,
      "p98" : 0.124446306,
      "p99" : 0.124446306,
      "p999" : 0.179756154,
      "stddev" : 0.014286163191482456,
      "m15_rate" : 0.19398572349031062,
      "m1_rate" : 1.2691163395197013E-4,
      "m5_rate" : 0.01139884399835565,
      "mean_rate" : 0.0282575449053493,
      "duration_units" : "seconds",
      "rate_units" : "calls/second"
    },
    "eu.domibus.core.message.MessagingServiceImpl.storeMessage.timer" : {
      "count" : 387083,
      "max" : 0.19525683200000002,
      "mean" : 0.006477024715766748,
      "min" : 0.002726636,
      "p50" : 0.005099666,
      "p75" : 0.006416383,
      "p95" : 0.011467448,
      "p98" : 0.015207797,
      "p99" : 0.017953833000000002,
      "p999" : 0.15509941000000002,
      "stddev" : 0.008910348911644442,
      "m15_rate" : 118.8923579017925,
      "m1_rate" : 123.80824910631756,
      "m5_rate" : 123.80834384802185,
      "mean_rate" : 116.40570957759938,
      "duration_units" : "seconds",
      "rate_units" : "calls/second"
    },
    "eu.domibus.core.message.UserMessageHandlerServiceImpl.handleNewUserMessage.timer" : {
      "count" : 193812,
      "max" : 0.640983712,
      "mean" : 0.13308949269283274,
      "min" : 0.025000123000000003,
      "p50" : 0.122318986,
      "p75" : 0.15849605700000002,
      "p95" : 0.24810531900000002,
      "p98" : 0.282271261,
      "p99" : 0.31225415100000004,
      "p999" : 0.391231773,
      "stddev" : 0.06003127325691492,
      "m15_rate" : 59.57214389395832,
      "m1_rate" : 62.01707206303882,
      "m5_rate" : 61.94626198350223,
      "mean_rate" : 58.283895615671,
      "duration_units" : "seconds",
      "rate_units" : "calls/second"
    },
    "eu.domibus.core.message.UserMessageLogDao.deleteMessages.deleteMessageLogs.timer" : {
      "count" : 56,
      "max" : 0.17933796400000002,
      "mean" : 0.06693460004574311,
      "min" : 0.051570376,
      "p50" : 0.06611905300000001,
      "p75" : 0.07042250800000001,
      "p95" : 0.08325347400000001,
      "p98" : 0.08325347400000001,
      "p99" : 0.08325347400000001,
      "p999" : 0.08325347400000001,
      "stddev" : 0.007128724677473209,
      "m15_rate" : 0.1950664211124142,
      "m1_rate" : 1.379407688737522E-4,
      "m5_rate" : 0.011590416736613464,
      "mean_rate" : 0.028285048019784324,
      "duration_units" : "seconds",
      "rate_units" : "calls/second"
    },
    "eu.domibus.core.message.acknowledge.MessageAcknowledgementDao.deleteMessages.deleteMessageAcknowledgementsByMessageIds.timer" : {
      "count" : 56,
      "max" : 0.012557867,
      "mean" : 0.0032758968317038407,
      "min" : 0.0019223250000000001,
      "p50" : 0.003209941,
      "p75" : 0.00464276,
      "p95" : 0.004793561,
      "p98" : 0.004793561,
      "p99" : 0.004793561,
      "p999" : 0.004793561,
      "stddev" : 0.0010373759576046493,
      "m15_rate" : 0.19506077960630427,
      "m1_rate" : 1.365633966562221E-4,
      "m5_rate" : 0.011575222601767323,
      "mean_rate" : 0.028288117322267745,
      "duration_units" : "seconds",
      "rate_units" : "calls/second"
    },
    "eu.domibus.core.message.attempt.MessageAttemptDao.deleteMessages.deleteAttemptsByMessageIds.timer" : {
      "count" : 56,
      "max" : 0.018284944,
      "mean" : 0.0036190911324238753,
      "min" : 0.002491633,
      "p50" : 0.003734348,
      "p75" : 0.004099653,
      "p95" : 0.004496558,
      "p98" : 0.004496558,
      "p99" : 0.004496558,
      "p999" : 0.004496558,
      "stddev" : 5.549620332613704E-4,
      "m15_rate" : 0.19506252861716333,
      "m1_rate" : 1.3656340511903757E-4,
      "m5_rate" : 0.011576486338933377,
      "mean_rate" : 0.028287272430796283,
      "duration_units" : "seconds",
      "rate_units" : "calls/second"
    },
    "eu.domibus.core.message.pull.IncomingPullRequestHandler.incoming_pull_request.timer" : {
      "count" : 6,
      "max" : 0.48937461000000004,
      "mean" : 0.029669991039223322,
      "min" : 0.010040529000000001,
      "p50" : 0.010642337,
      "p75" : 0.014125481,
      "p95" : 0.086060706,
      "p98" : 0.086060706,
      "p99" : 0.086060706,
      "p999" : 0.086060706,
      "stddev" : 0.03195062262596501,
      "m15_rate" : 0.006070584080164042,
      "m1_rate" : 3.1563501954714575E-6,
      "m5_rate" : 0.0018199297878603706,
      "mean_rate" : 0.001428121455285651,
      "duration_units" : "seconds",
      "rate_units" : "calls/second"
    },
    "eu.domibus.core.message.receipt.AS4ReceiptServiceImpl.generateReceipt.timer" : {
      "count" : 193799,
      "max" : 0.17109411700000002,
      "mean" : 0.02885595302597684,
      "min" : 0.015578502000000001,
      "p50" : 0.025090025000000002,
      "p75" : 0.032521121,
      "p95" : 0.048695331,
      "p98" : 0.05928376900000001,
      "p99" : 0.082377768,
      "p999" : 0.130638993,
      "stddev" : 0.01310174794592526,
      "m15_rate" : 59.565233905938655,
      "m1_rate" : 61.8850205531314,
      "m5_rate" : 61.91925624702291,
      "mean_rate" : 58.28287601879887,
      "duration_units" : "seconds",
      "rate_units" : "calls/second"
    },
    "eu.domibus.core.message.retention.MessageRetentionDefaultService.schedule_deleteExpiredMessages.timer" : {
      "count" : 10,
      "max" : 8.5359107,
      "mean" : 6.738008393299094,
      "min" : 0.49070941,
      "p50" : 6.73461478,
      "p75" : 6.73461478,
      "p95" : 6.73461478,
      "p98" : 6.73461478,
      "p99" : 6.73461478,
      "p999" : 8.5359107,
      "stddev" : 0.07822932088575255,
      "m15_rate" : 0.005868175051581041,
      "m1_rate" : 1.724242546519872E-5,
      "m5_rate" : 0.0011733718015127458,
      "mean_rate" : 0.0027751947800442284,
      "duration_units" : "seconds",
      "rate_units" : "calls/second"
    },
    "eu.domibus.core.message.retention.RetentionListener.onMessage.deleteMessages.timer" : {
      "count" : 56,
      "max" : 2.928058402,
      "mean" : 1.8978688173483595,
      "min" : 1.6613341320000001,
      "p50" : 1.920240573,
      "p75" : 2.027830761,
      "p95" : 2.165629538,
      "p98" : 2.165629538,
      "p99" : 2.165629538,
      "p999" : 2.165629538,
      "stddev" : 0.16927518631553418,
      "m15_rate" : 0.14969545658816902,
      "m1_rate" : 1.2967140238957802E-4,
      "m5_rate" : 0.010900961444488107,
      "mean_rate" : 0.028257053524444214,
      "duration_units" : "seconds",
      "rate_units" : "calls/second"
    },
    "eu.domibus.core.message.signal.SignalMessageDao.deleteMessages.deleteReceipts.timer" : {
      "count" : 56,
      "max" : 0.956510324,
      "mean" : 0.22261025236285328,
      "min" : 0.16203479,
      "p50" : 0.21698649900000003,
      "p75" : 0.24083320700000002,
      "p95" : 0.36886085900000004,
      "p98" : 0.36886085900000004,
      "p99" : 0.36886085900000004,
      "p999" : 0.431290149,
      "stddev" : 0.062086152822335934,
      "m15_rate" : 0.19399109320022295,
      "m1_rate" : 1.2691288996059127E-4,
      "m5_rate" : 0.011402996321908021,
      "mean_rate" : 0.028276976142897692,
      "duration_units" : "seconds",
      "rate_units" : "calls/second"
    },
    "eu.domibus.core.message.signal.SignalMessageLogDao.deleteMessages.deleteMessageLogs.timer" : {
      "count" : 56,
      "max" : 0.117430748,
      "mean" : 0.06037078199271595,
      "min" : 0.043149766000000006,
      "p50" : 0.056633331,
      "p75" : 0.061173989000000005,
      "p95" : 0.09304000000000001,
      "p98" : 0.09304000000000001,
      "p99" : 0.09304000000000001,
      "p999" : 0.09304000000000001,
      "stddev" : 0.013555503427900073,
      "m15_rate" : 0.1950664211124142,
      "m1_rate" : 1.379407688737522E-4,
      "m5_rate" : 0.011590416736613464,
      "mean_rate" : 0.02828605504578658,
      "duration_units" : "seconds",
      "rate_units" : "calls/second"
    },
    "eu.domibus.core.plugin.handler.DatabaseMessageHandler.submit.timer" : {
      "count" : 193264,
      "max" : 0.6138298590000001,
      "mean" : 0.10963924069253657,
      "min" : 0.008865415,
      "p50" : 0.099158486,
      "p75" : 0.11685171600000001,
      "p95" : 0.211430643,
      "p98" : 0.24302225100000002,
      "p99" : 0.293166602,
      "p999" : 0.391560277,
      "stddev" : 0.0494952748313995,
      "m15_rate" : 59.51022323340545,
      "m1_rate" : 62.27037254788857,
      "m5_rate" : 61.956037518751835,
      "mean_rate" : 58.76019648338027,
      "duration_units" : "seconds",
      "rate_units" : "calls/second"
    },
    "eu.domibus.core.plugin.notification.BackendNotificationService.notifyMessageReceived.timer" : {
      "count" : 193799,
      "max" : 0.357237532,
      "mean" : 0.07589072646750303,
      "min" : 4.40206E-4,
      "p50" : 0.070823019,
      "p75" : 0.099834195,
      "p95" : 0.14886743100000002,
      "p98" : 0.21152114100000002,
      "p99" : 0.21963405000000003,
      "p999" : 0.33946000200000004,
      "stddev" : 0.0454936523372228,
      "m15_rate" : 59.56886945078718,
      "m1_rate" : 61.9564985722959,
      "m5_rate" : 61.931922230857104,
      "mean_rate" : 58.28132518535706,
      "duration_units" : "seconds",
      "rate_units" : "calls/second"
    },
    "eu.domibus.core.plugin.notification.PluginAsyncNotificationListener.onMessage.timer" : {
      "count" : 193322,
      "max" : 0.484317076,
      "mean" : 0.11502017634865255,
      "min" : 0.009399622,
      "p50" : 0.105096063,
      "p75" : 0.123937608,
      "p95" : 0.217623219,
      "p98" : 0.27567887700000004,
      "p99" : 0.28452198900000003,
      "p999" : 0.362021493,
      "stddev" : 0.049523268236645816,
      "m15_rate" : 59.45169946562877,
      "m1_rate" : 62.38502350365033,
      "m5_rate" : 61.98636023360657,
      "mean_rate" : 58.146930145949135,
      "duration_units" : "seconds",
      "rate_units" : "calls/second"
    },
    "eu.domibus.core.pmode.validation.validators.MessagePropertyValidator.validate.timer" : {
      "count" : 387083,
      "max" : 3.1400000000000004E-5,
      "mean" : 1.4844493526780901E-6,
      "min" : 5.000000000000001E-7,
      "p50" : 1.3E-6,
      "p75" : 1.7E-6,
      "p95" : 2.4000000000000003E-6,
      "p98" : 2.7E-6,
      "p99" : 3.0E-6,
      "p999" : 3.1400000000000004E-5,
      "stddev" : 1.454528971745589E-6,
      "m15_rate" : 118.8928981969497,
      "m1_rate" : 123.81747975623945,
      "m5_rate" : 123.80817938225874,
      "mean_rate" : 116.40528707379656,
      "duration_units" : "seconds",
      "rate_units" : "calls/second"
    },
    "eu.domibus.core.replication.UIMessageDaoImpl.deleteMessages.deleteUIMessagesByMessageIds.timer" : {
      "count" : 112,
      "max" : 0.016420019,
      "mean" : 0.002878586424990879,
      "min" : 0.0017915230000000002,
      "p50" : 0.0031434410000000003,
      "p75" : 0.003417044,
      "p95" : 0.00389835,
      "p98" : 0.00389835,
      "p99" : 0.00389835,
      "p999" : 0.00389835,
      "stddev" : 6.327485217829049E-4,
      "m15_rate" : 0.39012155921260855,
      "m1_rate" : 2.731267933124442E-4,
      "m5_rate" : 0.023150445203534646,
      "mean_rate" : 0.05657541917229986,
      "duration_units" : "seconds",
      "rate_units" : "calls/second"
    },
    "eu.domibus.core.util.SoapUtil.logMessage.timer" : {
      "count" : 193806,
      "max" : 2.69003E-4,
      "mean" : 9.962338936418398E-7,
      "min" : 3.0000000000000004E-7,
      "p50" : 8.000000000000001E-7,
      "p75" : 1.0000000000000002E-6,
      "p95" : 1.4000000000000001E-6,
      "p98" : 1.6000000000000001E-6,
      "p99" : 1.8000000000000001E-6,
      "p999" : 2.4200000000000002E-5,
      "stddev" : 5.514954487399619E-6,
      "m15_rate" : 59.576978738279585,
      "m1_rate" : 62.06595289134395,
      "m5_rate" : 61.9562387319689,
      "mean_rate" : 58.2821231032765,
      "duration_units" : "seconds",
      "rate_units" : "calls/second"
    },
    "eu.domibus.plugin.jms.JMSPluginImpl.deliverMessage.timer" : {
      "count" : 193322,
      "max" : 0.41622099700000004,
      "mean" : 0.11268361852803474,
      "min" : 0.009062318,
      "p50" : 0.103882948,
      "p75" : 0.12118197200000001,
      "p95" : 0.213739073,
      "p98" : 0.247956215,
      "p99" : 0.280173033,
      "p999" : 0.367480162,
      "stddev" : 0.045907954411358295,
      "m15_rate" : 59.45070073686272,
      "m1_rate" : 62.37695466308579,
      "m5_rate" : 61.9835052943863,
      "mean_rate" : 58.147186121953965,
      "duration_units" : "seconds",
      "rate_units" : "calls/second"
    },
    "eu.domibus.plugin.jms.JMSPluginImpl.receiveMessage.timer" : {
      "count" : 193263,
      "max" : 0.9673151430000001,
      "mean" : 0.2087136327155042,
      "min" : 0.009514223,
      "p50" : 0.201995421,
      "p75" : 0.231077095,
      "p95" : 0.32516841900000004,
      "p98" : 0.434828641,
      "p99" : 0.502307413,
      "p999" : 0.713998158,
      "stddev" : 0.07790109203386403,
      "m15_rate" : 59.500133049634236,
      "m1_rate" : 62.13440053555249,
      "m5_rate" : 61.92616161781318,
      "mean_rate" : 58.75963214266556,
      "duration_units" : "seconds",
      "rate_units" : "calls/second"
    }
  }
}