{
  "version" : "4.0.0",
  "gauges" : { },
  "counters" : {
    "eu.domibus.core.ebms3.receiver.MSHWebservice.incoming_user_message.counter" : {
      "count" : 30
    },
    "eu.domibus.core.ebms3.receiver.handler.AbstractIncomingMessageHandler.processMessage.counter" : {
      "count" : 30
    },
    "eu.domibus.core.ebms3.receiver.handler.IncomingUserMessageHandler.around_handleNewUserMessage.counter.counter" : {
      "count" : 30
    },
    "eu.domibus.core.ebms3.sender.AbstractUserMessageSender.outgoing_user_message.counter" : {
      "count" : 4
    },
    "eu.domibus.core.ebms3.sender.MessageSenderListener.onMessage.counter" : {
      "count" : 5
    },
    "eu.domibus.core.ebms3.sender.MessageSenderService.sendUserMessage.counter" : {
      "count" : 5
    },
    "eu.domibus.core.ebms3.sender.client.MSHDispatcher.dispatch.counter" : {
      "count" : 2
    },
    "eu.domibus.core.error.ErrorLogDao.deleteMessages.deleteErrorLogsByMessageIdInError.counter" : {
      "count" : 0
    },
    "eu.domibus.core.message.MessageInfoDao.deleteMessages.counter" : {
      "count" : 0
    },
    "eu.domibus.core.message.MessageInfoDao.findSignalMessageIds.counter" : {
      "count" : 0
    },
    "eu.domibus.core.message.MessagingServiceImpl.storeMessage.counter" : {
      "count" : 0
    },
    "eu.domibus.core.message.UserMessageHandlerServiceImpl.handleNewUserMessage.counter" : {
      "count" : 8
    },
    "eu.domibus.core.message.UserMessageLogDao.deleteMessages.deleteMessageLogs.counter" : {
      "count" : 0
    },
    "eu.domibus.core.message.acknowledge.MessageAcknowledgementDao.deleteMessages.deleteMessageAcknowledgementsByMessageIds.counter" : {
      "count" : 0
    },
    "eu.domibus.core.message.attempt.MessageAttemptDao.deleteMessages.deleteAttemptsByMessageIds.counter" : {
      "count" : 0
    },
    "eu.domibus.core.message.pull.IncomingPullRequestHandler.incoming_pull_request.counter" : {
      "count" : 0
    },
    "eu.domibus.core.message.receipt.AS4ReceiptServiceImpl.generateReceipt.counter" : {
      "count" : 0
    },
    "eu.domibus.core.message.retention.MessageRetentionDefaultService.schedule_deleteExpiredMessages.counter" : {
      "count" : 0
    },
    "eu.domibus.core.message.retention.RetentionListener.onMessage.deleteMessages.counter" : {
      "count" : 0
    },
    "eu.domibus.core.message.signal.SignalMessageDao.deleteMessages.deleteReceipts.counter" : {
      "count" : 0
    },
    "eu.domibus.core.message.signal.SignalMessageLogDao.deleteMessages.deleteMessageLogs.counter" : {
      "count" : 0
    },
    "eu.domibus.core.plugin.handler.DatabaseMessageHandler.submit.counter" : {
      "count" : 7
    },
    "eu.domibus.core.plugin.notification.BackendNotificationService.notifyMessageReceived.counter" : {
      "count" : 8
    },
    "eu.domibus.core.plugin.notification.PluginAsyncNotificationListener.onMessage.counter" : {
      "count" : 8
    },
    "eu.domibus.core.pmode.validation.validators.MessagePropertyValidator.validate.counter" : {
      "count" : 0
    },
    "eu.domibus.core.replication.UIMessageDaoImpl.deleteMessages.deleteUIMessagesByMessageIds.counter" : {
      "count" : 0
    },
    "eu.domibus.core.util.SoapUtil.SoapUtil.counter" : {
      "count" : 0
    },
    "eu.domibus.plugin.jms.JMSPluginImpl.deliverMessage.counter" : {
      "count" : 8
    },
    "eu.domibus.plugin.jms.JMSPluginImpl.receiveMessage.counter" : {
      "count" : 13
    }
  },
  "histograms" : { },
  "meters" : { },
  "timers" : {
    "eu.domibus.core.ebms3.receiver.MSHWebservice.incoming_user_message.timer" : {
      "count" : 80639,
      "max" : 0.779766233,
      "mean" : 0.25392977037958736,
      "min" : 0.125135292,
      "p50" : 0.221737392,
      "p75" : 0.27692119200000004,
      "p95" : 0.5131901790000001,
      "p98" : 0.568830876,
      "p99" : 0.6063173040000001,
      "p999" : 0.760445074,
      "stddev" : 0.10368679307041231,
      "m15_rate" : 48.54665698848112,
      "m1_rate" : 61.26938448702839,
      "m5_rate" : 63.48987642350048,
      "mean_rate" : 36.26800281402274,
      "duration_units" : "seconds",
      "rate_units" : "calls/second"
    },
    "eu.domibus.core.ebms3.receiver.handler.AbstractIncomingMessageHandler.processMessage.timer" : {
      "count" : 80631,
      "max" : 0.9902216030000001,
      "mean" : 0.251718287559566,
      "min" : 0.115196663,
      "p50" : 0.217922316,
      "p75" : 0.276844792,
      "p95" : 0.512586084,
      "p98" : 0.5620867150000001,
      "p99" : 0.5784924060000001,
      "p999" : 0.8178453400000001,
      "stddev" : 0.10220216869970714,
      "m15_rate" : 48.99766215233583,
      "m1_rate" : 61.353534420703184,
      "m5_rate" : 63.535130775475,
      "mean_rate" : 59.79329804293717,
      "duration_units" : "seconds",
      "rate_units" : "calls/second"
    },
    "eu.domibus.core.ebms3.receiver.handler.IncomingUserMessageHandler.around_handleNewUserMessage.timer.timer" : {
      "count" : 80631,
      "max" : 0.8741604310000001,
      "mean" : 0.2498003624757515,
      "min" : 0.10884771,
      "p50" : 0.21710252400000002,
      "p75" : 0.27549290200000004,
      "p95" : 0.517681915,
      "p98" : 0.5662575950000001,
      "p99" : 0.59857506,
      "p999" : 0.769787705,
      "stddev" : 0.10476857377789484,
      "m15_rate" : 48.99648464997945,
      "m1_rate" : 61.33169025031908,
      "m5_rate" : 63.529639107876555,
      "mean_rate" : 59.79434640224497,
      "duration_units" : "seconds",
      "rate_units" : "calls/second"
    },
    "eu.domibus.core.ebms3.sender.AbstractUserMessageSender.outgoing_user_message.timer" : {
      "count" : 80360,
      "max" : 0.302625486,
      "mean" : 0.05854702044857186,
      "min" : 0.041590298000000005,
      "p50" : 0.057344884000000006,
      "p75" : 0.06196945,
      "p95" : 0.07030939,
      "p98" : 0.07691384200000001,
      "p99" : 0.10364924800000001,
      "p999" : 0.213050542,
      "stddev" : 0.012567392731262146,
      "m15_rate" : 49.354479963848235,
      "m1_rate" : 60.39596397441595,
      "m5_rate" : 63.307692981989454,
      "mean_rate" : 61.26951763254777,
      "duration_units" : "seconds",
      "rate_units" : "calls/second"
    },
    "eu.domibus.core.ebms3.sender.MessageSenderListener.onMessage.timer" : {
      "count" : 80361,
      "max" : 0.291314986,
      "mean" : 0.06572069105431796,
      "min" : 0.047694154,
      "p50" : 0.062397647,
      "p75" : 0.06775120700000001,
      "p95" : 0.08170110600000001,
      "p98" : 0.140239278,
      "p99" : 0.15929194400000002,
      "p999" : 0.291314986,
      "stddev" : 0.019229716836524247,
      "m15_rate" : 49.35203162033909,
      "m1_rate" : 60.39367314424123,
      "m5_rate" : 63.30478522207502,
      "mean_rate" : 61.26658252145252,
      "duration_units" : "seconds",
      "rate_units" : "calls/second"
    },
    "eu.domibus.core.ebms3.sender.MessageSenderService.sendUserMessage.timer" : {
      "count" : 80361,
      "max" : 0.466221313,
      "mean" : 0.06446241121946028,
      "min" : 0.046439262,
      "p50" : 0.062328848000000006,
      "p75" : 0.06717461200000001,
      "p95" : 0.07824083200000001,
      "p98" : 0.10430094300000001,
      "p99" : 0.118494941,
      "p999" : 0.194958879,
      "stddev" : 0.016894081415703324,
      "m15_rate" : 49.35561839080219,
      "m1_rate" : 60.41282006690828,
      "m5_rate" : 63.312894421365755,
      "mean_rate" : 61.26831877980889,
      "duration_units" : "seconds",
      "rate_units" : "calls/second"
    },
    "eu.domibus.core.ebms3.sender.client.MSHDispatcher.dispatch.timer" : {
      "count" : 80363,
      "max" : 0.36048006600000004,
      "mean" : 0.04822802110607542,
      "min" : 0.033645656,
      "p50" : 0.04671696,
      "p75" : 0.05081833,
      "p95" : 0.058883473000000006,
      "p98" : 0.06440683300000001,
      "p99" : 0.08443328700000001,
      "p999" : 0.17618762300000002,
      "stddev" : 0.012343735126743919,
      "m15_rate" : 49.346618539866064,
      "m1_rate" : 60.26874968052203,
      "m5_rate" : 63.27776098557266,
      "mean_rate" : 61.278322427735354,
      "duration_units" : "seconds",
      "rate_units" : "calls/second"
    },
    "eu.domibus.core.error.ErrorLogDao.deleteMessages.deleteErrorLogsByMessageIdInError.timer" : {
      "count" : 8,
      "max" : 0.019309257,
      "mean" : 0.0057545378478094196,
      "min" : 0.0032621760000000003,
      "p50" : 0.0037466720000000004,
      "p75" : 0.004354368,
      "p95" : 0.019309257,
      "p98" : 0.019309257,
      "p99" : 0.019309257,
      "p999" : 0.019309257,
      "stddev" : 0.005085280881249187,
      "m15_rate" : 1.0784870558713002,
      "m1_rate" : 0.004310665245725176,
      "m5_rate" : 0.4900098901568451,
      "mean_rate" : 0.022137023546218756,
      "duration_units" : "seconds",
      "rate_units" : "calls/second"
    },
    "eu.domibus.core.message.MessageInfoDao.deleteMessages.timer" : {
      "count" : 16,
      "max" : 1.254823213,
      "mean" : 0.6872559926803757,
      "min" : 0.171546831,
      "p50" : 0.412886144,
      "p75" : 1.088499644,
      "p95" : 1.254823213,
      "p98" : 1.254823213,
      "p99" : 1.254823213,
      "p999" : 1.254823213,
      "stddev" : 0.4129972587505892,
      "m15_rate" : 1.8888544150091275,
      "m1_rate" : 0.007637317746515041,
      "m5_rate" : 0.8595761248011062,
      "mean_rate" : 0.04404014496625288,
      "duration_units" : "seconds",
      "rate_units" : "calls/second"
    },
    "eu.domibus.core.message.MessageInfoDao.findSignalMessageIds.timer" : {
      "count" : 8,
      "max" : 0.41663691700000005,
      "mean" : 0.2318661381081489,
      "min" : 0.093568407,
      "p50" : 0.208402057,
      "p75" : 0.317491951,
      "p95" : 0.41663691700000005,
      "p98" : 0.41663691700000005,
      "p99" : 0.41663691700000005,
      "p999" : 0.41663691700000005,
      "stddev" : 0.09878009721208363,
      "m15_rate" : 1.0784870558713002,
      "m1_rate" : 0.004310665245725176,
      "m5_rate" : 0.4900098901568451,
      "mean_rate" : 0.021997120162863894,
      "duration_units" : "seconds",
      "rate_units" : "calls/second"
    },
    "eu.domibus.core.message.MessagingServiceImpl.storeMessage.timer" : {
      "count" : 161071,
      "max" : 0.096176303,
      "mean" : 0.005459165653094682,
      "min" : 0.003025578,
      "p50" : 0.004696766000000001,
      "p75" : 0.0052875610000000005,
      "p95" : 0.008470039,
      "p98" : 0.011200119000000001,
      "p99" : 0.013359404,
      "p999" : 0.096176303,
      "stddev" : 0.005646237827894671,
      "m15_rate" : 97.32314860248489,
      "m1_rate" : 122.78147478714845,
      "m5_rate" : 126.96501901034355,
      "mean_rate" : 119.44856212494736,
      "duration_units" : "seconds",
      "rate_units" : "calls/second"
    },
    "eu.domibus.core.message.UserMessageHandlerServiceImpl.handleNewUserMessage.timer" : {
      "count" : 80653,
      "max" : 0.363433359,
      "mean" : 0.06359196278625336,
      "min" : 0.02337113,
      "p50" : 0.048125551,
      "p75" : 0.071963278,
      "p95" : 0.156700064,
      "p98" : 0.197722967,
      "p99" : 0.2069699,
      "p999" : 0.315931703,
      "stddev" : 0.0439828707912408,
      "m15_rate" : 49.004591284508976,
      "m1_rate" : 61.44328200472869,
      "m5_rate" : 63.54469707152879,
      "mean_rate" : 59.81059846594935,
      "duration_units" : "seconds",
      "rate_units" : "calls/second"
    },
    "eu.domibus.core.message.UserMessageLogDao.deleteMessages.deleteMessageLogs.timer" : {
      "count" : 8,
      "max" : 0.194769459,
      "mean" : 0.12414135614609441,
      "min" : 0.055009693000000005,
      "p50" : 0.11992691300000001,
      "p75" : 0.15793283100000002,
      "p95" : 0.194769459,
      "p98" : 0.194769459,
      "p99" : 0.194769459,
      "p999" : 0.194769459,
      "stddev" : 0.043746952516927534,
      "m15_rate" : 1.0784870558713002,
      "m1_rate" : 0.004310665245725176,
      "m5_rate" : 0.4900098901568451,
      "mean_rate" : 0.02212110611960573,
      "duration_units" : "seconds",
      "rate_units" : "calls/second"
    },
    "eu.domibus.core.message.acknowledge.MessageAcknowledgementDao.deleteMessages.deleteMessageAcknowledgementsByMessageIds.timer" : {
      "count" : 8,
      "max" : 0.014198495,
      "mean" : 0.005391042751617345,
      "min" : 0.0035465730000000003,
      "p50" : 0.003714873,
      "p75" : 0.006385353000000001,
      "p95" : 0.014198495,
      "p98" : 0.014198495,
      "p99" : 0.014198495,
      "p999" : 0.014198495,
      "stddev" : 0.0034016422152904837,
      "m15_rate" : 1.0784870558713002,
      "m1_rate" : 0.004310665245725176,
      "m5_rate" : 0.4900098901568451,
      "mean_rate" : 0.022139675848290265,
      "duration_units" : "seconds",
      "rate_units" : "calls/second"
    },
    "eu.domibus.core.message.attempt.MessageAttemptDao.deleteMessages.deleteAttemptsByMessageIds.timer" : {
      "count" : 8,
      "max" : 0.028946485,
      "mean" : 0.007273743699401918,
      "min" : 0.0032910760000000004,
      "p50" : 0.003882471,
      "p75" : 0.005112663,
      "p95" : 0.028946485,
      "p98" : 0.028946485,
      "p99" : 0.028946485,
      "p999" : 0.028946485,
      "stddev" : 0.008107865896585704,
      "m15_rate" : 1.0784870558713002,
      "m1_rate" : 0.004310665245725176,
      "m5_rate" : 0.4900098901568451,
      "mean_rate" : 0.022135201816057028,
      "duration_units" : "seconds",
      "rate_units" : "calls/second"
    },
    "eu.domibus.core.message.pull.IncomingPullRequestHandler.incoming_pull_request.timer" : {
      "count" : 8,
      "max" : 0.47321025600000005,
      "mean" : 0.24386882501847496,
      "min" : 0.014925598000000002,
      "p50" : 0.021931449000000002,
      "p75" : 0.473172857,
      "p95" : 0.47321025600000005,
      "p98" : 0.47321025600000005,
      "p99" : 0.47321025600000005,
      "p999" : 0.47321025600000005,
      "stddev" : 0.22760581567928426,
      "m15_rate" : 0.13654412153939272,
      "m1_rate" : 1.4839366430686292E-16,
      "m5_rate" : 9.944410831722093E-4,
      "mean_rate" : 0.003598063588847701,
      "duration_units" : "seconds",
      "rate_units" : "calls/second"
    },
    "eu.domibus.core.message.receipt.AS4ReceiptServiceImpl.generateReceipt.timer" : {
      "count" : 80653,
      "max" : 0.107662118,
      "mean" : 0.027645393402222572,
      "min" : 0.015448487,
      "p50" : 0.024839319000000002,
      "p75" : 0.030131281000000003,
      "p95" : 0.04544937,
      "p98" : 0.063291741,
      "p99" : 0.075161555,
      "p999" : 0.107662118,
      "stddev" : 0.010287965029263763,
      "m15_rate" : 49.00184149346344,
      "m1_rate" : 61.37997591299184,
      "m5_rate" : 63.52764477214944,
      "mean_rate" : 59.81720716529326,
      "duration_units" : "seconds",
      "rate_units" : "calls/second"
    },
    "eu.domibus.core.message.retention.MessageRetentionDefaultService.schedule_deleteExpiredMessages.timer" : {
      "count" : 7,
      "max" : 7.088373639,
      "mean" : 7.086507438878751,
      "min" : 0.22059636800000001,
      "p50" : 7.088373639,
      "p75" : 7.088373639,
      "p95" : 7.088373639,
      "p98" : 7.088373639,
      "p99" : 7.088373639,
      "p999" : 7.088373639,
      "stddev" : 0.10380334955157106,
      "m15_rate" : 0.022760484300302614,
      "m1_rate" : 4.3088274739641713E-5,
      "m5_rate" : 0.0015539790094403546,
      "mean_rate" : 0.003421548398600505,
      "duration_units" : "seconds",
      "rate_units" : "calls/second"
    },
    "eu.domibus.core.message.retention.RetentionListener.onMessage.deleteMessages.timer" : {
      "count" : 8,
      "max" : 2.6494162930000003,
      "mean" : 2.2102623348389905,
      "min" : 1.6820266540000002,
      "p50" : 2.155513751,
      "p75" : 2.477620662,
      "p95" : 2.6494162930000003,
      "p98" : 2.6494162930000003,
      "p99" : 2.6494162930000003,
      "p999" : 2.6494162930000003,
      "stddev" : 0.30492084487612253,
      "m15_rate" : 0.6763075107710941,
      "m1_rate" : 0.0028346461283222132,
      "m5_rate" : 0.3093444068879698,
      "mean_rate" : 0.021993886181054845,
      "duration_units" : "seconds",
      "rate_units" : "calls/second"
    },
    "eu.domibus.core.message.signal.SignalMessageDao.deleteMessages.deleteReceipts.timer" : {
      "count" : 8,
      "max" : 0.313437281,
      "mean" : 0.25527607115901724,
      "min" : 0.202733099,
      "p50" : 0.241773812,
      "p75" : 0.28947805800000004,
      "p95" : 0.313437281,
      "p98" : 0.313437281,
      "p99" : 0.313437281,
      "p999" : 0.313437281,
      "stddev" : 0.041911975503870186,
      "m15_rate" : 1.0784870558713002,
      "m1_rate" : 0.004310665245725176,
      "m5_rate" : 0.4900098901568451,
      "mean_rate" : 0.022106017010358334,
      "duration_units" : "seconds",
      "rate_units" : "calls/second"
    },
    "eu.domibus.core.message.signal.SignalMessageLogDao.deleteMessages.deleteMessageLogs.timer" : {
      "count" : 8,
      "max" : 0.18694101700000001,
      "mean" : 0.0972872195836674,
      "min" : 0.039609607000000005,
      "p50" : 0.058723165,
      "p75" : 0.13734068300000002,
      "p95" : 0.18694101700000001,
      "p98" : 0.18694101700000001,
      "p99" : 0.18694101700000001,
      "p999" : 0.18694101700000001,
      "stddev" : 0.05289958738966364,
      "m15_rate" : 1.0784870558713002,
      "m1_rate" : 0.004310665245725176,
      "m5_rate" : 0.4900098901568451,
      "mean_rate" : 0.0221288593716035,
      "duration_units" : "seconds",
      "rate_units" : "calls/second"
    },
    "eu.domibus.core.plugin.handler.DatabaseMessageHandler.submit.timer" : {
      "count" : 80405,
      "max" : 0.303907291,
      "mean" : 0.048480433552909714,
      "min" : 0.009575631000000001,
      "p50" : 0.019828456,
      "p75" : 0.067917607,
      "p95" : 0.144962649,
      "p98" : 0.17649242,
      "p99" : 0.19606146400000002,
      "p999" : 0.3027684,
      "stddev" : 0.0472383494359419,
      "m15_rate" : 49.355775362481296,
      "m1_rate" : 60.45498498109674,
      "m5_rate" : 63.302608774249805,
      "mean_rate" : 61.28860800680798,
      "duration_units" : "seconds",
      "rate_units" : "calls/second"
    },
    "eu.domibus.core.plugin.notification.BackendNotificationService.notifyMessageReceived.timer" : {
      "count" : 80653,
      "max" : 0.21838731300000003,
      "mean" : 0.02958686704806224,
      "min" : 4.5649700000000004E-4,
      "p50" : 0.0138057,
      "p75" : 0.039384815000000004,
      "p95" : 0.122410712,
      "p98" : 0.146031342,
      "p99" : 0.15782105600000002,
      "p999" : 0.21609702900000002,
      "stddev" : 0.039513951379886794,
      "m15_rate" : 48.99891484991879,
      "m1_rate" : 61.35181328358613,
      "m5_rate" : 63.52181196574193,
      "mean_rate" : 59.8138500345725,
      "duration_units" : "seconds",
      "rate_units" : "calls/second"
    },
    "eu.domibus.core.plugin.notification.PluginAsyncNotificationListener.onMessage.timer" : {
      "count" : 80474,
      "max" : 0.31377572000000004,
      "mean" : 0.048931736507824314,
      "min" : 0.009169333,
      "p50" : 0.023130932,
      "p75" : 0.067648108,
      "p95" : 0.150649107,
      "p98" : 0.168521878,
      "p99" : 0.18077648600000001,
      "p999" : 0.30681476300000005,
      "stddev" : 0.04462508889975438,
      "m15_rate" : 48.94130533177113,
      "m1_rate" : 61.1771723093751,
      "m5_rate" : 63.38459833105895,
      "mean_rate" : 59.703437608698984,
      "duration_units" : "seconds",
      "rate_units" : "calls/second"
    },
    "eu.domibus.core.pmode.validation.validators.MessagePropertyValidator.validate.timer" : {
      "count" : 161071,
      "max" : 4.8400000000000004E-5,
      "mean" : 1.30325801934974E-6,
      "min" : 4.0000000000000003E-7,
      "p50" : 1.0000000000000002E-6,
      "p75" : 1.2000000000000002E-6,
      "p95" : 1.9E-6,
      "p98" : 2.4000000000000003E-6,
      "p99" : 1.06E-5,
      "p999" : 4.8400000000000004E-5,
      "stddev" : 2.7287066997471585E-6,
      "m15_rate" : 97.32270876607087,
      "m1_rate" : 122.77784067129816,
      "m5_rate" : 126.96428673285175,
      "mean_rate" : 119.44740693121943,
      "duration_units" : "seconds",
      "rate_units" : "calls/second"
    },
    "eu.domibus.core.replication.UIMessageDaoImpl.deleteMessages.deleteUIMessagesByMessageIds.timer" : {
      "count" : 16,
      "max" : 0.021387842,
      "mean" : 0.004273847218399032,
      "min" : 0.002010085,
      "p50" : 0.003233576,
      "p75" : 0.0035047740000000004,
      "p95" : 0.021387842,
      "p98" : 0.021387842,
      "p99" : 0.021387842,
      "p999" : 0.021387842,
      "stddev" : 0.004391180769707808,
      "m15_rate" : 2.1569741117426005,
      "m1_rate" : 0.008621330491450353,
      "m5_rate" : 0.9800197803136902,
      "mean_rate" : 0.044276159050790506,
      "duration_units" : "seconds",
      "rate_units" : "calls/second"
    },
    "eu.domibus.core.util.SoapUtil.logMessage.timer" : {
      "count" : 80661,
      "max" : 2.47E-5,
      "mean" : 8.320589599697058E-7,
      "min" : 2.0000000000000002E-7,
      "p50" : 6.000000000000001E-7,
      "p75" : 8.000000000000001E-7,
      "p95" : 1.2000000000000002E-6,
      "p98" : 1.5E-6,
      "p99" : 1.6000000000000001E-6,
      "p999" : 2.26E-5,
      "stddev" : 1.4842064984640588E-6,
      "m15_rate" : 48.99917632303986,
      "m1_rate" : 61.39212998458831,
      "m5_rate" : 63.52574680713476,
      "mean_rate" : 59.81662156092952,
      "duration_units" : "seconds",
      "rate_units" : "calls/second"
    },
    "eu.domibus.plugin.jms.JMSPluginImpl.deliverMessage.timer" : {
      "count" : 80474,
      "max" : 0.307847445,
      "mean" : 0.04409486441712307,
      "min" : 0.008629438,
      "p50" : 0.01792457,
      "p75" : 0.065159725,
      "p95" : 0.143315359,
      "p98" : 0.15967404200000002,
      "p99" : 0.168881775,
      "p999" : 0.22431435600000002,
      "stddev" : 0.04066477144152338,
      "m15_rate" : 48.94069391142289,
      "m1_rate" : 61.17165971204062,
      "m5_rate" : 63.3823855083038,
      "mean_rate" : 59.70393873199906,
      "duration_units" : "seconds",
      "rate_units" : "calls/second"
    },
    "eu.domibus.plugin.jms.JMSPluginImpl.receiveMessage.timer" : {
      "count" : 80399,
      "max" : 0.40407297000000003,
      "mean" : 0.06336774114430205,
      "min" : 0.010497723,
      "p50" : 0.019771457000000003,
      "p75" : 0.080420817,
      "p95" : 0.21423924700000002,
      "p98" : 0.28911130500000004,
      "p99" : 0.31397452400000003,
      "p999" : 0.40407297000000003,
      "stddev" : 0.07152163545323263,
      "m15_rate" : 49.358450547143555,
      "m1_rate" : 60.483936790377406,
      "m5_rate" : 63.314141788079525,
      "mean_rate" : 61.282247365220336,
      "duration_units" : "seconds",
      "rate_units" : "calls/second"
    }
  }
}