{
  "version" : "4.0.0",
  "gauges" : { },
  "counters" : {
    "eu.domibus.core.ebms3.receiver.MSHWebservice.incoming_user_message.counter" : {
      "count" : 30
    },
    "eu.domibus.core.ebms3.receiver.handler.AbstractIncomingMessageHandler.processMessage.counter" : {
      "count" : 30
    },
    "eu.domibus.core.ebms3.receiver.handler.IncomingUserMessageHandler.around_handleNewUserMessage.counter.counter" : {
      "count" : 30
    },
    "eu.domibus.core.ebms3.sender.AbstractUserMessageSender.outgoing_user_message.counter" : {
      "count" : 1
    },
    "eu.domibus.core.ebms3.sender.MessageSenderListener.onMessage.counter" : {
      "count" : 1
    },
    "eu.domibus.core.ebms3.sender.MessageSenderService.sendUserMessage.counter" : {
      "count" : 1
    },
    "eu.domibus.core.ebms3.sender.client.MSHDispatcher.dispatch.counter" : {
      "count" : 0
    },
    "eu.domibus.core.error.ErrorLogDao.deleteMessages.deleteErrorLogsByMessageIdInError.counter" : {
      "count" : 0
    },
    "eu.domibus.core.message.MessageInfoDao.deleteMessages.counter" : {
      "count" : 0
    },
    "eu.domibus.core.message.MessageInfoDao.findSignalMessageIds.counter" : {
      "count" : 0
    },
    "eu.domibus.core.message.MessagingServiceImpl.storeMessage.counter" : {
      "count" : 0
    },
    "eu.domibus.core.message.UserMessageHandlerServiceImpl.handleNewUserMessage.counter" : {
      "count" : 15
    },
    "eu.domibus.core.message.UserMessageLogDao.deleteMessages.deleteMessageLogs.counter" : {
      "count" : 0
    },
    "eu.domibus.core.message.acknowledge.MessageAcknowledgementDao.deleteMessages.deleteMessageAcknowledgementsByMessageIds.counter" : {
      "count" : 0
    },
    "eu.domibus.core.message.attempt.MessageAttemptDao.deleteMessages.deleteAttemptsByMessageIds.counter" : {
      "count" : 0
    },
    "eu.domibus.core.message.pull.IncomingPullRequestHandler.incoming_pull_request.counter" : {
      "count" : 0
    },
    "eu.domibus.core.message.receipt.AS4ReceiptServiceImpl.generateReceipt.counter" : {
      "count" : 0
    },
    "eu.domibus.core.message.retention.MessageRetentionDefaultService.schedule_deleteExpiredMessages.counter" : {
      "count" : 0
    },
    "eu.domibus.core.message.retention.RetentionListener.onMessage.deleteMessages.counter" : {
      "count" : 0
    },
    "eu.domibus.core.message.signal.SignalMessageDao.deleteMessages.deleteReceipts.counter" : {
      "count" : 0
    },
    "eu.domibus.core.message.signal.SignalMessageLogDao.deleteMessages.deleteMessageLogs.counter" : {
      "count" : 0
    },
    "eu.domibus.core.plugin.handler.DatabaseMessageHandler.submit.counter" : {
      "count" : 4
    },
    "eu.domibus.core.plugin.notification.BackendNotificationService.notifyMessageReceived.counter" : {
      "count" : 15
    },
    "eu.domibus.core.plugin.notification.PluginAsyncNotificationListener.onMessage.counter" : {
      "count" : 14
    },
    "eu.domibus.core.pmode.validation.validators.MessagePropertyValidator.validate.counter" : {
      "count" : 0
    },
    "eu.domibus.core.replication.UIMessageDaoImpl.deleteMessages.deleteUIMessagesByMessageIds.counter" : {
      "count" : 0
    },
    "eu.domibus.core.util.SoapUtil.SoapUtil.counter" : {
      "count" : 0
    },
    "eu.domibus.plugin.jms.JMSPluginImpl.deliverMessage.counter" : {
      "count" : 14
    },
    "eu.domibus.plugin.jms.JMSPluginImpl.receiveMessage.counter" : {
      "count" : 4
    }
  },
  "histograms" : { },
  "meters" : { },
  "timers" : {
    "eu.domibus.core.ebms3.receiver.MSHWebservice.incoming_user_message.timer" : {
      "count" : 80053,
      "max" : 0.8474221630000001,
      "mean" : 0.2641146561647475,
      "min" : 0.11400444100000001,
      "p50" : 0.232680181,
      "p75" : 0.28653775200000003,
      "p95" : 0.5288536300000001,
      "p98" : 0.582931901,
      "p99" : 0.647597066,
      "p999" : 0.8387536680000001,
      "stddev" : 0.10975540903805431,
      "m15_rate" : 47.868816492707104,
      "m1_rate" : 61.58641124156651,
      "m5_rate" : 62.26871987644847,
      "mean_rate" : 35.99958918077382,
      "duration_units" : "seconds",
      "rate_units" : "calls/second"
    },
    "eu.domibus.core.ebms3.receiver.handler.AbstractIncomingMessageHandler.processMessage.timer" : {
      "count" : 80049,
      "max" : 0.867911352,
      "mean" : 0.25568664897938287,
      "min" : 0.117659039,
      "p50" : 0.22687158200000002,
      "p75" : 0.27968115600000004,
      "p95" : 0.5232941320000001,
      "p98" : 0.553522617,
      "p99" : 0.5998341930000001,
      "p999" : 0.838728468,
      "stddev" : 0.10122760980641465,
      "m15_rate" : 48.33194591357498,
      "m1_rate" : 61.401609740485156,
      "m5_rate" : 62.253656684339695,
      "mean_rate" : 59.37183607326843,
      "duration_units" : "seconds",
      "rate_units" : "calls/second"
    },
    "eu.domibus.core.ebms3.receiver.handler.IncomingUserMessageHandler.around_handleNewUserMessage.timer.timer" : {
      "count" : 80049,
      "max" : 0.8117062810000001,
      "mean" : 0.2589518183964173,
      "min" : 0.10598784500000001,
      "p50" : 0.226247584,
      "p75" : 0.28513045400000003,
      "p95" : 0.528793029,
      "p98" : 0.56832961,
      "p99" : 0.5773419040000001,
      "p999" : 0.6627066610000001,
      "stddev" : 0.10470770119608915,
      "m15_rate" : 48.33098402413521,
      "m1_rate" : 61.383411669948394,
      "m5_rate" : 62.25002354499309,
      "mean_rate" : 59.372728192608406,
      "duration_units" : "seconds",
      "rate_units" : "calls/second"
    },
    "eu.domibus.core.ebms3.sender.AbstractUserMessageSender.outgoing_user_message.timer" : {
      "count" : 79779,
      "max" : 0.41239448700000003,
      "mean" : 0.05801837705106868,
      "min" : 0.042247478000000005,
      "p50" : 0.055345471,
      "p75" : 0.061018368,
      "p95" : 0.070423763,
      "p98" : 0.089001655,
      "p99" : 0.12025693900000001,
      "p999" : 0.244015174,
      "stddev" : 0.017603340846352036,
      "m15_rate" : 48.24132359786079,
      "m1_rate" : 60.5483505958076,
      "m5_rate" : 62.120562357337754,
      "mean_rate" : 60.805855922083694,
      "duration_units" : "seconds",
      "rate_units" : "calls/second"
    },
    "eu.domibus.core.ebms3.sender.MessageSenderListener.onMessage.timer" : {
      "count" : 79779,
      "max" : 0.441528774,
      "mean" : 0.06497206216853135,
      "min" : 0.046184476,
      "p50" : 0.060912968000000005,
      "p75" : 0.066710066,
      "p95" : 0.082034458,
      "p98" : 0.130806533,
      "p99" : 0.167848714,
      "p999" : 0.441528774,
      "stddev" : 0.023595396710589075,
      "m15_rate" : 48.24316987788124,
      "m1_rate" : 60.59295330072611,
      "m5_rate" : 62.130396276852274,
      "mean_rate" : 60.80216362036534,
      "duration_units" : "seconds",
      "rate_units" : "calls/second"
    },
    "eu.domibus.core.ebms3.sender.MessageSenderService.sendUserMessage.timer" : {
      "count" : 79779,
      "max" : 0.37226400400000004,
      "mean" : 0.06350262317740438,
      "min" : 0.046837476,
      "p50" : 0.060616069,
      "p75" : 0.065559666,
      "p95" : 0.075922161,
      "p98" : 0.114045641,
      "p99" : 0.165332415,
      "p999" : 0.34799852200000003,
      "stddev" : 0.019186027934559056,
      "m15_rate" : 48.24398057835678,
      "m1_rate" : 60.60329141249984,
      "m5_rate" : 62.13163130306335,
      "mean_rate" : 60.80330887550146,
      "duration_units" : "seconds",
      "rate_units" : "calls/second"
    },
    "eu.domibus.core.ebms3.sender.client.MSHDispatcher.dispatch.timer" : {
      "count" : 79780,
      "max" : 0.42926467900000004,
      "mean" : 0.047470113428468616,
      "min" : 0.033655383000000004,
      "p50" : 0.045339777000000005,
      "p75" : 0.049678674000000006,
      "p95" : 0.05850347,
      "p98" : 0.06479106600000001,
      "p99" : 0.112802842,
      "p999" : 0.181083607,
      "stddev" : 0.016183369101072254,
      "m15_rate" : 48.23900543829073,
      "m1_rate" : 60.4862673444451,
      "m5_rate" : 62.11059725672294,
      "mean_rate" : 60.80802638280647,
      "duration_units" : "seconds",
      "rate_units" : "calls/second"
    },
    "eu.domibus.core.error.ErrorLogDao.deleteMessages.deleteErrorLogsByMessageIdInError.timer" : {
      "count" : 23,
      "max" : 0.019670488,
      "mean" : 0.004132376550833247,
      "min" : 0.002854798,
      "p50" : 0.0037806980000000003,
      "p75" : 0.004521897,
      "p95" : 0.005015898,
      "p98" : 0.009302694,
      "p99" : 0.019670488,
      "p999" : 0.019670488,
      "stddev" : 0.0019761603397130396,
      "m15_rate" : 0.6856418355198519,
      "m1_rate" : 4.888680386408337E-5,
      "m5_rate" : 0.1658155855269397,
      "mean_rate" : 0.03468443895532036,
      "duration_units" : "seconds",
      "rate_units" : "calls/second"
    },
    "eu.domibus.core.message.MessageInfoDao.deleteMessages.timer" : {
      "count" : 46,
      "max" : 1.2828104610000002,
      "mean" : 0.6065571637006134,
      "min" : 0.036752078,
      "p50" : 0.365090585,
      "p75" : 0.9668593430000001,
      "p95" : 1.1389724140000002,
      "p98" : 1.2828104610000002,
      "p99" : 1.2828104610000002,
      "p999" : 1.2828104610000002,
      "stddev" : 0.39412102532614646,
      "m15_rate" : 1.3712900448508405,
      "m1_rate" : 9.79107575350135E-5,
      "m5_rate" : 0.3316464613825639,
      "mean_rate" : 0.06928171422700527,
      "duration_units" : "seconds",
      "rate_units" : "calls/second"
    },
    "eu.domibus.core.message.MessageInfoDao.findSignalMessageIds.timer" : {
      "count" : 23,
      "max" : 0.322279011,
      "mean" : 0.14306804072303972,
      "min" : 0.023439886,
      "p50" : 0.12090313000000001,
      "p75" : 0.14666041500000002,
      "p95" : 0.29723892500000004,
      "p98" : 0.322279011,
      "p99" : 0.322279011,
      "p999" : 0.322279011,
      "stddev" : 0.07058338244284794,
      "m15_rate" : 0.6856384477849895,
      "m1_rate" : 4.8715302144178794E-5,
      "m5_rate" : 0.16580640204279407,
      "mean_rate" : 0.034626036850468916,
      "duration_units" : "seconds",
      "rate_units" : "calls/second"
    },
    "eu.domibus.core.message.MessagingServiceImpl.storeMessage.timer" : {
      "count" : 159885,
      "max" : 0.09258395100000001,
      "mean" : 0.005018523697283049,
      "min" : 0.0028796990000000003,
      "p50" : 0.004617998,
      "p75" : 0.005101597,
      "p95" : 0.007649096,
      "p98" : 0.011964193000000001,
      "p99" : 0.013118493,
      "p999" : 0.018034591000000003,
      "stddev" : 0.002068443933618427,
      "m15_rate" : 96.05942281554405,
      "m1_rate" : 122.87984907849275,
      "m5_rate" : 124.50833681971845,
      "mean_rate" : 118.58898832842361,
      "duration_units" : "seconds",
      "rate_units" : "calls/second"
    },
    "eu.domibus.core.message.UserMessageHandlerServiceImpl.handleNewUserMessage.timer" : {
      "count" : 80064,
      "max" : 0.24472247400000002,
      "mean" : 0.06433995342044468,
      "min" : 0.022469188,
      "p50" : 0.051826674,
      "p75" : 0.07699986,
      "p95" : 0.160871217,
      "p98" : 0.18369770600000002,
      "p99" : 0.19590769900000002,
      "p999" : 0.23870407500000002,
      "stddev" : 0.03973735800524341,
      "m15_rate" : 48.34693909688676,
      "m1_rate" : 61.58839450928094,
      "m5_rate" : 62.286533448481244,
      "mean_rate" : 59.3837995626914,
      "duration_units" : "seconds",
      "rate_units" : "calls/second"
    },
    "eu.domibus.core.message.UserMessageLogDao.deleteMessages.deleteMessageLogs.timer" : {
      "count" : 23,
      "max" : 0.08478965100000001,
      "mean" : 0.06308780123026664,
      "min" : 0.01622689,
      "p50" : 0.062435264000000004,
      "p75" : 0.069722359,
      "p95" : 0.08478965100000001,
      "p98" : 0.08478965100000001,
      "p99" : 0.08478965100000001,
      "p999" : 0.08478965100000001,
      "stddev" : 0.011663513652819956,
      "m15_rate" : 0.6856418355198519,
      "m1_rate" : 4.888680386408337E-5,
      "m5_rate" : 0.1658155855269397,
      "mean_rate" : 0.0346815092887221,
      "duration_units" : "seconds",
      "rate_units" : "calls/second"
    },
    "eu.domibus.core.message.acknowledge.MessageAcknowledgementDao.deleteMessages.deleteMessageAcknowledgementsByMessageIds.timer" : {
      "count" : 23,
      "max" : 0.09631374200000001,
      "mean" : 0.004947607880262712,
      "min" : 0.0026791980000000003,
      "p50" : 0.0035724980000000003,
      "p75" : 0.0038737980000000003,
      "p95" : 0.004440197,
      "p98" : 0.009987894,
      "p99" : 0.09631374200000001,
      "p999" : 0.09631374200000001,
      "stddev" : 0.01079132271543907,
      "m15_rate" : 0.6856418355198519,
      "m1_rate" : 4.888680386408337E-5,
      "m5_rate" : 0.1658155855269397,
      "mean_rate" : 0.03468627490271281,
      "duration_units" : "seconds",
      "rate_units" : "calls/second"
    },
    "eu.domibus.core.message.attempt.MessageAttemptDao.deleteMessages.deleteAttemptsByMessageIds.timer" : {
      "count" : 23,
      "max" : 0.011950792,
      "mean" : 0.004063967741509097,
      "min" : 0.003254498,
      "p50" : 0.003783198,
      "p75" : 0.0044305970000000005,
      "p95" : 0.004927697,
      "p98" : 0.008819495,
      "p99" : 0.011950792,
      "p999" : 0.011950792,
      "stddev" : 0.001189608083108397,
      "m15_rate" : 0.6856418355198519,
      "m1_rate" : 4.888680386408337E-5,
      "m5_rate" : 0.1658155855269397,
      "mean_rate" : 0.034683771397299064,
      "duration_units" : "seconds",
      "rate_units" : "calls/second"
    },
    "eu.domibus.core.message.pull.IncomingPullRequestHandler.incoming_pull_request.timer" : {
      "count" : 4,
      "max" : 0.42838590000000004,
      "mean" : 0.221446047,
      "min" : 0.012230695000000001,
      "p50" : 0.4283555,
      "p75" : 0.42838590000000004,
      "p95" : 0.42838590000000004,
      "p98" : 0.42838590000000004,
      "p99" : 0.42838590000000004,
      "p999" : 0.42838590000000004,
      "stddev" : 0.20693099281075494,
      "m15_rate" : 0.06827206076969636,
      "m1_rate" : 7.419683215343146E-17,
      "m5_rate" : 4.972205415861047E-4,
      "mean_rate" : 0.001798789632670203,
      "duration_units" : "seconds",
      "rate_units" : "calls/second"
    },
    "eu.domibus.core.message.receipt.AS4ReceiptServiceImpl.generateReceipt.timer" : {
      "count" : 80064,
      "max" : 0.12172043800000001,
      "mean" : 0.026276491865919627,
      "min" : 0.015647392,
      "p50" : 0.023737888000000002,
      "p75" : 0.028930085,
      "p95" : 0.041282779000000006,
      "p98" : 0.051904974000000006,
      "p99" : 0.058483770000000004,
      "p999" : 0.12172043800000001,
      "stddev" : 0.009246748291405772,
      "m15_rate" : 48.343701910216424,
      "m1_rate" : 61.505118477837755,
      "m5_rate" : 62.270118252674436,
      "mean_rate" : 59.39050239817621,
      "duration_units" : "seconds",
      "rate_units" : "calls/second"
    },
    "eu.domibus.core.message.retention.MessageRetentionDefaultService.schedule_deleteExpiredMessages.timer" : {
      "count" : 7,
      "max" : 6.841585374,
      "mean" : 5.89674772904251,
      "min" : 0.225089898,
      "p50" : 5.5644307920000005,
      "p75" : 6.841585374,
      "p95" : 6.841585374,
      "p98" : 6.841585374,
      "p99" : 6.841585374,
      "p999" : 6.841585374,
      "stddev" : 0.5638535119559096,
      "m15_rate" : 0.02781722092947135,
      "m1_rate" : 3.224433265145068E-6,
      "m5_rate" : 0.0019256467435657572,
      "mean_rate" : 0.0037516370455696205,
      "duration_units" : "seconds",
      "rate_units" : "calls/second"
    },
    "eu.domibus.core.message.retention.RetentionListener.onMessage.deleteMessages.timer" : {
      "count" : 23,
      "max" : 2.076122549,
      "mean" : 1.7785119084328047,
      "min" : 0.354285887,
      "p50" : 1.82005035,
      "p75" : 1.9312764880000002,
      "p95" : 1.951151276,
      "p98" : 1.951151276,
      "p99" : 2.076122549,
      "p999" : 2.076122549,
      "stddev" : 0.2472500644431981,
      "m15_rate" : 0.6856516159389766,
      "m1_rate" : 4.921035958479428E-5,
      "m5_rate" : 0.16584021368043825,
      "mean_rate" : 0.03462347826240816,
      "duration_units" : "seconds",
      "rate_units" : "calls/second"
    },
    "eu.domibus.core.message.signal.SignalMessageDao.deleteMessages.deleteReceipts.timer" : {
      "count" : 23,
      "max" : 0.25725295200000003,
      "mean" : 0.19965035235983156,
      "min" : 0.024995185000000003,
      "p50" : 0.212344777,
      "p75" : 0.22580987000000002,
      "p95" : 0.25725295200000003,
      "p98" : 0.25725295200000003,
      "p99" : 0.25725295200000003,
      "p999" : 0.25725295200000003,
      "stddev" : 0.041473065094879295,
      "m15_rate" : 0.6856418355198519,
      "m1_rate" : 4.888680386408337E-5,
      "m5_rate" : 0.1658155855269397,
      "mean_rate" : 0.034679214836349566,
      "duration_units" : "seconds",
      "rate_units" : "calls/second"
    },
    "eu.domibus.core.message.signal.SignalMessageLogDao.deleteMessages.deleteMessageLogs.timer" : {
      "count" : 23,
      "max" : 0.06590676200000001,
      "mean" : 0.05359057678182573,
      "min" : 0.007286096000000001,
      "p50" : 0.057711866,
      "p75" : 0.062009164000000006,
      "p95" : 0.06590676200000001,
      "p98" : 0.06590676200000001,
      "p99" : 0.06590676200000001,
      "p999" : 0.06590676200000001,
      "stddev" : 0.0107957680546646,
      "m15_rate" : 0.6856418355198519,
      "m1_rate" : 4.888680386408337E-5,
      "m5_rate" : 0.1658155855269397,
      "mean_rate" : 0.03468273941622726,
      "duration_units" : "seconds",
      "rate_units" : "calls/second"
    },
    "eu.domibus.core.plugin.handler.DatabaseMessageHandler.submit.timer" : {
      "count" : 79802,
      "max" : 0.24589637500000003,
      "mean" : 0.048876801278433774,
      "min" : 0.008759095,
      "p50" : 0.055720972,
      "p75" : 0.06820606500000001,
      "p95" : 0.131996532,
      "p98" : 0.15452342100000002,
      "p99" : 0.17488031,
      "p999" : 0.24589637500000003,
      "stddev" : 0.03870934286872378,
      "m15_rate" : 48.258660813291684,
      "m1_rate" : 60.86171957382605,
      "m5_rate" : 62.17323591457775,
      "mean_rate" : 60.81080492428563,
      "duration_units" : "seconds",
      "rate_units" : "calls/second"
    },
    "eu.domibus.core.plugin.notification.BackendNotificationService.notifyMessageReceived.timer" : {
      "count" : 80064,
      "max" : 0.245541266,
      "mean" : 0.029882601745117192,
      "min" : 3.936E-4,
      "p50" : 0.015863691000000003,
      "p75" : 0.041481079000000004,
      "p95" : 0.12433703600000001,
      "p98" : 0.146097425,
      "p99" : 0.152648622,
      "p999" : 0.17617811,
      "stddev" : 0.03809080820768747,
      "m15_rate" : 48.34163132928736,
      "m1_rate" : 61.48583945381538,
      "m5_rate" : 62.26591895736307,
      "mean_rate" : 59.38709350187251,
      "duration_units" : "seconds",
      "rate_units" : "calls/second"
    },
    "eu.domibus.core.plugin.notification.PluginAsyncNotificationListener.onMessage.timer" : {
      "count" : 79867,
      "max" : 0.35226411500000004,
      "mean" : 0.05073853298022554,
      "min" : 0.009017396,
      "p50" : 0.05463797200000001,
      "p75" : 0.067368966,
      "p95" : 0.145962526,
      "p98" : 0.17226761100000001,
      "p99" : 0.197696997,
      "p999" : 0.281210456,
      "stddev" : 0.042861490214910744,
      "m15_rate" : 48.254134516127785,
      "m1_rate" : 61.26204556953795,
      "m5_rate" : 62.21413352623422,
      "mean_rate" : 59.258155239389474,
      "duration_units" : "seconds",
      "rate_units" : "calls/second"
    },
    "eu.domibus.core.pmode.validation.validators.MessagePropertyValidator.validate.timer" : {
      "count" : 159885,
      "max" : 2.5300000000000002E-5,
      "mean" : 1.0534655861799888E-6,
      "min" : 3.0000000000000004E-7,
      "p50" : 1.0000000000000002E-6,
      "p75" : 1.2000000000000002E-6,
      "p95" : 1.5E-6,
      "p98" : 1.9E-6,
      "p99" : 2.4000000000000003E-6,
      "p999" : 2.11E-5,
      "stddev" : 1.1224000356012776E-6,
      "m15_rate" : 96.06008083234114,
      "m1_rate" : 122.89998288720969,
      "m5_rate" : 124.51111223344714,
      "mean_rate" : 118.5878049736731,
      "duration_units" : "seconds",
      "rate_units" : "calls/second"
    },
    "eu.domibus.core.replication.UIMessageDaoImpl.deleteMessages.deleteUIMessagesByMessageIds.timer" : {
      "count" : 46,
      "max" : 0.014376792000000001,
      "mean" : 0.0033774839344748626,
      "min" : 7.569E-4,
      "p50" : 0.0031303980000000004,
      "p75" : 0.0039043980000000003,
      "p95" : 0.005290297,
      "p98" : 0.009261695,
      "p99" : 0.009261695,
      "p999" : 0.014376792000000001,
      "stddev" : 0.00152597423738755,
      "m15_rate" : 1.3712836710397038,
      "m1_rate" : 9.777360772816674E-5,
      "m5_rate" : 0.3316311710538794,
      "mean_rate" : 0.06937075884095036,
      "duration_units" : "seconds",
      "rate_units" : "calls/second"
    },
    "eu.domibus.core.util.SoapUtil.logMessage.timer" : {
      "count" : 80079,
      "max" : 1.8299000000000002E-5,
      "mean" : 7.286711785057129E-7,
      "min" : 2.0000000000000002E-7,
      "p50" : 6.000000000000001E-7,
      "p75" : 7.000000000000001E-7,
      "p95" : 1.2000000000000002E-6,
      "p98" : 1.4000000000000001E-6,
      "p99" : 1.6000000000000001E-6,
      "p999" : 1.81E-5,
      "stddev" : 1.1021527998011185E-6,
      "m15_rate" : 48.346999448226484,
      "m1_rate" : 61.59495943705481,
      "m5_rate" : 62.28353642574401,
      "mean_rate" : 59.39503079579744,
      "duration_units" : "seconds",
      "rate_units" : "calls/second"
    },
    "eu.domibus.plugin.jms.JMSPluginImpl.deliverMessage.timer" : {
      "count" : 79867,
      "max" : 0.402665088,
      "mean" : 0.04993482543470085,
      "min" : 0.008737295,
      "p50" : 0.050470974,
      "p75" : 0.068296665,
      "p95" : 0.147323024,
      "p98" : 0.169123811,
      "p99" : 0.205523493,
      "p999" : 0.283544255,
      "stddev" : 0.044822216422163136,
      "m15_rate" : 48.25344292680569,
      "m1_rate" : 61.246963732065886,
      "m5_rate" : 62.211323794496714,
      "mean_rate" : 59.25871026880892,
      "duration_units" : "seconds",
      "rate_units" : "calls/second"
    },
    "eu.domibus.plugin.jms.JMSPluginImpl.receiveMessage.timer" : {
      "count" : 79802,
      "max" : 0.64003137,
      "mean" : 0.07813193529587947,
      "min" : 0.009775195,
      "p50" : 0.066151866,
      "p75" : 0.122088837,
      "p95" : 0.244013675,
      "p98" : 0.26958706200000004,
      "p99" : 0.310588441,
      "p999" : 0.635801072,
      "stddev" : 0.07657317188185205,
      "m15_rate" : 48.25741788888985,
      "m1_rate" : 60.8337145922777,
      "m5_rate" : 62.170824105391894,
      "mean_rate" : 60.810453833564964,
      "duration_units" : "seconds",
      "rate_units" : "calls/second"
    }
  }
}