{
  "version" : "4.0.0",
  "gauges" : { },
  "counters" : {
    "eu.domibus.core.ebms3.receiver.MSHWebservice.incoming_user_message.counter" : {
      "count" : 30
    },
    "eu.domibus.core.ebms3.receiver.handler.AbstractIncomingMessageHandler.processMessage.counter" : {
      "count" : 30
    },
    "eu.domibus.core.ebms3.receiver.handler.IncomingUserMessageHandler.around_handleNewUserMessage.counter.counter" : {
      "count" : 30
    },
    "eu.domibus.core.ebms3.sender.AbstractUserMessageSender.outgoing_user_message.counter" : {
      "count" : 0
    },
    "eu.domibus.core.ebms3.sender.MessageSenderListener.onMessage.counter" : {
      "count" : 1
    },
    "eu.domibus.core.ebms3.sender.MessageSenderService.sendUserMessage.counter" : {
      "count" : 1
    },
    "eu.domibus.core.ebms3.sender.client.MSHDispatcher.dispatch.counter" : {
      "count" : 0
    },
    "eu.domibus.core.error.ErrorLogDao.deleteMessages.deleteErrorLogsByMessageIdInError.counter" : {
      "count" : 0
    },
    "eu.domibus.core.message.MessageInfoDao.deleteMessages.counter" : {
      "count" : 0
    },
    "eu.domibus.core.message.MessageInfoDao.findSignalMessageIds.counter" : {
      "count" : 0
    },
    "eu.domibus.core.message.MessagingServiceImpl.storeMessage.counter" : {
      "count" : 0
    },
    "eu.domibus.core.message.UserMessageHandlerServiceImpl.handleNewUserMessage.counter" : {
      "count" : 8
    },
    "eu.domibus.core.message.UserMessageLogDao.deleteMessages.deleteMessageLogs.counter" : {
      "count" : 0
    },
    "eu.domibus.core.message.acknowledge.MessageAcknowledgementDao.deleteMessages.deleteMessageAcknowledgementsByMessageIds.counter" : {
      "count" : 0
    },
    "eu.domibus.core.message.attempt.MessageAttemptDao.deleteMessages.deleteAttemptsByMessageIds.counter" : {
      "count" : 0
    },
    "eu.domibus.core.message.pull.IncomingPullRequestHandler.incoming_pull_request.counter" : {
      "count" : 0
    },
    "eu.domibus.core.message.receipt.AS4ReceiptServiceImpl.generateReceipt.counter" : {
      "count" : 0
    },
    "eu.domibus.core.message.retention.MessageRetentionDefaultService.schedule_deleteExpiredMessages.counter" : {
      "count" : 0
    },
    "eu.domibus.core.message.retention.RetentionListener.onMessage.deleteMessages.counter" : {
      "count" : 0
    },
    "eu.domibus.core.message.signal.SignalMessageDao.deleteMessages.deleteReceipts.counter" : {
      "count" : 0
    },
    "eu.domibus.core.message.signal.SignalMessageLogDao.deleteMessages.deleteMessageLogs.counter" : {
      "count" : 0
    },
    "eu.domibus.core.plugin.handler.DatabaseMessageHandler.submit.counter" : {
      "count" : 9
    },
    "eu.domibus.core.plugin.notification.BackendNotificationService.notifyMessageReceived.counter" : {
      "count" : 8
    },
    "eu.domibus.core.plugin.notification.PluginAsyncNotificationListener.onMessage.counter" : {
      "count" : 12
    },
    "eu.domibus.core.pmode.validation.validators.MessagePropertyValidator.validate.counter" : {
      "count" : 0
    },
    "eu.domibus.core.replication.UIMessageDaoImpl.deleteMessages.deleteUIMessagesByMessageIds.counter" : {
      "count" : 0
    },
    "eu.domibus.core.util.SoapUtil.SoapUtil.counter" : {
      "count" : 0
    },
    "eu.domibus.plugin.jms.JMSPluginImpl.deliverMessage.counter" : {
      "count" : 12
    },
    "eu.domibus.plugin.jms.JMSPluginImpl.receiveMessage.counter" : {
      "count" : 11
    }
  },
  "histograms" : { },
  "meters" : { },
  "timers" : {
    "eu.domibus.core.ebms3.receiver.MSHWebservice.incoming_user_message.timer" : {
      "count" : 75696,
      "max" : 0.9265307210000001,
      "mean" : 0.22391769931715863,
      "min" : 0.106688793,
      "p50" : 0.19389568000000001,
      "p75" : 0.22593315100000003,
      "p95" : 0.46309554300000005,
      "p98" : 0.5251169950000001,
      "p99" : 0.547772896,
      "p999" : 0.8213772680000001,
      "stddev" : 0.10006229575086849,
      "m15_rate" : 44.10824102960677,
      "m1_rate" : 47.18854268856551,
      "m5_rate" : 55.2041390003664,
      "mean_rate" : 34.04115398462897,
      "duration_units" : "seconds",
      "rate_units" : "calls/second"
    },
    "eu.domibus.core.ebms3.receiver.handler.AbstractIncomingMessageHandler.processMessage.timer" : {
      "count" : 75690,
      "max" : 0.9319752240000001,
      "mean" : 0.22851513673066817,
      "min" : 0.106416468,
      "p50" : 0.195342115,
      "p75" : 0.23134985400000002,
      "p95" : 0.47290025300000005,
      "p98" : 0.529973445,
      "p99" : 0.543164068,
      "p999" : 0.928712021,
      "stddev" : 0.10413034784653659,
      "m15_rate" : 44.54343327108636,
      "m1_rate" : 47.17445480535008,
      "m5_rate" : 55.22269534750842,
      "mean_rate" : 56.12877619971132,
      "duration_units" : "seconds",
      "rate_units" : "calls/second"
    },
    "eu.domibus.core.ebms3.receiver.handler.IncomingUserMessageHandler.around_handleNewUserMessage.timer.timer" : {
      "count" : 75690,
      "max" : 0.86204574,
      "mean" : 0.22772762045830294,
      "min" : 0.107122834,
      "p50" : 0.19685395500000002,
      "p75" : 0.22992062100000002,
      "p95" : 0.491112841,
      "p98" : 0.535479956,
      "p99" : 0.5450495430000001,
      "p999" : 0.842997573,
      "stddev" : 0.10588339588063077,
      "m15_rate" : 44.545149551401316,
      "m1_rate" : 47.19606272788211,
      "m5_rate" : 55.2248389738338,
      "mean_rate" : 56.13020501738552,
      "duration_units" : "seconds",
      "rate_units" : "calls/second"
    },
    "eu.domibus.core.ebms3.sender.AbstractUserMessageSender.outgoing_user_message.timer" : {
      "count" : 75695,
      "max" : 0.250436223,
      "mean" : 0.05430038987280412,
      "min" : 0.040240632000000005,
      "p50" : 0.052694087,
      "p75" : 0.057324816,
      "p95" : 0.06530975700000001,
      "p98" : 0.072282503,
      "p99" : 0.087698332,
      "p999" : 0.193038401,
      "stddev" : 0.011961553374393407,
      "m15_rate" : 44.84415222466423,
      "m1_rate" : 46.66761341434212,
      "m5_rate" : 55.20562132340806,
      "mean_rate" : 57.73195708582008,
      "duration_units" : "seconds",
      "rate_units" : "calls/second"
    },
    "eu.domibus.core.ebms3.sender.MessageSenderListener.onMessage.timer" : {
      "count" : 75695,
      "max" : 0.180686056,
      "mean" : 0.05855939428446909,
      "min" : 0.045785146000000006,
      "p50" : 0.057114296,
      "p75" : 0.061991349,
      "p95" : 0.069422837,
      "p98" : 0.07468282500000001,
      "p99" : 0.08970401800000001,
      "p999" : 0.17397463300000002,
      "stddev" : 0.009408122127956097,
      "m15_rate" : 44.835108664004316,
      "m1_rate" : 46.54348351522351,
      "m5_rate" : 55.181691052617154,
      "mean_rate" : 57.727973822674926,
      "duration_units" : "seconds",
      "rate_units" : "calls/second"
    },
    "eu.domibus.core.ebms3.sender.MessageSenderService.sendUserMessage.timer" : {
      "count" : 75695,
      "max" : 0.486002668,
      "mean" : 0.061727113042431274,
      "min" : 0.044802954000000006,
      "p50" : 0.057390021000000006,
      "p75" : 0.062411088,
      "p95" : 0.07377484200000001,
      "p98" : 0.129638522,
      "p99" : 0.17343788300000001,
      "p999" : 0.486002668,
      "stddev" : 0.025512514824564205,
      "m15_rate" : 44.83436487458995,
      "m1_rate" : 46.53010834332728,
      "m5_rate" : 55.178821836192206,
      "mean_rate" : 57.728678068753155,
      "duration_units" : "seconds",
      "rate_units" : "calls/second"
    },
    "eu.domibus.core.ebms3.sender.client.MSHDispatcher.dispatch.timer" : {
      "count" : 75695,
      "max" : 0.324612402,
      "mean" : 0.046681784196296205,
      "min" : 0.034518701,
      "p50" : 0.045106483,
      "p75" : 0.049510591,
      "p95" : 0.057073193,
      "p98" : 0.062902133,
      "p99" : 0.069612055,
      "p999" : 0.17059592,
      "stddev" : 0.011027058686109823,
      "m15_rate" : 44.84597067805941,
      "m1_rate" : 46.6808383308881,
      "m5_rate" : 55.206796314304775,
      "mean_rate" : 57.73484496433254,
      "duration_units" : "seconds",
      "rate_units" : "calls/second"
    },
    "eu.domibus.core.error.ErrorLogDao.deleteMessages.deleteErrorLogsByMessageIdInError.timer" : {
      "count" : 41,
      "max" : 0.009879216000000001,
      "mean" : 0.0036402393320425527,
      "min" : 0.002210905,
      "p50" : 0.0036703400000000002,
      "p75" : 0.003872059,
      "p95" : 0.004817147,
      "p98" : 0.004817147,
      "p99" : 0.004817147,
      "p999" : 0.007783521000000001,
      "stddev" : 8.467187519995831E-4,
      "m15_rate" : 0.12274196206626975,
      "m1_rate" : 0.0548121058590592,
      "m5_rate" : 0.07451311002789114,
      "mean_rate" : 0.056646242797130965,
      "duration_units" : "seconds",
      "rate_units" : "calls/second"
    },
    "eu.domibus.core.message.MessageInfoDao.deleteMessages.timer" : {
      "count" : 82,
      "max" : 1.342532596,
      "mean" : 0.6814842724403262,
      "min" : 0.031121386,
      "p50" : 0.471510024,
      "p75" : 1.0435869740000001,
      "p95" : 1.342532596,
      "p98" : 1.342532596,
      "p99" : 1.342532596,
      "p999" : 1.342532596,
      "stddev" : 0.4070413422886751,
      "m15_rate" : 0.2454839241325395,
      "m1_rate" : 0.1096242117181184,
      "m5_rate" : 0.14902622005578228,
      "mean_rate" : 0.11326064170238481,
      "duration_units" : "seconds",
      "rate_units" : "calls/second"
    },
    "eu.domibus.core.message.MessageInfoDao.findSignalMessageIds.timer" : {
      "count" : 41,
      "max" : 0.237450019,
      "mean" : 0.11201122393935313,
      "min" : 0.04497007,
      "p50" : 0.103485797,
      "p75" : 0.142975959,
      "p95" : 0.188773705,
      "p98" : 0.188773705,
      "p99" : 0.188773705,
      "p999" : 0.188773705,
      "stddev" : 0.045209197671562035,
      "m15_rate" : 0.12269464617176819,
      "m1_rate" : 0.05318955379148133,
      "m5_rate" : 0.07424247635060514,
      "mean_rate" : 0.05662561430852769,
      "duration_units" : "seconds",
      "rate_units" : "calls/second"
    },
    "eu.domibus.core.message.MessagingServiceImpl.storeMessage.timer" : {
      "count" : 151436,
      "max" : 0.063116453,
      "mean" : 0.004182699912024095,
      "min" : 0.002457028,
      "p50" : 0.003830055,
      "p75" : 0.004255294000000001,
      "p95" : 0.006348089,
      "p98" : 0.008026844,
      "p99" : 0.010385163000000001,
      "p999" : 0.03731156,
      "stddev" : 0.002321378204586302,
      "m15_rate" : 88.61882547983205,
      "m1_rate" : 94.47308449425164,
      "m5_rate" : 110.52442244204063,
      "mean_rate" : 112.30326368829391,
      "duration_units" : "seconds",
      "rate_units" : "calls/second"
    },
    "eu.domibus.core.message.UserMessageHandlerServiceImpl.handleNewUserMessage.timer" : {
      "count" : 75712,
      "max" : 0.450135642,
      "mean" : 0.047244214348821804,
      "min" : 0.020249778,
      "p50" : 0.029385925,
      "p75" : 0.047928244,
      "p95" : 0.14007589,
      "p98" : 0.17501353,
      "p99" : 0.19868122500000002,
      "p999" : 0.394510483,
      "stddev" : 0.041703647105769084,
      "m15_rate" : 44.54588752597613,
      "m1_rate" : 47.23582402462175,
      "m5_rate" : 55.22119489330736,
      "mean_rate" : 56.14648013949218,
      "duration_units" : "seconds",
      "rate_units" : "calls/second"
    },
    "eu.domibus.core.message.UserMessageLogDao.deleteMessages.deleteMessageLogs.timer" : {
      "count" : 41,
      "max" : 0.097372129,
      "mean" : 0.07333371892907267,
      "min" : 0.013553057,
      "p50" : 0.072328707,
      "p75" : 0.085169197,
      "p95" : 0.08566754400000001,
      "p98" : 0.09167910200000001,
      "p99" : 0.09191502400000001,
      "p999" : 0.097372129,
      "stddev" : 0.010426214575062577,
      "m15_rate" : 0.12274196206626975,
      "m1_rate" : 0.0548121058590592,
      "m5_rate" : 0.07451311002789114,
      "mean_rate" : 0.056642754515032985,
      "duration_units" : "seconds",
      "rate_units" : "calls/second"
    },
    "eu.domibus.core.message.acknowledge.MessageAcknowledgementDao.deleteMessages.deleteMessageAcknowledgementsByMessageIds.timer" : {
      "count" : 41,
      "max" : 0.011262844000000001,
      "mean" : 0.003323149366931569,
      "min" : 0.001851172,
      "p50" : 0.0032064980000000003,
      "p75" : 0.003939066000000001,
      "p95" : 0.004832248,
      "p98" : 0.004832248,
      "p99" : 0.004832248,
      "p999" : 0.007487194000000001,
      "stddev" : 8.335346277743516E-4,
      "m15_rate" : 0.12274196206626975,
      "m1_rate" : 0.0548121058590592,
      "m5_rate" : 0.07451311002789114,
      "mean_rate" : 0.056647794577703865,
      "duration_units" : "seconds",
      "rate_units" : "calls/second"
    },
    "eu.domibus.core.message.attempt.MessageAttemptDao.deleteMessages.deleteAttemptsByMessageIds.timer" : {
      "count" : 41,
      "max" : 0.009724302,
      "mean" : 0.004572837215051238,
      "min" : 0.002438426,
      "p50" : 0.004524820000000001,
      "p75" : 0.0053009910000000006,
      "p95" : 0.0065529080000000005,
      "p98" : 0.0065529080000000005,
      "p99" : 0.0065529080000000005,
      "p999" : 0.0065529080000000005,
      "stddev" : 0.0012237969955288513,
      "m15_rate" : 0.12274196206626975,
      "m1_rate" : 0.0548121058590592,
      "m5_rate" : 0.07451311002789114,
      "mean_rate" : 0.05664546131515071,
      "duration_units" : "seconds",
      "rate_units" : "calls/second"
    },
    "eu.domibus.core.message.pull.IncomingPullRequestHandler.incoming_pull_request.timer" : {
      "count" : 6,
      "max" : 0.5287768500000001,
      "mean" : 0.27503154766666665,
      "min" : 0.014720468,
      "p50" : 0.528679841,
      "p75" : 0.5287646490000001,
      "p95" : 0.5287768500000001,
      "p98" : 0.5287768500000001,
      "p99" : 0.5287768500000001,
      "p999" : 0.5287768500000001,
      "stddev" : 0.25373200348175157,
      "m15_rate" : 0.10240809115454444,
      "m1_rate" : 1.1129524823014732E-16,
      "m5_rate" : 7.458308123791575E-4,
      "mean_rate" : 0.002698254064670356,
      "duration_units" : "seconds",
      "rate_units" : "calls/second"
    },
    "eu.domibus.core.message.receipt.AS4ReceiptServiceImpl.generateReceipt.timer" : {
      "count" : 75712,
      "max" : 0.159960833,
      "mean" : 0.023908240972679122,
      "min" : 0.013495452000000002,
      "p50" : 0.020951343,
      "p75" : 0.025704083000000003,
      "p95" : 0.043475032000000004,
      "p98" : 0.05035187,
      "p99" : 0.055034403,
      "p999" : 0.159960833,
      "stddev" : 0.010347290910797929,
      "m15_rate" : 44.54614410742064,
      "m1_rate" : 47.234023405194314,
      "m5_rate" : 55.21733631836503,
      "mean_rate" : 56.152193988506376,
      "duration_units" : "seconds",
      "rate_units" : "calls/second"
    },
    "eu.domibus.core.message.retention.MessageRetentionDefaultService.schedule_deleteExpiredMessages.timer" : {
      "count" : 10,
      "max" : 6.5962496,
      "mean" : 4.015857024746026,
      "min" : 0.47981724000000003,
      "p50" : 3.9424435910000004,
      "p75" : 3.9424435910000004,
      "p95" : 4.238058108000001,
      "p98" : 5.563230698,
      "p99" : 5.563230698,
      "p999" : 6.5962496,
      "stddev" : 0.317998161623422,
      "m15_rate" : 0.032721208998126416,
      "m1_rate" : 0.006314617783615785,
      "m5_rate" : 0.00816136680713184,
      "mean_rate" : 0.0055375386052197596,
      "duration_units" : "seconds",
      "rate_units" : "calls/second"
    },
    "eu.domibus.core.message.retention.RetentionListener.onMessage.deleteMessages.timer" : {
      "count" : 41,
      "max" : 2.6579383770000002,
      "mean" : 2.3351206739675123,
      "min" : 0.313984819,
      "p50" : 2.30266073,
      "p75" : 2.4505400440000003,
      "p95" : 2.6579383770000002,
      "p98" : 2.6579383770000002,
      "p99" : 2.6579383770000002,
      "p999" : 2.6579383770000002,
      "stddev" : 0.1947084662313462,
      "m15_rate" : 0.12275221667182873,
      "m1_rate" : 0.05537795147487658,
      "m5_rate" : 0.07458014228827638,
      "mean_rate" : 0.056624379913720456,
      "duration_units" : "seconds",
      "rate_units" : "calls/second"
    },
    "eu.domibus.core.message.signal.SignalMessageDao.deleteMessages.deleteReceipts.timer" : {
      "count" : 41,
      "max" : 0.879767783,
      "mean" : 0.6381428020370836,
      "min" : 0.026139125000000003,
      "p50" : 0.648397227,
      "p75" : 0.719173191,
      "p95" : 0.879767783,
      "p98" : 0.879767783,
      "p99" : 0.879767783,
      "p999" : 0.879767783,
      "stddev" : 0.1638695121819544,
      "m15_rate" : 0.12274196206626975,
      "m1_rate" : 0.0548121058590592,
      "m5_rate" : 0.07451311002789114,
      "mean_rate" : 0.05664067095627127,
      "duration_units" : "seconds",
      "rate_units" : "calls/second"
    },
    "eu.domibus.core.message.signal.SignalMessageLogDao.deleteMessages.deleteMessageLogs.timer" : {
      "count" : 41,
      "max" : 0.084826566,
      "mean" : 0.057992712550401906,
      "min" : 0.020845633000000002,
      "p50" : 0.063044947,
      "p75" : 0.066330651,
      "p95" : 0.067375348,
      "p98" : 0.068969896,
      "p99" : 0.08174988100000001,
      "p999" : 0.082824881,
      "stddev" : 0.00928139244614953,
      "m15_rate" : 0.12274196206626975,
      "m1_rate" : 0.0548121058590592,
      "m5_rate" : 0.07451311002789114,
      "mean_rate" : 0.05664379051341071,
      "duration_units" : "seconds",
      "rate_units" : "calls/second"
    },
    "eu.domibus.core.plugin.handler.DatabaseMessageHandler.submit.timer" : {
      "count" : 75712,
      "max" : 0.39714402800000004,
      "mean" : 0.025764295254883905,
      "min" : 0.006909940000000001,
      "p50" : 0.009627893,
      "p75" : 0.012352345,
      "p95" : 0.116821433,
      "p98" : 0.14242200700000002,
      "p99" : 0.15738079400000002,
      "p999" : 0.294140976,
      "stddev" : 0.038946970843676966,
      "m15_rate" : 44.82831029214669,
      "m1_rate" : 46.53516303485847,
      "m5_rate" : 55.16428234021232,
      "mean_rate" : 57.7299508243919,
      "duration_units" : "seconds",
      "rate_units" : "calls/second"
    },
    "eu.domibus.core.plugin.notification.BackendNotificationService.notifyMessageReceived.timer" : {
      "count" : 75712,
      "max" : 0.32449769100000003,
      "mean" : 0.016159590978942755,
      "min" : 3.1733E-4,
      "p50" : 4.977460000000001E-4,
      "p75" : 0.002199004,
      "p95" : 0.096524751,
      "p98" : 0.14176644600000002,
      "p99" : 0.152046499,
      "p999" : 0.16632422300000002,
      "stddev" : 0.035602008778764925,
      "m15_rate" : 44.54820965984048,
      "m1_rate" : 47.26401787565677,
      "m5_rate" : 55.22512132867614,
      "mean_rate" : 56.1492241832816,
      "duration_units" : "seconds",
      "rate_units" : "calls/second"
    },
    "eu.domibus.core.plugin.notification.PluginAsyncNotificationListener.onMessage.timer" : {
      "count" : 75775,
      "max" : 0.289704365,
      "mean" : 0.027678552175411746,
      "min" : 0.007371184,
      "p50" : 0.010542978000000001,
      "p75" : 0.014004498,
      "p95" : 0.129234084,
      "p98" : 0.15116221800000001,
      "p99" : 0.156617523,
      "p999" : 0.242280968,
      "stddev" : 0.0391313122265626,
      "m15_rate" : 44.63795415763743,
      "m1_rate" : 47.03755699473801,
      "m5_rate" : 55.238345857081136,
      "mean_rate" : 56.2201696174256,
      "duration_units" : "seconds",
      "rate_units" : "calls/second"
    },
    "eu.domibus.core.pmode.validation.validators.MessagePropertyValidator.validate.timer" : {
      "count" : 151449,
      "max" : 4.0904E-5,
      "mean" : 1.4259887078335802E-6,
      "min" : 3.0000000000000004E-7,
      "p50" : 1.2000000000000002E-6,
      "p75" : 1.5E-6,
      "p95" : 2.2E-6,
      "p98" : 2.4000000000000003E-6,
      "p99" : 2.6E-6,
      "p999" : 4.0904E-5,
      "stddev" : 1.8744543408509104E-6,
      "m15_rate" : 88.61700491194496,
      "m1_rate" : 94.44467479891269,
      "m5_rate" : 110.51907292840262,
      "mean_rate" : 112.31148611865007,
      "duration_units" : "seconds",
      "rate_units" : "calls/second"
    },
    "eu.domibus.core.replication.UIMessageDaoImpl.deleteMessages.deleteUIMessagesByMessageIds.timer" : {
      "count" : 82,
      "max" : 0.009789008,
      "mean" : 0.0029941067188141465,
      "min" : 8.60079E-4,
      "p50" : 0.002789258,
      "p75" : 0.003169794,
      "p95" : 0.005013565,
      "p98" : 0.005013565,
      "p99" : 0.005013565,
      "p999" : 0.008226663,
      "stddev" : 8.608558717603707E-4,
      "m15_rate" : 0.2454839241325395,
      "m1_rate" : 0.1096242117181184,
      "m5_rate" : 0.14902622005578228,
      "mean_rate" : 0.11329275594167436,
      "duration_units" : "seconds",
      "rate_units" : "calls/second"
    },
    "eu.domibus.core.util.SoapUtil.logMessage.timer" : {
      "count" : 75729,
      "max" : 1.6701E-5,
      "mean" : 9.427743128153754E-7,
      "min" : 3.0000000000000004E-7,
      "p50" : 8.000000000000001E-7,
      "p75" : 1.1E-6,
      "p95" : 1.5E-6,
      "p98" : 1.7E-6,
      "p99" : 1.9E-6,
      "p999" : 1.6701E-5,
      "stddev" : 1.0125620455457202E-6,
      "m15_rate" : 44.54349346931217,
      "m1_rate" : 47.2107058628655,
      "m5_rate" : 55.21209523809892,
      "mean_rate" : 56.15894133067658,
      "duration_units" : "seconds",
      "rate_units" : "calls/second"
    },
    "eu.domibus.plugin.jms.JMSPluginImpl.deliverMessage.timer" : {
      "count" : 75775,
      "max" : 0.22772391800000003,
      "mean" : 0.028459151043762846,
      "min" : 0.007401586000000001,
      "p50" : 0.010196246,
      "p75" : 0.014203417000000001,
      "p95" : 0.12926368700000002,
      "p98" : 0.154141693,
      "p99" : 0.15904214900000002,
      "p999" : 0.178479051,
      "stddev" : 0.0391905092892155,
      "m15_rate" : 44.6371880905708,
      "m1_rate" : 47.026884196826565,
      "m5_rate" : 55.23574342698231,
      "mean_rate" : 56.220737998378375,
      "duration_units" : "seconds",
      "rate_units" : "calls/second"
    },
    "eu.domibus.plugin.jms.JMSPluginImpl.receiveMessage.timer" : {
      "count" : 75711,
      "max" : 0.6261258620000001,
      "mean" : 0.04351366390614547,
      "min" : 0.0076920140000000005,
      "p50" : 0.010582881,
      "p75" : 0.014066004000000002,
      "p95" : 0.25748047700000004,
      "p98" : 0.28706161900000005,
      "p99" : 0.330129914,
      "p999" : 0.6251993760000001,
      "stddev" : 0.07926041903511238,
      "m15_rate" : 44.830203766294446,
      "m1_rate" : 46.53865787868906,
      "m5_rate" : 55.17162017839586,
      "mean_rate" : 57.72862782691484,
      "duration_units" : "seconds",
      "rate_units" : "calls/second"
    }
  }
}