{
  "version" : "4.0.0",
  "gauges" : { },
  "counters" : {
    "eu.domibus.core.ebms3.receiver.MSHWebservice.incoming_user_message.counter" : {
      "count" : 30
    },
    "eu.domibus.core.ebms3.receiver.handler.AbstractIncomingMessageHandler.processMessage.counter" : {
      "count" : 30
    },
    "eu.domibus.core.ebms3.receiver.handler.IncomingUserMessageHandler.around_handleNewUserMessage.counter.counter" : {
      "count" : 30
    },
    "eu.domibus.core.ebms3.sender.AbstractUserMessageSender.outgoing_user_message.counter" : {
      "count" : 1
    },
    "eu.domibus.core.ebms3.sender.MessageSenderListener.onMessage.counter" : {
      "count" : 1
    },
    "eu.domibus.core.ebms3.sender.MessageSenderService.sendUserMessage.counter" : {
      "count" : 1
    },
    "eu.domibus.core.ebms3.sender.client.MSHDispatcher.dispatch.counter" : {
      "count" : 0
    },
    "eu.domibus.core.error.ErrorLogDao.deleteMessages.deleteErrorLogsByMessageIdInError.counter" : {
      "count" : 0
    },
    "eu.domibus.core.message.MessageInfoDao.deleteMessages.counter" : {
      "count" : 0
    },
    "eu.domibus.core.message.MessageInfoDao.findSignalMessageIds.counter" : {
      "count" : 0
    },
    "eu.domibus.core.message.MessagingServiceImpl.storeMessage.counter" : {
      "count" : 0
    },
    "eu.domibus.core.message.UserMessageHandlerServiceImpl.handleNewUserMessage.counter" : {
      "count" : 0
    },
    "eu.domibus.core.message.UserMessageLogDao.deleteMessages.deleteMessageLogs.counter" : {
      "count" : 0
    },
    "eu.domibus.core.message.acknowledge.MessageAcknowledgementDao.deleteMessages.deleteMessageAcknowledgementsByMessageIds.counter" : {
      "count" : 0
    },
    "eu.domibus.core.message.attempt.MessageAttemptDao.deleteMessages.deleteAttemptsByMessageIds.counter" : {
      "count" : 0
    },
    "eu.domibus.core.message.receipt.AS4ReceiptServiceImpl.generateReceipt.counter" : {
      "count" : 0
    },
    "eu.domibus.core.message.retention.MessageRetentionDefaultService.schedule_deleteExpiredMessages.counter" : {
      "count" : 0
    },
    "eu.domibus.core.message.retention.RetentionListener.onMessage.deleteMessages.counter" : {
      "count" : 0
    },
    "eu.domibus.core.message.signal.SignalMessageDao.deleteMessages.deleteReceipts.counter" : {
      "count" : 0
    },
    "eu.domibus.core.message.signal.SignalMessageLogDao.deleteMessages.deleteMessageLogs.counter" : {
      "count" : 0
    },
    "eu.domibus.core.plugin.handler.DatabaseMessageHandler.submit.counter" : {
      "count" : 2
    },
    "eu.domibus.core.plugin.notification.BackendNotificationService.notifyMessageReceived.counter" : {
      "count" : 0
    },
    "eu.domibus.core.plugin.notification.PluginAsyncNotificationListener.onMessage.counter" : {
      "count" : 5
    },
    "eu.domibus.core.pmode.validation.validators.MessagePropertyValidator.validate.counter" : {
      "count" : 0
    },
    "eu.domibus.core.replication.UIMessageDaoImpl.deleteMessages.deleteUIMessagesByMessageIds.counter" : {
      "count" : 0
    },
    "eu.domibus.core.util.SoapUtil.SoapUtil.counter" : {
      "count" : 0
    },
    "eu.domibus.plugin.jms.JMSPluginImpl.deliverMessage.counter" : {
      "count" : 5
    },
    "eu.domibus.plugin.jms.JMSPluginImpl.receiveMessage.counter" : {
      "count" : 12
    }
  },
  "histograms" : { },
  "meters" : { },
  "timers" : {
    "eu.domibus.core.ebms3.receiver.MSHWebservice.incoming_user_message.timer" : {
      "count" : 75927,
      "max" : 1.2003600650000001,
      "mean" : 0.29308511017050526,
      "min" : 0.122801534,
      "p50" : 0.27469659900000004,
      "p75" : 0.305698044,
      "p95" : 0.514514063,
      "p98" : 0.549189883,
      "p99" : 0.567997588,
      "p999" : 0.954460882,
      "stddev" : 0.08989810134065786,
      "m15_rate" : 45.7018609348154,
      "m1_rate" : 66.88122492427003,
      "m5_rate" : 58.49509892676317,
      "mean_rate" : 56.37553231823954,
      "duration_units" : "seconds",
      "rate_units" : "calls/second"
    },
    "eu.domibus.core.ebms3.receiver.handler.AbstractIncomingMessageHandler.processMessage.timer" : {
      "count" : 75927,
      "max" : 1.204320246,
      "mean" : 0.29828737599273153,
      "min" : 0.12317075000000001,
      "p50" : 0.27825647800000003,
      "p75" : 0.30792344600000005,
      "p95" : 0.5192099370000001,
      "p98" : 0.5745725540000001,
      "p99" : 0.6538181740000001,
      "p999" : 0.9518929930000001,
      "stddev" : 0.09560304564570717,
      "m15_rate" : 45.701674176305325,
      "m1_rate" : 66.87639103853459,
      "m5_rate" : 58.494407674666306,
      "mean_rate" : 56.37563998634927,
      "duration_units" : "seconds",
      "rate_units" : "calls/second"
    },
    "eu.domibus.core.ebms3.receiver.handler.IncomingUserMessageHandler.around_handleNewUserMessage.timer.timer" : {
      "count" : 75927,
      "max" : 1.159209769,
      "mean" : 0.2947873004110836,
      "min" : 0.119946855,
      "p50" : 0.271755008,
      "p75" : 0.30514033900000004,
      "p95" : 0.528343189,
      "p98" : 0.574001657,
      "p99" : 0.652906148,
      "p999" : 0.9457395260000001,
      "stddev" : 0.09766416186122669,
      "m15_rate" : 45.76227857491526,
      "m1_rate" : 66.90220774865398,
      "m5_rate" : 58.51565572673929,
      "mean_rate" : 56.400735430067954,
      "duration_units" : "seconds",
      "rate_units" : "calls/second"
    },
    "eu.domibus.core.ebms3.sender.AbstractUserMessageSender.outgoing_user_message.timer" : {
      "count" : 75955,
      "max" : 0.438553193,
      "mean" : 0.06103065989884267,
      "min" : 0.043426592,
      "p50" : 0.058528602000000006,
      "p75" : 0.063991272,
      "p95" : 0.074116128,
      "p98" : 0.09046804600000001,
      "p99" : 0.125628767,
      "p999" : 0.438553193,
      "stddev" : 0.018031124327723743,
      "m15_rate" : 46.387475640463094,
      "m1_rate" : 66.43088837683764,
      "m5_rate" : 58.55217474806552,
      "mean_rate" : 57.90844175827165,
      "duration_units" : "seconds",
      "rate_units" : "calls/second"
    },
    "eu.domibus.core.ebms3.sender.MessageSenderListener.onMessage.timer" : {
      "count" : 75955,
      "max" : 0.48984210200000006,
      "mean" : 0.0687324886781874,
      "min" : 0.049584669000000005,
      "p50" : 0.064983974,
      "p75" : 0.071279752,
      "p95" : 0.085681161,
      "p98" : 0.12639777400000002,
      "p99" : 0.153715515,
      "p999" : 0.48984210200000006,
      "stddev" : 0.02492005119696025,
      "m15_rate" : 46.390258385312535,
      "m1_rate" : 66.4856328079652,
      "m5_rate" : 58.562450645543436,
      "mean_rate" : 57.906006707881275,
      "duration_units" : "seconds",
      "rate_units" : "calls/second"
    },
    "eu.domibus.core.ebms3.sender.MessageSenderService.sendUserMessage.timer" : {
      "count" : 75955,
      "max" : 0.354427993,
      "mean" : 0.06777258755707305,
      "min" : 0.049614063,
      "p50" : 0.064575477,
      "p75" : 0.07015394,
      "p95" : 0.083808174,
      "p98" : 0.132389058,
      "p99" : 0.153649915,
      "p999" : 0.354427993,
      "stddev" : 0.019546301919607698,
      "m15_rate" : 46.389511120581275,
      "m1_rate" : 66.47453035005232,
      "m5_rate" : 58.55987973771094,
      "mean_rate" : 57.906718493830084,
      "duration_units" : "seconds",
      "rate_units" : "calls/second"
    },
    "eu.domibus.core.ebms3.sender.client.MSHDispatcher.dispatch.timer" : {
      "count" : 75956,
      "max" : 0.402312449,
      "mean" : 0.0504719984556098,
      "min" : 0.034657333000000005,
      "p50" : 0.047586759000000006,
      "p75" : 0.052295032000000005,
      "p95" : 0.062708679,
      "p98" : 0.07671672,
      "p99" : 0.169316345,
      "p999" : 0.402312449,
      "stddev" : 0.020826740038611655,
      "m15_rate" : 46.380420731541136,
      "m1_rate" : 66.21939708499426,
      "m5_rate" : 58.520480415671294,
      "mean_rate" : 57.919254790230575,
      "duration_units" : "seconds",
      "rate_units" : "calls/second"
    },
    "eu.domibus.core.error.ErrorLogDao.deleteMessages.deleteErrorLogsByMessageIdInError.timer" : {
      "count" : 16,
      "max" : 0.014922433,
      "mean" : 0.004304499939009614,
      "min" : 0.003029786,
      "p50" : 0.003974081,
      "p75" : 0.004157681,
      "p95" : 0.004917278000000001,
      "p98" : 0.014922433,
      "p99" : 0.014922433,
      "p999" : 0.014922433,
      "stddev" : 0.00210334350733662,
      "m15_rate" : 1.3250680323632056,
      "m1_rate" : 0.1053999206066973,
      "m5_rate" : 0.9108812254852093,
      "mean_rate" : 0.08783644846760301,
      "duration_units" : "seconds",
      "rate_units" : "calls/second"
    },
    "eu.domibus.core.message.MessageInfoDao.deleteMessages.timer" : {
      "count" : 32,
      "max" : 1.146741953,
      "mean" : 0.6740086894420381,
      "min" : 0.14473315,
      "p50" : 0.48482792700000005,
      "p75" : 1.075119328,
      "p95" : 1.134548434,
      "p98" : 1.141528085,
      "p99" : 1.146741953,
      "p999" : 1.146741953,
      "stddev" : 0.39074833047369967,
      "m15_rate" : 2.650136064726411,
      "m1_rate" : 0.2107998412133946,
      "m5_rate" : 1.8217624509704187,
      "mean_rate" : 0.17388950862858288,
      "duration_units" : "seconds",
      "rate_units" : "calls/second"
    },
    "eu.domibus.core.message.MessageInfoDao.findSignalMessageIds.timer" : {
      "count" : 16,
      "max" : 0.20046365200000002,
      "mean" : 0.12592818365746872,
      "min" : 0.09667916800000001,
      "p50" : 0.11180627100000001,
      "p75" : 0.137505251,
      "p95" : 0.20046365200000002,
      "p98" : 0.20046365200000002,
      "p99" : 0.20046365200000002,
      "p999" : 0.20046365200000002,
      "stddev" : 0.031118343580325527,
      "m15_rate" : 1.3250626300448725,
      "m1_rate" : 0.10521184613392247,
      "m5_rate" : 0.9108439846206065,
      "mean_rate" : 0.08681177123504545,
      "duration_units" : "seconds",
      "rate_units" : "calls/second"
    },
    "eu.domibus.core.message.MessagingServiceImpl.storeMessage.timer" : {
      "count" : 151951,
      "max" : 0.062839379,
      "mean" : 0.0060335350767918225,
      "min" : 0.003325483,
      "p50" : 0.005143174,
      "p75" : 0.006188769,
      "p95" : 0.010416846,
      "p98" : 0.012919538000000001,
      "p99" : 0.016377216,
      "p999" : 0.062839379,
      "stddev" : 0.004234954611384918,
      "m15_rate" : 90.64723805555067,
      "m1_rate" : 133.51854548191665,
      "m5_rate" : 117.04895510656392,
      "mean_rate" : 112.87573311935877,
      "duration_units" : "seconds",
      "rate_units" : "calls/second"
    },
    "eu.domibus.core.message.UserMessageHandlerServiceImpl.handleNewUserMessage.timer" : {
      "count" : 75957,
      "max" : 0.381723912,
      "mean" : 0.07711606909484515,
      "min" : 0.025103985000000002,
      "p50" : 0.06646626700000001,
      "p75" : 0.093512221,
      "p95" : 0.14886553700000002,
      "p98" : 0.18014707600000002,
      "p99" : 0.19071712200000002,
      "p999" : 0.369670372,
      "stddev" : 0.03699713929608615,
      "m15_rate" : 45.76627977080041,
      "m1_rate" : 66.90135460409249,
      "m5_rate" : 58.519596034234056,
      "mean_rate" : 56.422953659516324,
      "duration_units" : "seconds",
      "rate_units" : "calls/second"
    },
    "eu.domibus.core.message.UserMessageLogDao.deleteMessages.deleteMessageLogs.timer" : {
      "count" : 16,
      "max" : 0.13168731,
      "mean" : 0.08197513043264516,
      "min" : 0.06183560800000001,
      "p50" : 0.072439257,
      "p75" : 0.08359762500000001,
      "p95" : 0.12310541900000001,
      "p98" : 0.13168731,
      "p99" : 0.13168731,
      "p999" : 0.13168731,
      "stddev" : 0.01989636351753438,
      "m15_rate" : 1.3250680323632056,
      "m1_rate" : 0.1053999206066973,
      "m5_rate" : 0.9108812254852093,
      "mean_rate" : 0.08772493146120723,
      "duration_units" : "seconds",
      "rate_units" : "calls/second"
    },
    "eu.domibus.core.message.acknowledge.MessageAcknowledgementDao.deleteMessages.deleteMessageAcknowledgementsByMessageIds.timer" : {
      "count" : 16,
      "max" : 0.022106401,
      "mean" : 0.0046905294824260415,
      "min" : 0.0031170850000000003,
      "p50" : 0.0037709820000000004,
      "p75" : 0.0041410810000000004,
      "p95" : 0.012167545,
      "p98" : 0.022106401,
      "p99" : 0.022106401,
      "p999" : 0.022106401,
      "stddev" : 0.003692349475924066,
      "m15_rate" : 1.3250680323632056,
      "m1_rate" : 0.1053999206066973,
      "m5_rate" : 0.9108812254852093,
      "mean_rate" : 0.0878551015789997,
      "duration_units" : "seconds",
      "rate_units" : "calls/second"
    },
    "eu.domibus.core.message.attempt.MessageAttemptDao.deleteMessages.deleteAttemptsByMessageIds.timer" : {
      "count" : 16,
      "max" : 0.016787625,
      "mean" : 0.004996879276090634,
      "min" : 0.0032616840000000004,
      "p50" : 0.00418828,
      "p75" : 0.004895577,
      "p95" : 0.007457265,
      "p98" : 0.016787625,
      "p99" : 0.016787625,
      "p999" : 0.016787625,
      "stddev" : 0.002473039649135039,
      "m15_rate" : 1.3250680323632056,
      "m1_rate" : 0.1053999206066973,
      "m5_rate" : 0.9108812254852093,
      "mean_rate" : 0.08782792620920073,
      "duration_units" : "seconds",
      "rate_units" : "calls/second"
    },
    "eu.domibus.core.message.receipt.AS4ReceiptServiceImpl.generateReceipt.timer" : {
      "count" : 75957,
      "max" : 0.28806897600000003,
      "mean" : 0.028355022213930412,
      "min" : 0.016319419,
      "p50" : 0.025403270000000002,
      "p75" : 0.030762044000000002,
      "p95" : 0.046056964000000006,
      "p98" : 0.057581519000000005,
      "p99" : 0.07004284100000001,
      "p999" : 0.14357276400000002,
      "stddev" : 0.012730494682970824,
      "m15_rate" : 45.863022587557865,
      "m1_rate" : 66.95322261235575,
      "m5_rate" : 58.53721601030521,
      "mean_rate" : 56.43098799283242,
      "duration_units" : "seconds",
      "rate_units" : "calls/second"
    },
    "eu.domibus.core.message.retention.MessageRetentionDefaultService.schedule_deleteExpiredMessages.timer" : {
      "count" : 8,
      "max" : 5.310761318,
      "mean" : 5.006053929221126,
      "min" : 0.22445804700000002,
      "p50" : 4.8802972680000005,
      "p75" : 5.310761318,
      "p95" : 5.310761318,
      "p98" : 5.310761318,
      "p99" : 5.310761318,
      "p999" : 5.310761318,
      "stddev" : 0.19575553933847858,
      "m15_rate" : 0.019873923598269456,
      "m1_rate" : 0.003029501964176599,
      "m5_rate" : 0.0043103472762192506,
      "mean_rate" : 0.003594356856644281,
      "duration_units" : "seconds",
      "rate_units" : "calls/second"
    },
    "eu.domibus.core.message.retention.RetentionListener.onMessage.deleteMessages.timer" : {
      "count" : 16,
      "max" : 2.6770486630000003,
      "mean" : 2.263568075905631,
      "min" : 1.7315578290000002,
      "p50" : 2.238170311,
      "p75" : 2.556667332,
      "p95" : 2.6770486630000003,
      "p98" : 2.6770486630000003,
      "p99" : 2.6770486630000003,
      "p999" : 2.6770486630000003,
      "stddev" : 0.24360352352151352,
      "m15_rate" : 1.3250843296074157,
      "m1_rate" : 0.10601317732490907,
      "m5_rate" : 0.9109948257258403,
      "mean_rate" : 0.08679699582390639,
      "duration_units" : "seconds",
      "rate_units" : "calls/second"
    },
    "eu.domibus.core.message.signal.SignalMessageDao.deleteMessages.deleteReceipts.timer" : {
      "count" : 16,
      "max" : 0.802787908,
      "mean" : 0.5203775451472844,
      "min" : 0.23224165700000002,
      "p50" : 0.576228172,
      "p75" : 0.7052810690000001,
      "p95" : 0.802787908,
      "p98" : 0.802787908,
      "p99" : 0.802787908,
      "p999" : 0.802787908,
      "stddev" : 0.1944421715878576,
      "m15_rate" : 1.3250680323632056,
      "m1_rate" : 0.1053999206066973,
      "m5_rate" : 0.9108812254852093,
      "mean_rate" : 0.08759191610393181,
      "duration_units" : "seconds",
      "rate_units" : "calls/second"
    },
    "eu.domibus.core.message.signal.SignalMessageLogDao.deleteMessages.deleteMessageLogs.timer" : {
      "count" : 16,
      "max" : 0.09810663600000001,
      "mean" : 0.06940025120485198,
      "min" : 0.051860655000000005,
      "p50" : 0.06619588700000001,
      "p75" : 0.079356324,
      "p95" : 0.09810663600000001,
      "p98" : 0.09810663600000001,
      "p99" : 0.09810663600000001,
      "p999" : 0.09810663600000001,
      "stddev" : 0.013123477975932179,
      "m15_rate" : 1.3250680323632056,
      "m1_rate" : 0.1053999206066973,
      "m5_rate" : 0.9108812254852093,
      "mean_rate" : 0.08778810917564575,
      "duration_units" : "seconds",
      "rate_units" : "calls/second"
    },
    "eu.domibus.core.plugin.handler.DatabaseMessageHandler.submit.timer" : {
      "count" : 75992,
      "max" : 0.32245680600000004,
      "mean" : 0.07003689836331292,
      "min" : 0.009313158,
      "p50" : 0.067543459,
      "p75" : 0.07681461,
      "p95" : 0.11890921200000001,
      "p98" : 0.147203744,
      "p99" : 0.159873011,
      "p999" : 0.313885048,
      "stddev" : 0.02590928215291474,
      "m15_rate" : 46.38984247705266,
      "m1_rate" : 66.52401163158687,
      "m5_rate" : 58.565231407684344,
      "mean_rate" : 57.920269774315045,
      "duration_units" : "seconds",
      "rate_units" : "calls/second"
    },
    "eu.domibus.core.plugin.notification.BackendNotificationService.notifyMessageReceived.timer" : {
      "count" : 75957,
      "max" : 0.41131566700000005,
      "mean" : 0.04246129819573658,
      "min" : 4.24499E-4,
      "p50" : 0.033776629,
      "p75" : 0.054667346000000006,
      "p95" : 0.116979921,
      "p98" : 0.14394906200000002,
      "p99" : 0.15201032,
      "p999" : 0.317034333,
      "stddev" : 0.0351842238272474,
      "m15_rate" : 45.776848036376975,
      "m1_rate" : 67.02125349427156,
      "m5_rate" : 58.546152689334896,
      "mean_rate" : 56.42684063385532,
      "duration_units" : "seconds",
      "rate_units" : "calls/second"
    },
    "eu.domibus.core.plugin.notification.PluginAsyncNotificationListener.onMessage.timer" : {
      "count" : 76053,
      "max" : 0.338206128,
      "mean" : 0.07220182131369846,
      "min" : 0.010099255000000001,
      "p50" : 0.06841145500000001,
      "p75" : 0.07834239900000001,
      "p95" : 0.133511015,
      "p98" : 0.16302106300000002,
      "p99" : 0.168912732,
      "p999" : 0.302488505,
      "stddev" : 0.02941431203108007,
      "m15_rate" : 45.989964208487834,
      "m1_rate" : 66.79562472981165,
      "m5_rate" : 58.63328595131964,
      "mean_rate" : 56.52039580061293,
      "duration_units" : "seconds",
      "rate_units" : "calls/second"
    },
    "eu.domibus.core.pmode.validation.validators.MessagePropertyValidator.validate.timer" : {
      "count" : 151951,
      "max" : 8.1099E-5,
      "mean" : 1.449217694504556E-6,
      "min" : 4.0000000000000003E-7,
      "p50" : 1.1E-6,
      "p75" : 1.3E-6,
      "p95" : 2.4000000000000003E-6,
      "p98" : 2.7E-6,
      "p99" : 2.9E-6,
      "p999" : 7.629900000000001E-5,
      "stddev" : 3.6712464082950537E-6,
      "m15_rate" : 90.64884117250274,
      "m1_rate" : 133.5423840918146,
      "m5_rate" : 117.05406648235635,
      "mean_rate" : 112.8744707633688,
      "duration_units" : "seconds",
      "rate_units" : "calls/second"
    },
    "eu.domibus.core.replication.UIMessageDaoImpl.deleteMessages.deleteUIMessagesByMessageIds.timer" : {
      "count" : 32,
      "max" : 0.018841515,
      "mean" : 0.0039203184710796665,
      "min" : 0.00211099,
      "p50" : 0.0035507840000000004,
      "p75" : 0.00409318,
      "p95" : 0.006658968,
      "p98" : 0.006658968,
      "p99" : 0.018841515,
      "p999" : 0.018841515,
      "stddev" : 0.0022350866733868583,
      "m15_rate" : 2.650136064726411,
      "m1_rate" : 0.2107998412133946,
      "m5_rate" : 1.8217624509704187,
      "mean_rate" : 0.17568481504065298,
      "duration_units" : "seconds",
      "rate_units" : "calls/second"
    },
    "eu.domibus.core.util.SoapUtil.logMessage.timer" : {
      "count" : 75957,
      "max" : 1.8E-5,
      "mean" : 8.697432065761178E-7,
      "min" : 3.0000000000000004E-7,
      "p50" : 7.000000000000001E-7,
      "p75" : 9.000000000000001E-7,
      "p95" : 1.4000000000000001E-6,
      "p98" : 1.6000000000000001E-6,
      "p99" : 1.7E-6,
      "p999" : 1.8E-5,
      "stddev" : 9.755186158554454E-7,
      "m15_rate" : 45.77638195489076,
      "m1_rate" : 67.03637125232041,
      "m5_rate" : 58.54695550804777,
      "mean_rate" : 56.42312497170054,
      "duration_units" : "seconds",
      "rate_units" : "calls/second"
    },
    "eu.domibus.plugin.jms.JMSPluginImpl.deliverMessage.timer" : {
      "count" : 76053,
      "max" : 0.317980427,
      "mean" : 0.07080528128791806,
      "min" : 0.009175158000000001,
      "p50" : 0.067872852,
      "p75" : 0.076744608,
      "p95" : 0.12421726200000001,
      "p98" : 0.15397881000000002,
      "p99" : 0.16881073300000002,
      "p999" : 0.284744353,
      "stddev" : 0.027165182486382174,
      "m15_rate" : 45.98858425827512,
      "m1_rate" : 66.78985374625222,
      "m5_rate" : 58.63122042496927,
      "mean_rate" : 56.52095101906169,
      "duration_units" : "seconds",
      "rate_units" : "calls/second"
    },
    "eu.domibus.plugin.jms.JMSPluginImpl.receiveMessage.timer" : {
      "count" : 75982,
      "max" : 0.780319443,
      "mean" : 0.12951667621527782,
      "min" : 0.010125454,
      "p50" : 0.128826047,
      "p75" : 0.139169501,
      "p95" : 0.21544769400000002,
      "p98" : 0.30053105700000005,
      "p99" : 0.31358929,
      "p999" : 0.631428678,
      "stddev" : 0.05364737447818329,
      "m15_rate" : 46.395778761699965,
      "m1_rate" : 66.6249376681307,
      "m5_rate" : 58.58658144633776,
      "mean_rate" : 57.91000660222467,
      "duration_units" : "seconds",
      "rate_units" : "calls/second"
    }
  }
}