{
  "version" : "4.0.0",
  "gauges" : { },
  "counters" : {
    "eu.domibus.core.ebms3.receiver.MSHWebservice.incoming_user_message.counter" : {
      "count" : 30
    },
    "eu.domibus.core.ebms3.receiver.handler.AbstractIncomingMessageHandler.processMessage.counter" : {
      "count" : 30
    },
    "eu.domibus.core.ebms3.receiver.handler.IncomingUserMessageHandler.around_handleNewUserMessage.counter.counter" : {
      "count" : 30
    },
    "eu.domibus.core.ebms3.sender.AbstractUserMessageSender.outgoing_user_message.counter" : {
      "count" : 0
    },
    "eu.domibus.core.ebms3.sender.MessageSenderListener.onMessage.counter" : {
      "count" : 2
    },
    "eu.domibus.core.ebms3.sender.MessageSenderService.sendUserMessage.counter" : {
      "count" : 2
    },
    "eu.domibus.core.ebms3.sender.client.MSHDispatcher.dispatch.counter" : {
      "count" : 0
    },
    "eu.domibus.core.error.ErrorLogDao.deleteMessages.deleteErrorLogsByMessageIdInError.counter" : {
      "count" : 0
    },
    "eu.domibus.core.message.MessageInfoDao.deleteMessages.counter" : {
      "count" : 2
    },
    "eu.domibus.core.message.MessageInfoDao.findSignalMessageIds.counter" : {
      "count" : 0
    },
    "eu.domibus.core.message.MessagingServiceImpl.storeMessage.counter" : {
      "count" : 0
    },
    "eu.domibus.core.message.UserMessageHandlerServiceImpl.handleNewUserMessage.counter" : {
      "count" : 11
    },
    "eu.domibus.core.message.UserMessageLogDao.deleteMessages.deleteMessageLogs.counter" : {
      "count" : 0
    },
    "eu.domibus.core.message.acknowledge.MessageAcknowledgementDao.deleteMessages.deleteMessageAcknowledgementsByMessageIds.counter" : {
      "count" : 0
    },
    "eu.domibus.core.message.attempt.MessageAttemptDao.deleteMessages.deleteAttemptsByMessageIds.counter" : {
      "count" : 0
    },
    "eu.domibus.core.message.pull.IncomingPullRequestHandler.incoming_pull_request.counter" : {
      "count" : 0
    },
    "eu.domibus.core.message.receipt.AS4ReceiptServiceImpl.generateReceipt.counter" : {
      "count" : 0
    },
    "eu.domibus.core.message.retention.MessageRetentionDefaultService.schedule_deleteExpiredMessages.counter" : {
      "count" : 0
    },
    "eu.domibus.core.message.retention.RetentionListener.onMessage.deleteMessages.counter" : {
      "count" : 3
    },
    "eu.domibus.core.message.signal.SignalMessageDao.deleteMessages.deleteReceipts.counter" : {
      "count" : 1
    },
    "eu.domibus.core.message.signal.SignalMessageLogDao.deleteMessages.deleteMessageLogs.counter" : {
      "count" : 0
    },
    "eu.domibus.core.plugin.handler.DatabaseMessageHandler.submit.counter" : {
      "count" : 3
    },
    "eu.domibus.core.plugin.notification.BackendNotificationService.notifyMessageReceived.counter" : {
      "count" : 11
    },
    "eu.domibus.core.plugin.notification.PluginAsyncNotificationListener.onMessage.counter" : {
      "count" : 2
    },
    "eu.domibus.core.pmode.validation.validators.MessagePropertyValidator.validate.counter" : {
      "count" : 0
    },
    "eu.domibus.core.replication.UIMessageDaoImpl.deleteMessages.deleteUIMessagesByMessageIds.counter" : {
      "count" : 0
    },
    "eu.domibus.core.util.SoapUtil.SoapUtil.counter" : {
      "count" : 0
    },
    "eu.domibus.plugin.jms.JMSPluginImpl.deliverMessage.counter" : {
      "count" : 2
    },
    "eu.domibus.plugin.jms.JMSPluginImpl.receiveMessage.counter" : {
      "count" : 13
    }
  },
  "histograms" : { },
  "meters" : { },
  "timers" : {
    "eu.domibus.core.ebms3.receiver.MSHWebservice.incoming_user_message.timer" : {
      "count" : 73842,
      "max" : 1.055655403,
      "mean" : 0.2820244156143065,
      "min" : 0.118744791,
      "p50" : 0.26625395100000004,
      "p75" : 0.304097455,
      "p95" : 0.507727268,
      "p98" : 0.562379933,
      "p99" : 0.58902885,
      "p999" : 0.861926415,
      "stddev" : 0.09604446087014934,
      "m15_rate" : 44.28027880817585,
      "m1_rate" : 65.5806540832114,
      "m5_rate" : 59.28513102259898,
      "mean_rate" : 33.20488403392368,
      "duration_units" : "seconds",
      "rate_units" : "calls/second"
    },
    "eu.domibus.core.ebms3.receiver.handler.AbstractIncomingMessageHandler.processMessage.timer" : {
      "count" : 73840,
      "max" : 1.074055449,
      "mean" : 0.27897615360246364,
      "min" : 0.12017150300000001,
      "p50" : 0.26172538900000003,
      "p75" : 0.29644095600000003,
      "p95" : 0.513034838,
      "p98" : 0.569905795,
      "p99" : 0.579694426,
      "p999" : 0.915387229,
      "stddev" : 0.0951837740125791,
      "m15_rate" : 45.07654770603406,
      "m1_rate" : 65.14600183317276,
      "m5_rate" : 59.26102342286802,
      "mean_rate" : 54.78405930607094,
      "duration_units" : "seconds",
      "rate_units" : "calls/second"
    },
    "eu.domibus.core.ebms3.receiver.handler.IncomingUserMessageHandler.around_handleNewUserMessage.timer.timer" : {
      "count" : 73840,
      "max" : 1.0590771490000002,
      "mean" : 0.2831086087128581,
      "min" : 0.11961779500000001,
      "p50" : 0.26191579600000003,
      "p75" : 0.2998538,
      "p95" : 0.533366209,
      "p98" : 0.5645492240000001,
      "p99" : 0.579565624,
      "p999" : 0.8639638420000001,
      "stddev" : 0.0978133514884297,
      "m15_rate" : 45.07552340437239,
      "m1_rate" : 65.12943044626208,
      "m5_rate" : 59.25759701471824,
      "mean_rate" : 54.78506951428831,
      "duration_units" : "seconds",
      "rate_units" : "calls/second"
    },
    "eu.domibus.core.ebms3.sender.AbstractUserMessageSender.outgoing_user_message.timer" : {
      "count" : 73803,
      "max" : 0.411881796,
      "mean" : 0.05593243018586823,
      "min" : 0.041254752000000006,
      "p50" : 0.053879019,
      "p75" : 0.05871068300000001,
      "p95" : 0.066649288,
      "p98" : 0.073689683,
      "p99" : 0.100570141,
      "p999" : 0.411881796,
      "stddev" : 0.015604298025960195,
      "m15_rate" : 45.77288494536786,
      "m1_rate" : 64.10523940672218,
      "m5_rate" : 59.1710771129997,
      "mean_rate" : 56.289346755217636,
      "duration_units" : "seconds",
      "rate_units" : "calls/second"
    },
    "eu.domibus.core.ebms3.sender.MessageSenderListener.onMessage.timer" : {
      "count" : 73803,
      "max" : 0.418299882,
      "mean" : 0.0636364633153988,
      "min" : 0.04663873,
      "p50" : 0.059805800000000006,
      "p75" : 0.065136068,
      "p95" : 0.07956046300000001,
      "p98" : 0.140145973,
      "p99" : 0.162521766,
      "p999" : 0.418299882,
      "stddev" : 0.020666392780637727,
      "m15_rate" : 45.76655156635075,
      "m1_rate" : 64.06264319626369,
      "m5_rate" : 59.158504636221586,
      "mean_rate" : 56.28409786701071,
      "duration_units" : "seconds",
      "rate_units" : "calls/second"
    },
    "eu.domibus.core.ebms3.sender.MessageSenderService.sendUserMessage.timer" : {
      "count" : 73803,
      "max" : 0.418243281,
      "mean" : 0.06377497433399759,
      "min" : 0.046754124,
      "p50" : 0.059348091000000006,
      "p75" : 0.065063167,
      "p95" : 0.080224371,
      "p98" : 0.141743494,
      "p99" : 0.172683302,
      "p999" : 0.418243281,
      "stddev" : 0.023296200609250344,
      "m15_rate" : 45.76553021085757,
      "m1_rate" : 64.02980792049357,
      "m5_rate" : 59.15396379795608,
      "mean_rate" : 56.28503963714906,
      "duration_units" : "seconds",
      "rate_units" : "calls/second"
    },
    "eu.domibus.core.ebms3.sender.client.MSHDispatcher.dispatch.timer" : {
      "count" : 73803,
      "max" : 0.17059997500000001,
      "mean" : 0.04690071308757887,
      "min" : 0.034209657000000004,
      "p50" : 0.045304304000000004,
      "p75" : 0.050157069000000006,
      "p95" : 0.058040374000000006,
      "p98" : 0.063711949,
      "p99" : 0.07548020800000001,
      "p999" : 0.17059997500000001,
      "stddev" : 0.010069720123058668,
      "m15_rate" : 45.7696081856949,
      "m1_rate" : 63.995293169273545,
      "m5_rate" : 59.15261079359707,
      "mean_rate" : 56.29588126648884,
      "duration_units" : "seconds",
      "rate_units" : "calls/second"
    },
    "eu.domibus.core.error.ErrorLogDao.deleteMessages.deleteErrorLogsByMessageIdInError.timer" : {
      "count" : 5,
      "max" : 0.014011987,
      "mean" : 0.007338037348121165,
      "min" : 0.003431345,
      "p50" : 0.00448326,
      "p75" : 0.011332551000000001,
      "p95" : 0.014011987,
      "p98" : 0.014011987,
      "p99" : 0.014011987,
      "p999" : 0.014011987,
      "stddev" : 0.004416441931925141,
      "m15_rate" : 0.0,
      "m1_rate" : 0.0,
      "m5_rate" : 0.0,
      "mean_rate" : 2.2995897432095918,
      "duration_units" : "seconds",
      "rate_units" : "calls/second"
    },
    "eu.domibus.core.message.MessageInfoDao.deleteMessages.timer" : {
      "count" : 13,
      "max" : 1.148527008,
      "mean" : 0.6844339396949952,
      "min" : 0.21139321800000002,
      "p50" : 0.783809547,
      "p75" : 1.008625643,
      "p95" : 1.148527008,
      "p98" : 1.148527008,
      "p99" : 1.148527008,
      "p999" : 1.148527008,
      "stddev" : 0.3410840354572669,
      "m15_rate" : 0.0,
      "m1_rate" : 0.0,
      "m5_rate" : 0.0,
      "mean_rate" : 3.2280035958648994,
      "duration_units" : "seconds",
      "rate_units" : "calls/second"
    },
    "eu.domibus.core.message.MessageInfoDao.findSignalMessageIds.timer" : {
      "count" : 8,
      "max" : 0.191244249,
      "mean" : 0.1330393312669977,
      "min" : 0.09515596800000001,
      "p50" : 0.14263430100000002,
      "p75" : 0.17228679600000002,
      "p95" : 0.191244249,
      "p98" : 0.191244249,
      "p99" : 0.191244249,
      "p999" : 0.191244249,
      "stddev" : 0.0345659442750348,
      "m15_rate" : 0.0,
      "m1_rate" : 0.0,
      "m5_rate" : 0.0,
      "mean_rate" : 1.870799589414211,
      "duration_units" : "seconds",
      "rate_units" : "calls/second"
    },
    "eu.domibus.core.message.MessagingServiceImpl.storeMessage.timer" : {
      "count" : 147709,
      "max" : 0.14097547900000001,
      "mean" : 0.005462193117674763,
      "min" : 0.0028165380000000004,
      "p50" : 0.004626062,
      "p75" : 0.005419672,
      "p95" : 0.008626715,
      "p98" : 0.011807657000000001,
      "p99" : 0.013678183,
      "p999" : 0.14097547900000001,
      "stddev" : 0.006688996360296351,
      "m15_rate" : 89.39192066679203,
      "m1_rate" : 130.17633158528744,
      "m5_rate" : 118.5051131211307,
      "mean_rate" : 109.59291973126388,
      "duration_units" : "seconds",
      "rate_units" : "calls/second"
    },
    "eu.domibus.core.message.UserMessageHandlerServiceImpl.handleNewUserMessage.timer" : {
      "count" : 73859,
      "max" : 0.611157865,
      "mean" : 0.07501659595009477,
      "min" : 0.02311451,
      "p50" : 0.061997326000000005,
      "p75" : 0.08697796,
      "p95" : 0.172401003,
      "p98" : 0.19991556400000002,
      "p99" : 0.209579393,
      "p999" : 0.6056772920000001,
      "stddev" : 0.050576788780976566,
      "m15_rate" : 45.090481355331214,
      "m1_rate" : 65.29639430973185,
      "m5_rate" : 59.290554763233956,
      "mean_rate" : 54.79908611847131,
      "duration_units" : "seconds",
      "rate_units" : "calls/second"
    },
    "eu.domibus.core.message.UserMessageLogDao.deleteMessages.deleteMessageLogs.timer" : {
      "count" : 5,
      "max" : 0.07784753700000001,
      "mean" : 0.0678560978074385,
      "min" : 0.058894085000000006,
      "p50" : 0.07069394200000001,
      "p75" : 0.07082964400000001,
      "p95" : 0.07784753700000001,
      "p98" : 0.07784753700000001,
      "p99" : 0.07784753700000001,
      "p999" : 0.07784753700000001,
      "stddev" : 0.006942877136025004,
      "m15_rate" : 0.0,
      "m1_rate" : 0.0,
      "m5_rate" : 0.0,
      "mean_rate" : 2.1271531970503976,
      "duration_units" : "seconds",
      "rate_units" : "calls/second"
    },
    "eu.domibus.core.message.acknowledge.MessageAcknowledgementDao.deleteMessages.deleteMessageAcknowledgementsByMessageIds.timer" : {
      "count" : 5,
      "max" : 0.012557867,
      "mean" : 0.005566504972306497,
      "min" : 0.003402046,
      "p50" : 0.0039631530000000005,
      "p75" : 0.0044773600000000005,
      "p95" : 0.012557867,
      "p98" : 0.012557867,
      "p99" : 0.012557867,
      "p999" : 0.012557867,
      "stddev" : 0.003483219947098829,
      "m15_rate" : 0.0,
      "m1_rate" : 0.0,
      "m5_rate" : 0.0,
      "mean_rate" : 2.3411154421980904,
      "duration_units" : "seconds",
      "rate_units" : "calls/second"
    },
    "eu.domibus.core.message.attempt.MessageAttemptDao.deleteMessages.deleteAttemptsByMessageIds.timer" : {
      "count" : 5,
      "max" : 0.018284944,
      "mean" : 0.007262899286840043,
      "min" : 0.0038093510000000003,
      "p50" : 0.004972367,
      "p75" : 0.005426972,
      "p95" : 0.018284944,
      "p98" : 0.018284944,
      "p99" : 0.018284944,
      "p999" : 0.018284944,
      "stddev" : 0.005491809465421413,
      "m15_rate" : 0.0,
      "m1_rate" : 0.0,
      "m5_rate" : 0.0,
      "mean_rate" : 2.2780375304250193,
      "duration_units" : "seconds",
      "rate_units" : "calls/second"
    },
    "eu.domibus.core.message.pull.IncomingPullRequestHandler.incoming_pull_request.timer" : {
      "count" : 2,
      "max" : 0.48937461000000004,
      "mean" : 0.252557005,
      "min" : 0.0157394,
      "p50" : 0.48937461000000004,
      "p75" : 0.48937461000000004,
      "p95" : 0.48937461000000004,
      "p98" : 0.48937461000000004,
      "p99" : 0.48937461000000004,
      "p999" : 0.48937461000000004,
      "stddev" : 0.23681760500000001,
      "m15_rate" : 0.03413603038484818,
      "m1_rate" : 3.709841607671573E-17,
      "m5_rate" : 2.4861027079305234E-4,
      "mean_rate" : 8.993496044386879E-4,
      "duration_units" : "seconds",
      "rate_units" : "calls/second"
    },
    "eu.domibus.core.message.receipt.AS4ReceiptServiceImpl.generateReceipt.timer" : {
      "count" : 73859,
      "max" : 0.31230207200000004,
      "mean" : 0.02732738074346511,
      "min" : 0.014955399000000001,
      "p50" : 0.023609315000000002,
      "p75" : 0.02916049,
      "p95" : 0.044108688,
      "p98" : 0.058968990000000006,
      "p99" : 0.072454168,
      "p999" : 0.30851552200000004,
      "stddev" : 0.018654838325644508,
      "m15_rate" : 45.13427519185237,
      "m1_rate" : 65.22063947217,
      "m5_rate" : 59.28175938239045,
      "mean_rate" : 54.8057415700561,
      "duration_units" : "seconds",
      "rate_units" : "calls/second"
    },
    "eu.domibus.core.message.retention.MessageRetentionDefaultService.schedule_deleteExpiredMessages.timer" : {
      "count" : 4,
      "max" : 5.675503047,
      "mean" : 5.675488609775406,
      "min" : 0.49070941,
      "p50" : 5.675503047,
      "p75" : 5.675503047,
      "p95" : 5.675503047,
      "p98" : 5.675503047,
      "p99" : 5.675503047,
      "p999" : 5.675503047,
      "stddev" : 0.007993579210547802,
      "m15_rate" : 0.03382923265998006,
      "m1_rate" : 1.3540993392588776E-8,
      "m5_rate" : 0.0011946608558118595,
      "mean_rate" : 0.002460241431996555,
      "duration_units" : "seconds",
      "rate_units" : "calls/second"
    },
    "eu.domibus.core.message.retention.RetentionListener.onMessage.deleteMessages.timer" : {
      "count" : 5,
      "max" : 2.411042435,
      "mean" : 2.2751980015329103,
      "min" : 2.194398449,
      "p50" : 2.263883675,
      "p75" : 2.277239351,
      "p95" : 2.411042435,
      "p98" : 2.411042435,
      "p99" : 2.411042435,
      "p999" : 2.411042435,
      "stddev" : 0.07379110399204493,
      "m15_rate" : 0.0,
      "m1_rate" : 0.0,
      "m5_rate" : 0.0,
      "mean_rate" : 1.1595378241043421,
      "duration_units" : "seconds",
      "rate_units" : "calls/second"
    },
    "eu.domibus.core.message.signal.SignalMessageDao.deleteMessages.deleteReceipts.timer" : {
      "count" : 5,
      "max" : 0.591289081,
      "mean" : 0.561516852371677,
      "min" : 0.544490957,
      "p50" : 0.5573290280000001,
      "p75" : 0.564546724,
      "p95" : 0.591289081,
      "p98" : 0.591289081,
      "p99" : 0.591289081,
      "p999" : 0.591289081,
      "stddev" : 0.016367969851464957,
      "m15_rate" : 0.0,
      "m1_rate" : 0.0,
      "m5_rate" : 0.0,
      "mean_rate" : 1.714818271579783,
      "duration_units" : "seconds",
      "rate_units" : "calls/second"
    },
    "eu.domibus.core.message.signal.SignalMessageLogDao.deleteMessages.deleteMessageLogs.timer" : {
      "count" : 5,
      "max" : 0.08455952700000001,
      "mean" : 0.06962475389792853,
      "min" : 0.059368492,
      "p50" : 0.062152629,
      "p75" : 0.081164682,
      "p95" : 0.08455952700000001,
      "p98" : 0.08455952700000001,
      "p99" : 0.08455952700000001,
      "p999" : 0.08455952700000001,
      "stddev" : 0.010821120244089653,
      "m15_rate" : 0.0,
      "m1_rate" : 0.0,
      "m5_rate" : 0.0,
      "mean_rate" : 2.19287628534199,
      "duration_units" : "seconds",
      "rate_units" : "calls/second"
    },
    "eu.domibus.core.plugin.handler.DatabaseMessageHandler.submit.timer" : {
      "count" : 73839,
      "max" : 0.328800493,
      "mean" : 0.06901687620104316,
      "min" : 0.007923106000000001,
      "p50" : 0.06522607000000001,
      "p75" : 0.074815299,
      "p95" : 0.14378231700000002,
      "p98" : 0.169010559,
      "p99" : 0.264856439,
      "p999" : 0.32171488800000003,
      "stddev" : 0.04050786942768711,
      "m15_rate" : 45.77894705877666,
      "m1_rate" : 64.23778660001828,
      "m5_rate" : 59.18895412908728,
      "mean_rate" : 56.29967133021159,
      "duration_units" : "seconds",
      "rate_units" : "calls/second"
    },
    "eu.domibus.core.plugin.notification.BackendNotificationService.notifyMessageReceived.timer" : {
      "count" : 73859,
      "max" : 0.284817105,
      "mean" : 0.03724108264520038,
      "min" : 3.70005E-4,
      "p50" : 0.027648969000000002,
      "p75" : 0.051632889,
      "p95" : 0.11567724200000001,
      "p98" : 0.144671629,
      "p99" : 0.15417825500000001,
      "p999" : 0.27682269800000003,
      "stddev" : 0.03511191301706824,
      "m15_rate" : 45.13718882642335,
      "m1_rate" : 65.28711009754973,
      "m5_rate" : 59.293696167387395,
      "mean_rate" : 54.80214091543219,
      "duration_units" : "seconds",
      "rate_units" : "calls/second"
    },
    "eu.domibus.core.plugin.notification.PluginAsyncNotificationListener.onMessage.timer" : {
      "count" : 73909,
      "max" : 0.326651153,
      "mean" : 0.06926990429587773,
      "min" : 0.008573015,
      "p50" : 0.065368772,
      "p75" : 0.073534982,
      "p95" : 0.145891444,
      "p98" : 0.17236720300000002,
      "p99" : 0.19691623100000002,
      "p999" : 0.326651153,
      "stddev" : 0.037714919940747556,
      "m15_rate" : 45.22196389355446,
      "m1_rate" : 64.94370246017891,
      "m5_rate" : 59.27688142933156,
      "mean_rate" : 54.86031295414838,
      "duration_units" : "seconds",
      "rate_units" : "calls/second"
    },
    "eu.domibus.core.pmode.validation.validators.MessagePropertyValidator.validate.timer" : {
      "count" : 147713,
      "max" : 3.8101E-5,
      "mean" : 1.479728382051574E-6,
      "min" : 6.000000000000001E-7,
      "p50" : 1.3E-6,
      "p75" : 1.6000000000000001E-6,
      "p95" : 2.1000000000000002E-6,
      "p98" : 2.6E-6,
      "p99" : 3.7E-6,
      "p999" : 2.6700000000000002E-5,
      "stddev" : 1.620296268026163E-6,
      "m15_rate" : 89.39231211925328,
      "m1_rate" : 130.18872300722336,
      "m5_rate" : 118.50680290429037,
      "mean_rate" : 109.5947892877045,
      "duration_units" : "seconds",
      "rate_units" : "calls/second"
    },
    "eu.domibus.core.replication.UIMessageDaoImpl.deleteMessages.deleteUIMessagesByMessageIds.timer" : {
      "count" : 10,
      "max" : 0.016420019,
      "mean" : 0.00547807165326439,
      "min" : 0.002321931,
      "p50" : 0.0033218450000000004,
      "p75" : 0.006702589,
      "p95" : 0.016420019,
      "p98" : 0.016420019,
      "p99" : 0.016420019,
      "p999" : 0.016420019,
      "stddev" : 0.004229918660349139,
      "m15_rate" : 0.0,
      "m1_rate" : 0.0,
      "m5_rate" : 0.0,
      "mean_rate" : 4.620118715271743,
      "duration_units" : "seconds",
      "rate_units" : "calls/second"
    },
    "eu.domibus.core.util.SoapUtil.logMessage.timer" : {
      "count" : 73872,
      "max" : 2.7000000000000002E-5,
      "mean" : 9.084663723470046E-7,
      "min" : 2.0000000000000002E-7,
      "p50" : 8.000000000000001E-7,
      "p75" : 1.1E-6,
      "p95" : 1.4000000000000001E-6,
      "p98" : 1.6000000000000001E-6,
      "p99" : 1.9E-6,
      "p999" : 1.0300000000000001E-5,
      "stddev" : 4.935373615962849E-7,
      "m15_rate" : 45.138463074701825,
      "m1_rate" : 65.32372479213589,
      "m5_rate" : 59.29888641883736,
      "mean_rate" : 54.80874984948235,
      "duration_units" : "seconds",
      "rate_units" : "calls/second"
    },
    "eu.domibus.plugin.jms.JMSPluginImpl.deliverMessage.timer" : {
      "count" : 73909,
      "max" : 0.605305887,
      "mean" : 0.07156590779944291,
      "min" : 0.00821851,
      "p50" : 0.065402473,
      "p75" : 0.07560881,
      "p95" : 0.15334524400000002,
      "p98" : 0.175835443,
      "p99" : 0.22942445700000003,
      "p999" : 0.32619374700000003,
      "stddev" : 0.04275805947207994,
      "m15_rate" : 45.22113446728635,
      "m1_rate" : 64.93186697451478,
      "m5_rate" : 59.273582406653794,
      "mean_rate" : 54.86090225494628,
      "duration_units" : "seconds",
      "rate_units" : "calls/second"
    },
    "eu.domibus.plugin.jms.JMSPluginImpl.receiveMessage.timer" : {
      "count" : 73829,
      "max" : 0.625105051,
      "mean" : 0.11816195993614977,
      "min" : 0.009018724,
      "p50" : 0.121873226,
      "p75" : 0.13710423100000002,
      "p95" : 0.23217980100000002,
      "p98" : 0.29354681200000005,
      "p99" : 0.30613388,
      "p999" : 0.6120840780000001,
      "stddev" : 0.06689605158673052,
      "m15_rate" : 45.778944508049825,
      "m1_rate" : 64.25446426636343,
      "m5_rate" : 59.192189333222224,
      "mean_rate" : 56.29140767285766,
      "duration_units" : "seconds",
      "rate_units" : "calls/second"
    }
  }
}