{
  "version" : "4.0.0",
  "gauges" : { },
  "counters" : {
    "eu.domibus.core.ebms3.receiver.MSHWebservice.incoming_user_message.counter" : {
      "count" : 11
    },
    "eu.domibus.core.ebms3.receiver.handler.AbstractIncomingMessageHandler.processMessage.counter" : {
      "count" : 11
    },
    "eu.domibus.core.ebms3.receiver.handler.IncomingUserMessageHandler.around_handleNewUserMessage.counter.counter" : {
      "count" : 41
    },
    "eu.domibus.core.ebms3.sender.AbstractUserMessageSender.outgoing_user_message.counter" : {
      "count" : 9
    },
    "eu.domibus.core.ebms3.sender.MessageSenderListener.onMessage.counter" : {
      "count" : 9
    },
    "eu.domibus.core.ebms3.sender.MessageSenderService.sendUserMessage.counter" : {
      "count" : 9
    },
    "eu.domibus.core.ebms3.sender.client.MSHDispatcher.dispatch.counter" : {
      "count" : 9
    },
    "eu.domibus.core.error.ErrorLogDao.deleteMessages.deleteErrorLogsByMessageIdInError.counter" : {
      "count" : 0
    },
    "eu.domibus.core.message.MessageInfoDao.deleteMessages.counter" : {
      "count" : 0
    },
    "eu.domibus.core.message.MessageInfoDao.findSignalMessageIds.counter" : {
      "count" : 0
    },
    "eu.domibus.core.message.MessagingServiceImpl.storeMessage.counter" : {
      "count" : 1
    },
    "eu.domibus.core.message.UserMessageHandlerServiceImpl.handleNewUserMessage.counter" : {
      "count" : 4
    },
    "eu.domibus.core.message.UserMessageLogDao.deleteMessages.deleteMessageLogs.counter" : {
      "count" : 0
    },
    "eu.domibus.core.message.acknowledge.MessageAcknowledgementDao.deleteMessages.deleteMessageAcknowledgementsByMessageIds.counter" : {
      "count" : 0
    },
    "eu.domibus.core.message.attempt.MessageAttemptDao.deleteMessages.deleteAttemptsByMessageIds.counter" : {
      "count" : 0
    },
    "eu.domibus.core.message.pull.IncomingPullRequestHandler.incoming_pull_request.counter" : {
      "count" : 0
    },
    "eu.domibus.core.message.receipt.AS4ReceiptServiceImpl.generateReceipt.counter" : {
      "count" : 1
    },
    "eu.domibus.core.message.retention.MessageRetentionDefaultService.schedule_deleteExpiredMessages.counter" : {
      "count" : 0
    },
    "eu.domibus.core.message.retention.RetentionListener.onMessage.deleteMessages.counter" : {
      "count" : 0
    },
    "eu.domibus.core.message.signal.SignalMessageDao.deleteMessages.deleteReceipts.counter" : {
      "count" : 0
    },
    "eu.domibus.core.message.signal.SignalMessageLogDao.deleteMessages.deleteMessageLogs.counter" : {
      "count" : 0
    },
    "eu.domibus.core.plugin.handler.DatabaseMessageHandler.submit.counter" : {
      "count" : 0
    },
    "eu.domibus.core.plugin.notification.BackendNotificationService.notifyMessageReceived.counter" : {
      "count" : 0
    },
    "eu.domibus.core.plugin.notification.PluginAsyncNotificationListener.onMessage.counter" : {
      "count" : 0
    },
    "eu.domibus.core.pmode.validation.validators.MessagePropertyValidator.validate.counter" : {
      "count" : 0
    },
    "eu.domibus.core.replication.UIMessageDaoImpl.deleteMessages.deleteUIMessagesByMessageIds.counter" : {
      "count" : 0
    },
    "eu.domibus.core.util.SoapUtil.SoapUtil.counter" : {
      "count" : 0
    },
    "eu.domibus.plugin.jms.JMSPluginImpl.deliverMessage.counter" : {
      "count" : 0
    },
    "eu.domibus.plugin.jms.JMSPluginImpl.receiveMessage.counter" : {
      "count" : 0
    }
  },
  "histograms" : { },
  "meters" : { },
  "timers" : {
    "eu.domibus.core.ebms3.receiver.MSHWebservice.incoming_user_message.timer" : {
      "count" : 370773,
      "max" : 0.6920791430000001,
      "mean" : 0.25889639159296735,
      "min" : 0.119034965,
      "p50" : 0.258444388,
      "p75" : 0.29589342500000004,
      "p95" : 0.349415949,
      "p98" : 0.3850906,
      "p99" : 0.41882566000000004,
      "p999" : 0.519213755,
      "stddev" : 0.05636836940569897,
      "m15_rate" : 61.54208736784162,
      "m1_rate" : 61.39854401925897,
      "m5_rate" : 61.901019496782624,
      "mean_rate" : 53.339400030371245,
      "duration_units" : "seconds",
      "rate_units" : "calls/second"
    },
    "eu.domibus.core.ebms3.receiver.handler.AbstractIncomingMessageHandler.processMessage.timer" : {
      "count" : 370760,
      "max" : 0.7968942050000001,
      "mean" : 0.2545542571585726,
      "min" : 0.122068544,
      "p50" : 0.252283131,
      "p75" : 0.29110175800000004,
      "p95" : 0.348134659,
      "p98" : 0.383180713,
      "p99" : 0.41008992400000005,
      "p999" : 0.550905233,
      "stddev" : 0.057299626246051255,
      "m15_rate" : 61.547027579348956,
      "m1_rate" : 61.44263004881575,
      "m5_rate" : 61.90863306037796,
      "mean_rate" : 61.01760761048208,
      "duration_units" : "seconds",
      "rate_units" : "calls/second"
    },
    "eu.domibus.core.ebms3.receiver.handler.IncomingUserMessageHandler.around_handleNewUserMessage.timer.timer" : {
      "count" : 370730,
      "max" : 0.6885547660000001,
      "mean" : 0.25723195912371755,
      "min" : 0.129194793,
      "p50" : 0.257843092,
      "p75" : 0.291954053,
      "p95" : 0.34194140100000003,
      "p98" : 0.376033163,
      "p99" : 0.40677154800000004,
      "p999" : 0.532842361,
      "stddev" : 0.05375012263161607,
      "m15_rate" : 61.54503512851885,
      "m1_rate" : 61.414622142470215,
      "m5_rate" : 61.90376468666248,
      "mean_rate" : 61.01290763521531,
      "duration_units" : "seconds",
      "rate_units" : "calls/second"
    },
    "eu.domibus.core.ebms3.sender.AbstractUserMessageSender.outgoing_user_message.timer" : {
      "count" : 370647,
      "max" : 0.189976568,
      "mean" : 0.059659461522676906,
      "min" : 0.042029505,
      "p50" : 0.057272298000000006,
      "p75" : 0.063212456,
      "p95" : 0.072461892,
      "p98" : 0.08145302800000001,
      "p99" : 0.147934363,
      "p999" : 0.189976568,
      "stddev" : 0.014049065539872828,
      "m15_rate" : 61.66780507150881,
      "m1_rate" : 61.775592634624175,
      "m5_rate" : 62.03460274133021,
      "mean_rate" : 61.37184507212894,
      "duration_units" : "seconds",
      "rate_units" : "calls/second"
    },
    "eu.domibus.core.ebms3.sender.MessageSenderListener.onMessage.timer" : {
      "count" : 370647,
      "max" : 0.466874424,
      "mean" : 0.06618537951636658,
      "min" : 0.047952963,
      "p50" : 0.06287436,
      "p75" : 0.06879771700000001,
      "p95" : 0.079592442,
      "p98" : 0.136449743,
      "p99" : 0.159985978,
      "p999" : 0.329556089,
      "stddev" : 0.020483593566011715,
      "m15_rate" : 61.66200377363386,
      "m1_rate" : 61.682826087498746,
      "m5_rate" : 62.01733876820894,
      "mean_rate" : 61.371039682127396,
      "duration_units" : "seconds",
      "rate_units" : "calls/second"
    },
    "eu.domibus.core.ebms3.sender.MessageSenderService.sendUserMessage.timer" : {
      "count" : 370647,
      "max" : 0.371733792,
      "mean" : 0.06640763227588602,
      "min" : 0.047946464,
      "p50" : 0.062823059,
      "p75" : 0.06894871600000001,
      "p95" : 0.08184772600000001,
      "p98" : 0.14710936900000002,
      "p99" : 0.160236177,
      "p999" : 0.20301897600000002,
      "stddev" : 0.018507463441801996,
      "m15_rate" : 61.665140161499494,
      "m1_rate" : 61.73746205424764,
      "m5_rate" : 62.026978904133,
      "mean_rate" : 61.371415572335636,
      "duration_units" : "seconds",
      "rate_units" : "calls/second"
    },
    "eu.domibus.core.ebms3.sender.client.MSHDispatcher.dispatch.timer" : {
      "count" : 370647,
      "max" : 0.314847892,
      "mean" : 0.05064052435939525,
      "min" : 0.034194260000000004,
      "p50" : 0.047298869,
      "p75" : 0.052419732000000004,
      "p95" : 0.061835966000000006,
      "p98" : 0.12152274800000001,
      "p99" : 0.165258641,
      "p999" : 0.314847892,
      "stddev" : 0.020462312837254602,
      "m15_rate" : 61.66199025147798,
      "m1_rate" : 61.712095721220976,
      "m5_rate" : 62.017341955454924,
      "mean_rate" : 61.373257943890486,
      "duration_units" : "seconds",
      "rate_units" : "calls/second"
    },
    "eu.domibus.core.error.ErrorLogDao.deleteMessages.deleteErrorLogsByMessageIdInError.timer" : {
      "count" : 136,
      "max" : 0.019309257,
      "mean" : 0.003581461358634314,
      "min" : 0.0021679860000000002,
      "p50" : 0.0035033750000000004,
      "p75" : 0.003700974,
      "p95" : 0.004644067,
      "p98" : 0.006467154,
      "p99" : 0.006467154,
      "p999" : 0.006467154,
      "stddev" : 7.708614366197413E-4,
      "m15_rate" : 0.016139033187879747,
      "m1_rate" : 1.4281423530707094E-9,
      "m5_rate" : 0.0013164478010179075,
      "mean_rate" : 0.02672341765372381,
      "duration_units" : "seconds",
      "rate_units" : "calls/second"
    },
    "eu.domibus.core.message.MessageInfoDao.deleteMessages.timer" : {
      "count" : 272,
      "max" : 3.290608611,
      "mean" : 1.1571941603644555,
      "min" : 0.125853628,
      "p50" : 0.451607676,
      "p75" : 2.214489124,
      "p95" : 2.9480503540000003,
      "p98" : 3.0284319770000003,
      "p99" : 3.290608611,
      "p999" : 3.290608611,
      "stddev" : 1.040472269917162,
      "m15_rate" : 0.030713628742239384,
      "m1_rate" : 2.6315871278568803E-9,
      "m5_rate" : 0.002591199206559355,
      "mean_rate" : 0.05342668488894457,
      "duration_units" : "seconds",
      "rate_units" : "calls/second"
    },
    "eu.domibus.core.message.MessageInfoDao.findSignalMessageIds.timer" : {
      "count" : 136,
      "max" : 0.41663691700000005,
      "mean" : 0.14337679798042277,
      "min" : 0.076689801,
      "p50" : 0.11138700600000001,
      "p75" : 0.195252009,
      "p95" : 0.308044406,
      "p98" : 0.308044406,
      "p99" : 0.308044406,
      "p999" : 0.308044406,
      "stddev" : 0.06823296648628344,
      "m15_rate" : 0.01604853121122384,
      "m1_rate" : 1.289961697116855E-9,
      "m5_rate" : 0.0012912901724490904,
      "mean_rate" : 0.026711353321838736,
      "duration_units" : "seconds",
      "rate_units" : "calls/second"
    },
    "eu.domibus.core.message.MessagingServiceImpl.storeMessage.timer" : {
      "count" : 741451,
      "max" : 0.068774718,
      "mean" : 0.00523573447732069,
      "min" : 0.00293698,
      "p50" : 0.0047258660000000004,
      "p75" : 0.005246663,
      "p95" : 0.008873938000000001,
      "p98" : 0.011183821,
      "p99" : 0.014253600000000002,
      "p999" : 0.057342798,
      "stddev" : 0.0027957169700192513,
      "m15_rate" : 123.16730433311855,
      "m1_rate" : 122.84418311668271,
      "m5_rate" : 123.8272334473633,
      "mean_rate" : 122.02465814738525,
      "duration_units" : "seconds",
      "rate_units" : "calls/second"
    },
    "eu.domibus.core.message.UserMessageHandlerServiceImpl.handleNewUserMessage.timer" : {
      "count" : 370767,
      "max" : 0.34623777,
      "mean" : 0.06221243236281617,
      "min" : 0.023344636000000002,
      "p50" : 0.057225099,
      "p75" : 0.076532864,
      "p95" : 0.10983413,
      "p98" : 0.13109868,
      "p99" : 0.16827662000000002,
      "p999" : 0.220270556,
      "stddev" : 0.028000924148574927,
      "m15_rate" : 61.53565225463126,
      "m1_rate" : 61.33204101126428,
      "m5_rate" : 61.87813499435064,
      "mean_rate" : 61.018973293909696,
      "duration_units" : "seconds",
      "rate_units" : "calls/second"
    },
    "eu.domibus.core.message.UserMessageLogDao.deleteMessages.deleteMessageLogs.timer" : {
      "count" : 136,
      "max" : 0.194769459,
      "mean" : 0.07526929555969022,
      "min" : 0.051178845,
      "p50" : 0.076287956,
      "p75" : 0.078914937,
      "p95" : 0.089340162,
      "p98" : 0.09921729100000001,
      "p99" : 0.09921729100000001,
      "p999" : 0.09921729100000001,
      "stddev" : 0.009260185261487024,
      "m15_rate" : 0.016143251738060742,
      "m1_rate" : 1.4321399709253418E-9,
      "m5_rate" : 0.0013177128909471697,
      "mean_rate" : 0.026722050431457665,
      "duration_units" : "seconds",
      "rate_units" : "calls/second"
    },
    "eu.domibus.core.message.acknowledge.MessageAcknowledgementDao.deleteMessages.deleteMessageAcknowledgementsByMessageIds.timer" : {
      "count" : 136,
      "max" : 0.014198495,
      "mean" : 0.0030459109289439515,
      "min" : 0.001977586,
      "p50" : 0.0030692780000000004,
      "p75" : 0.0034473750000000004,
      "p95" : 0.004151571000000001,
      "p98" : 0.005990057,
      "p99" : 0.005990057,
      "p999" : 0.005990057,
      "stddev" : 7.818546429963897E-4,
      "m15_rate" : 0.016138079265817746,
      "m1_rate" : 1.4281423529174192E-9,
      "m5_rate" : 0.0013163989525443202,
      "mean_rate" : 0.02672364295862878,
      "duration_units" : "seconds",
      "rate_units" : "calls/second"
    },
    "eu.domibus.core.message.attempt.MessageAttemptDao.deleteMessages.deleteAttemptsByMessageIds.timer" : {
      "count" : 136,
      "max" : 0.028946485,
      "mean" : 0.003500018555959985,
      "min" : 0.002153486,
      "p50" : 0.003624374,
      "p75" : 0.003971072,
      "p95" : 0.0042093700000000005,
      "p98" : 0.004638267000000001,
      "p99" : 0.004638267000000001,
      "p999" : 0.004638267000000001,
      "stddev" : 5.945722400945577E-4,
      "m15_rate" : 0.016139832276896905,
      "m1_rate" : 1.4281424198366116E-9,
      "m5_rate" : 0.0013165683225726948,
      "mean_rate" : 0.026723259245695963,
      "duration_units" : "seconds",
      "rate_units" : "calls/second"
    },
    "eu.domibus.core.message.pull.IncomingPullRequestHandler.incoming_pull_request.timer" : {
      "count" : 13,
      "max" : 0.47321025600000005,
      "mean" : 0.06705810293421274,
      "min" : 0.009397942000000001,
      "p50" : 0.020702972,
      "p75" : 0.09622820900000001,
      "p95" : 0.19203912,
      "p98" : 0.19203912,
      "p99" : 0.19203912,
      "p999" : 0.19203912,
      "stddev" : 0.0696259494293639,
      "m15_rate" : 8.46659274647083E-4,
      "m1_rate" : 4.5943468152026046E-26,
      "m5_rate" : 2.3460213581086944E-7,
      "mean_rate" : 0.0018701800177688941,
      "duration_units" : "seconds",
      "rate_units" : "calls/second"
    },
    "eu.domibus.core.message.receipt.AS4ReceiptServiceImpl.generateReceipt.timer" : {
      "count" : 370756,
      "max" : 0.148035562,
      "mean" : 0.029619705116402367,
      "min" : 0.015943488000000002,
      "p50" : 0.026203016000000003,
      "p75" : 0.032417173,
      "p95" : 0.048633559,
      "p98" : 0.062120064,
      "p99" : 0.07882794700000001,
      "p999" : 0.138525128,
      "stddev" : 0.01257824388446443,
      "m15_rate" : 61.53592822219133,
      "m1_rate" : 61.33282344384144,
      "m5_rate" : 61.87911935484115,
      "mean_rate" : 61.01865799805111,
      "duration_units" : "seconds",
      "rate_units" : "calls/second"
    },
    "eu.domibus.core.message.retention.MessageRetentionDefaultService.schedule_deleteExpiredMessages.timer" : {
      "count" : 23,
      "max" : 10.605950536,
      "mean" : 9.709105531336615,
      "min" : 0.22059636800000001,
      "p50" : 10.599201987,
      "p75" : 10.599201987,
      "p95" : 10.599201987,
      "p98" : 10.599201987,
      "p99" : 10.599201987,
      "p999" : 10.599201987,
      "stddev" : 1.4276522450093556,
      "m15_rate" : 0.0014301774653750902,
      "m1_rate" : 1.8190884734042006E-10,
      "m5_rate" : 1.6473056951677676E-4,
      "mean_rate" : 0.003395514706593971,
      "duration_units" : "seconds",
      "rate_units" : "calls/second"
    },
    "eu.domibus.core.message.retention.RetentionListener.onMessage.deleteMessages.timer" : {
      "count" : 136,
      "max" : 5.800430786000001,
      "mean" : 3.8264379691988206,
      "min" : 1.402168096,
      "p50" : 4.134730045,
      "p75" : 4.4646049230000004,
      "p95" : 5.539311550000001,
      "p98" : 5.800430786000001,
      "p99" : 5.800430786000001,
      "p999" : 5.800430786000001,
      "stddev" : 1.2313767626483985,
      "m15_rate" : 0.013981096989667877,
      "m1_rate" : 1.371201778814605E-9,
      "m5_rate" : 0.0013073535023540655,
      "mean_rate" : 0.026711070930284877,
      "duration_units" : "seconds",
      "rate_units" : "calls/second"
    },
    "eu.domibus.core.message.signal.SignalMessageDao.deleteMessages.deleteReceipts.timer" : {
      "count" : 136,
      "max" : 2.291634637,
      "mean" : 1.1072495800297522,
      "min" : 0.160763337,
      "p50" : 1.084475176,
      "p75" : 1.4758227860000002,
      "p95" : 2.187423083,
      "p98" : 2.233565452,
      "p99" : 2.233565452,
      "p999" : 2.233565452,
      "stddev" : 0.5659551965845576,
      "m15_rate" : 0.01614405633312519,
      "m1_rate" : 1.4321399709253465E-9,
      "m5_rate" : 0.0013177211383547118,
      "mean_rate" : 0.026720753580654164,
      "duration_units" : "seconds",
      "rate_units" : "calls/second"
    },
    "eu.domibus.core.message.signal.SignalMessageLogDao.deleteMessages.deleteMessageLogs.timer" : {
      "count" : 136,
      "max" : 0.18694101700000001,
      "mean" : 0.0685569764828466,
      "min" : 0.039609607000000005,
      "p50" : 0.069765503,
      "p75" : 0.07590745900000001,
      "p95" : 0.08805847300000001,
      "p98" : 0.09601841400000001,
      "p99" : 0.09601841400000001,
      "p999" : 0.09601841400000001,
      "stddev" : 0.012289847477201877,
      "m15_rate" : 0.016142073629055658,
      "m1_rate" : 1.432139970773079E-9,
      "m5_rate" : 0.001317670942093891,
      "mean_rate" : 0.026722714788280515,
      "duration_units" : "seconds",
      "rate_units" : "calls/second"
    },
    "eu.domibus.core.plugin.handler.DatabaseMessageHandler.submit.timer" : {
      "count" : 370691,
      "max" : 0.287116285,
      "mean" : 0.054418831166153966,
      "min" : 0.009804031000000001,
      "p50" : 0.06226956300000001,
      "p75" : 0.073398585,
      "p95" : 0.09545363100000001,
      "p98" : 0.128513299,
      "p99" : 0.144599686,
      "p999" : 0.170148507,
      "stddev" : 0.03147793593542696,
      "m15_rate" : 61.65466452581393,
      "m1_rate" : 61.69243247215845,
      "m5_rate" : 62.00120148047449,
      "mean_rate" : 61.37581013318217,
      "duration_units" : "seconds",
      "rate_units" : "calls/second"
    },
    "eu.domibus.core.plugin.notification.BackendNotificationService.notifyMessageReceived.timer" : {
      "count" : 370760,
      "max" : 0.209130732,
      "mean" : 0.02594263044940888,
      "min" : 4.3869700000000005E-4,
      "p50" : 0.021991446,
      "p75" : 0.03850143,
      "p95" : 0.066106237,
      "p98" : 0.07876044800000001,
      "p99" : 0.089098576,
      "p999" : 0.12096395200000001,
      "stddev" : 0.021970254318475147,
      "m15_rate" : 61.53508194684906,
      "m1_rate" : 61.32278642019439,
      "m5_rate" : 61.87685895538182,
      "mean_rate" : 61.01855525910396,
      "duration_units" : "seconds",
      "rate_units" : "calls/second"
    },
    "eu.domibus.core.plugin.notification.PluginAsyncNotificationListener.onMessage.timer" : {
      "count" : 370698,
      "max" : 0.22970758800000002,
      "mean" : 0.05474110083653281,
      "min" : 0.009580033,
      "p50" : 0.064303049,
      "p75" : 0.07371628300000001,
      "p95" : 0.091357459,
      "p98" : 0.121955345,
      "p99" : 0.132946368,
      "p999" : 0.17699065900000002,
      "stddev" : 0.030067535369964326,
      "m15_rate" : 61.60727727147994,
      "m1_rate" : 61.28352492460367,
      "m5_rate" : 61.8775945266209,
      "mean_rate" : 61.01341719431908,
      "duration_units" : "seconds",
      "rate_units" : "calls/second"
    },
    "eu.domibus.core.pmode.validation.validators.MessagePropertyValidator.validate.timer" : {
      "count" : 741452,
      "max" : 3.2899000000000005E-5,
      "mean" : 1.2881377769471773E-6,
      "min" : 5.000000000000001E-7,
      "p50" : 1.0000000000000002E-6,
      "p75" : 1.2000000000000002E-6,
      "p95" : 2.1000000000000002E-6,
      "p98" : 2.7E-6,
      "p99" : 1.0E-5,
      "p999" : 2.7700000000000002E-5,
      "stddev" : 2.1191561505041925E-6,
      "m15_rate" : 123.16346357108151,
      "m1_rate" : 122.79250101534548,
      "m5_rate" : 123.81566660594554,
      "mean_rate" : 122.02455382541672,
      "duration_units" : "seconds",
      "rate_units" : "calls/second"
    },
    "eu.domibus.core.replication.UIMessageDaoImpl.deleteMessages.deleteUIMessagesByMessageIds.timer" : {
      "count" : 272,
      "max" : 0.021387842,
      "mean" : 0.002712036788808041,
      "min" : 0.0017442870000000002,
      "p50" : 0.002525882,
      "p75" : 0.003096278,
      "p95" : 0.003495675,
      "p98" : 0.0037043730000000004,
      "p99" : 0.0066101530000000006,
      "p999" : 0.0066101530000000006,
      "stddev" : 7.298153347439546E-4,
      "m15_rate" : 0.032278066375759494,
      "m1_rate" : 2.856284706141419E-9,
      "m5_rate" : 0.002632895602035815,
      "mean_rate" : 0.05344700834939404,
      "duration_units" : "seconds",
      "rate_units" : "calls/second"
    },
    "eu.domibus.core.util.SoapUtil.logMessage.timer" : {
      "count" : 370761,
      "max" : 4.0100000000000006E-5,
      "mean" : 8.374038631768258E-7,
      "min" : 2.0000000000000002E-7,
      "p50" : 6.000000000000001E-7,
      "p75" : 8.000000000000001E-7,
      "p95" : 1.3E-6,
      "p98" : 1.5E-6,
      "p99" : 1.6000000000000001E-6,
      "p999" : 2.4E-5,
      "stddev" : 1.6190884081324958E-6,
      "m15_rate" : 61.53299067615419,
      "m1_rate" : 61.32484719960467,
      "m5_rate" : 61.87207336591099,
      "mean_rate" : 61.01800097825533,
      "duration_units" : "seconds",
      "rate_units" : "calls/second"
    },
    "eu.domibus.plugin.jms.JMSPluginImpl.deliverMessage.timer" : {
      "count" : 370698,
      "max" : 0.22089555000000002,
      "mean" : 0.05409656927417842,
      "min" : 0.009263235,
      "p50" : 0.06328365700000001,
      "p75" : 0.072874089,
      "p95" : 0.089167574,
      "p98" : 0.11711977900000001,
      "p99" : 0.133002067,
      "p999" : 0.175582869,
      "stddev" : 0.029808781261988406,
      "m15_rate" : 61.61409863510639,
      "m1_rate" : 61.38925136405944,
      "m5_rate" : 61.8982386578399,
      "mean_rate" : 61.01353455836655,
      "duration_units" : "seconds",
      "rate_units" : "calls/second"
    },
    "eu.domibus.plugin.jms.JMSPluginImpl.receiveMessage.timer" : {
      "count" : 370691,
      "max" : 0.48227411600000003,
      "mean" : 0.09134421366364086,
      "min" : 0.009918231000000001,
      "p50" : 0.10757604500000001,
      "p75" : 0.136792941,
      "p95" : 0.164423847,
      "p98" : 0.1996476,
      "p99" : 0.219736957,
      "p999" : 0.273018684,
      "stddev" : 0.05706334431268432,
      "m15_rate" : 61.66216058348719,
      "m1_rate" : 61.783072743230846,
      "m5_rate" : 62.0223120856716,
      "mean_rate" : 61.375425042350905,
      "duration_units" : "seconds",
      "rate_units" : "calls/second"
    }
  }
}