{
  "version" : "4.0.0",
  "gauges" : { },
  "counters" : {
    "eu.domibus.core.ebms3.receiver.MSHWebservice.incoming_user_message.counter" : {
      "count" : 18
    },
    "eu.domibus.core.ebms3.receiver.handler.AbstractIncomingMessageHandler.processMessage.counter" : {
      "count" : 18
    },
    "eu.domibus.core.ebms3.receiver.handler.IncomingUserMessageHandler.around_handleNewUserMessage.counter.counter" : {
      "count" : 48
    },
    "eu.domibus.core.ebms3.sender.AbstractUserMessageSender.outgoing_user_message.counter" : {
      "count" : 0
    },
    "eu.domibus.core.ebms3.sender.MessageSenderListener.onMessage.counter" : {
      "count" : 0
    },
    "eu.domibus.core.ebms3.sender.MessageSenderService.sendUserMessage.counter" : {
      "count" : 0
    },
    "eu.domibus.core.ebms3.sender.client.MSHDispatcher.dispatch.counter" : {
      "count" : 0
    },
    "eu.domibus.core.error.ErrorLogDao.deleteMessages.deleteErrorLogsByMessageIdInError.counter" : {
      "count" : 0
    },
    "eu.domibus.core.message.MessageInfoDao.deleteMessages.counter" : {
      "count" : 0
    },
    "eu.domibus.core.message.MessageInfoDao.findSignalMessageIds.counter" : {
      "count" : 0
    },
    "eu.domibus.core.message.MessagingServiceImpl.storeMessage.counter" : {
      "count" : 1
    },
    "eu.domibus.core.message.UserMessageHandlerServiceImpl.handleNewUserMessage.counter" : {
      "count" : 3
    },
    "eu.domibus.core.message.UserMessageLogDao.deleteMessages.deleteMessageLogs.counter" : {
      "count" : 0
    },
    "eu.domibus.core.message.acknowledge.MessageAcknowledgementDao.deleteMessages.deleteMessageAcknowledgementsByMessageIds.counter" : {
      "count" : 0
    },
    "eu.domibus.core.message.attempt.MessageAttemptDao.deleteMessages.deleteAttemptsByMessageIds.counter" : {
      "count" : 0
    },
    "eu.domibus.core.message.pull.IncomingPullRequestHandler.incoming_pull_request.counter" : {
      "count" : 0
    },
    "eu.domibus.core.message.receipt.AS4ReceiptServiceImpl.generateReceipt.counter" : {
      "count" : 0
    },
    "eu.domibus.core.message.retention.MessageRetentionDefaultService.schedule_deleteExpiredMessages.counter" : {
      "count" : 0
    },
    "eu.domibus.core.message.retention.RetentionListener.onMessage.deleteMessages.counter" : {
      "count" : 0
    },
    "eu.domibus.core.message.signal.SignalMessageDao.deleteMessages.deleteReceipts.counter" : {
      "count" : 0
    },
    "eu.domibus.core.message.signal.SignalMessageLogDao.deleteMessages.deleteMessageLogs.counter" : {
      "count" : 0
    },
    "eu.domibus.core.plugin.handler.DatabaseMessageHandler.submit.counter" : {
      "count" : 9
    },
    "eu.domibus.core.plugin.notification.BackendNotificationService.notifyMessageReceived.counter" : {
      "count" : 2
    },
    "eu.domibus.core.plugin.notification.PluginAsyncNotificationListener.onMessage.counter" : {
      "count" : 6
    },
    "eu.domibus.core.pmode.validation.validators.MessagePropertyValidator.validate.counter" : {
      "count" : 0
    },
    "eu.domibus.core.replication.UIMessageDaoImpl.deleteMessages.deleteUIMessagesByMessageIds.counter" : {
      "count" : 0
    },
    "eu.domibus.core.util.SoapUtil.SoapUtil.counter" : {
      "count" : 0
    },
    "eu.domibus.plugin.jms.JMSPluginImpl.deliverMessage.counter" : {
      "count" : 6
    },
    "eu.domibus.plugin.jms.JMSPluginImpl.receiveMessage.counter" : {
      "count" : 9
    }
  },
  "histograms" : { },
  "meters" : { },
  "timers" : {
    "eu.domibus.core.ebms3.receiver.MSHWebservice.incoming_user_message.timer" : {
      "count" : 369548,
      "max" : 0.576492921,
      "mean" : 0.25953988241095927,
      "min" : 0.12078274200000001,
      "p50" : 0.256805879,
      "p75" : 0.29618135900000003,
      "p95" : 0.37056312,
      "p98" : 0.40637880800000004,
      "p99" : 0.43129709600000005,
      "p999" : 0.479149168,
      "stddev" : 0.060394468880563455,
      "m15_rate" : 59.997643475748546,
      "m1_rate" : 61.71997208073982,
      "m5_rate" : 59.309379633010664,
      "mean_rate" : 53.16082618245579,
      "duration_units" : "seconds",
      "rate_units" : "calls/second"
    },
    "eu.domibus.core.ebms3.receiver.handler.AbstractIncomingMessageHandler.processMessage.timer" : {
      "count" : 369540,
      "max" : 0.564737822,
      "mean" : 0.257043647151123,
      "min" : 0.12079774200000001,
      "p50" : 0.25543488000000003,
      "p75" : 0.294024861,
      "p95" : 0.36821632600000004,
      "p98" : 0.398898209,
      "p99" : 0.425341299,
      "p999" : 0.5184359550000001,
      "stddev" : 0.061191922310887055,
      "m15_rate" : 59.99756144567438,
      "m1_rate" : 61.68317264539686,
      "m5_rate" : 59.30420202244833,
      "mean_rate" : 60.81906379898711,
      "duration_units" : "seconds",
      "rate_units" : "calls/second"
    },
    "eu.domibus.core.ebms3.receiver.handler.IncomingUserMessageHandler.around_handleNewUserMessage.timer.timer" : {
      "count" : 369510,
      "max" : 0.609373304,
      "mean" : 0.25610130548124793,
      "min" : 0.12023674300000001,
      "p50" : 0.257845578,
      "p75" : 0.293158262,
      "p95" : 0.34859673500000005,
      "p98" : 0.388142217,
      "p99" : 0.41698420300000005,
      "p999" : 0.517711555,
      "stddev" : 0.05879642662776504,
      "m15_rate" : 59.99601947688351,
      "m1_rate" : 61.667291659949804,
      "m5_rate" : 59.300411745045345,
      "mean_rate" : 60.8143289691827,
      "duration_units" : "seconds",
      "rate_units" : "calls/second"
    },
    "eu.domibus.core.ebms3.sender.AbstractUserMessageSender.outgoing_user_message.timer" : {
      "count" : 369829,
      "max" : 0.472121275,
      "mean" : 0.06053118142376314,
      "min" : 0.04116048,
      "p50" : 0.055710973000000004,
      "p75" : 0.061795671,
      "p95" : 0.074945964,
      "p98" : 0.14268893200000002,
      "p99" : 0.166145221,
      "p999" : 0.342313138,
      "stddev" : 0.026098107322142395,
      "m15_rate" : 60.12531167846885,
      "m1_rate" : 61.40248440692808,
      "m5_rate" : 59.38191618952409,
      "mean_rate" : 61.23180995506328,
      "duration_units" : "seconds",
      "rate_units" : "calls/second"
    },
    "eu.domibus.core.ebms3.sender.MessageSenderListener.onMessage.timer" : {
      "count" : 369829,
      "max" : 0.372804623,
      "mean" : 0.06566541108514783,
      "min" : 0.048262077,
      "p50" : 0.061901571,
      "p75" : 0.067525869,
      "p95" : 0.08295266100000001,
      "p98" : 0.11217594700000001,
      "p99" : 0.15651352600000001,
      "p999" : 0.372804623,
      "stddev" : 0.022453492307291354,
      "m15_rate" : 60.12414745599441,
      "m1_rate" : 61.4100253838531,
      "m5_rate" : 59.379535784503396,
      "mean_rate" : 61.23100060930275,
      "duration_units" : "seconds",
      "rate_units" : "calls/second"
    },
    "eu.domibus.core.ebms3.sender.MessageSenderService.sendUserMessage.timer" : {
      "count" : 369829,
      "max" : 0.49224596600000003,
      "mean" : 0.06661161882042116,
      "min" : 0.045860778000000005,
      "p50" : 0.061700271,
      "p75" : 0.06780606800000001,
      "p95" : 0.078694762,
      "p98" : 0.14981643,
      "p99" : 0.196487406,
      "p999" : 0.47587977400000003,
      "stddev" : 0.03093307960302123,
      "m15_rate" : 60.12252794716752,
      "m1_rate" : 61.383795566095515,
      "m5_rate" : 59.374438873245225,
      "mean_rate" : 61.23124837386098,
      "duration_units" : "seconds",
      "rate_units" : "calls/second"
    },
    "eu.domibus.core.ebms3.sender.client.MSHDispatcher.dispatch.timer" : {
      "count" : 369829,
      "max" : 0.23713598700000002,
      "mean" : 0.04960004346358053,
      "min" : 0.034011084000000004,
      "p50" : 0.046714477000000004,
      "p75" : 0.051132576000000006,
      "p95" : 0.060261071000000006,
      "p98" : 0.12001584200000001,
      "p99" : 0.15873262500000002,
      "p999" : 0.21561369800000002,
      "stddev" : 0.017541233295741705,
      "m15_rate" : 60.12592594833851,
      "m1_rate" : 61.40769921768851,
      "m5_rate" : 59.38335099940449,
      "mean_rate" : 61.232112616937265,
      "duration_units" : "seconds",
      "rate_units" : "calls/second"
    },
    "eu.domibus.core.error.ErrorLogDao.deleteMessages.deleteErrorLogsByMessageIdInError.timer" : {
      "count" : 127,
      "max" : 0.033840284000000005,
      "mean" : 0.0031951709257587286,
      "min" : 0.0021967,
      "p50" : 0.0033158970000000004,
      "p75" : 0.0035671970000000002,
      "p95" : 0.004059097,
      "p98" : 0.004074398,
      "p99" : 0.004235796,
      "p999" : 0.004235796,
      "stddev" : 5.231261298623725E-4,
      "m15_rate" : 0.014891009508851132,
      "m1_rate" : 7.352832269278703E-11,
      "m5_rate" : 0.0011402161266219385,
      "mean_rate" : 0.023558165565422364,
      "duration_units" : "seconds",
      "rate_units" : "calls/second"
    },
    "eu.domibus.core.message.MessageInfoDao.deleteMessages.timer" : {
      "count" : 254,
      "max" : 3.677401197,
      "mean" : 0.7739691836040176,
      "min" : 0.036752078,
      "p50" : 0.45950472400000003,
      "p75" : 1.218012802,
      "p95" : 1.4584497090000001,
      "p98" : 1.505299497,
      "p99" : 1.517693806,
      "p999" : 1.8163894340000002,
      "stddev" : 0.5092953254003894,
      "m15_rate" : 0.02978965978361138,
      "m1_rate" : 1.481227317082336E-10,
      "m5_rate" : 0.002283920037225509,
      "mean_rate" : 0.04710904032744329,
      "duration_units" : "seconds",
      "rate_units" : "calls/second"
    },
    "eu.domibus.core.message.MessageInfoDao.findSignalMessageIds.timer" : {
      "count" : 127,
      "max" : 0.656096059,
      "mean" : 0.17563752850636308,
      "min" : 0.023439886,
      "p50" : 0.17982325300000002,
      "p75" : 0.247077598,
      "p95" : 0.257624589,
      "p98" : 0.257624589,
      "p99" : 0.280826997,
      "p999" : 0.656096059,
      "stddev" : 0.07343549065291125,
      "m15_rate" : 0.014882337152693702,
      "m1_rate" : 7.275528886326039E-11,
      "m5_rate" : 0.0011379087247716582,
      "mean_rate" : 0.023553278650856782,
      "duration_units" : "seconds",
      "rate_units" : "calls/second"
    },
    "eu.domibus.core.message.MessagingServiceImpl.storeMessage.timer" : {
      "count" : 739400,
      "max" : 0.090631557,
      "mean" : 0.00499599861480558,
      "min" : 0.0027514980000000002,
      "p50" : 0.004531998000000001,
      "p75" : 0.004990298000000001,
      "p95" : 0.007003396,
      "p98" : 0.009803395000000001,
      "p99" : 0.016157492000000002,
      "p999" : 0.052493175,
      "stddev" : 0.0036814128070414612,
      "m15_rate" : 120.13234329626712,
      "m1_rate" : 123.39711699234324,
      "m5_rate" : 118.75042437706264,
      "mean_rate" : 121.69152484175223,
      "duration_units" : "seconds",
      "rate_units" : "calls/second"
    },
    "eu.domibus.core.message.UserMessageHandlerServiceImpl.handleNewUserMessage.timer" : {
      "count" : 369555,
      "max" : 0.25801897500000004,
      "mean" : 0.06340292419505408,
      "min" : 0.023843888,
      "p50" : 0.058586272,
      "p75" : 0.079380163,
      "p95" : 0.11722114500000001,
      "p98" : 0.133384937,
      "p99" : 0.14211183300000002,
      "p999" : 0.20504170300000002,
      "stddev" : 0.02788169787504649,
      "m15_rate" : 59.994836747080015,
      "m1_rate" : 61.69355842502532,
      "m5_rate" : 59.29967466678425,
      "mean_rate" : 60.82171147979431,
      "duration_units" : "seconds",
      "rate_units" : "calls/second"
    },
    "eu.domibus.core.message.UserMessageLogDao.deleteMessages.deleteMessageLogs.timer" : {
      "count" : 127,
      "max" : 5.7534777120000005,
      "mean" : 0.06779722230353326,
      "min" : 0.01622689,
      "p50" : 0.066397439,
      "p75" : 0.072711337,
      "p95" : 0.083103732,
      "p98" : 0.10826790600000001,
      "p99" : 0.10826790600000001,
      "p999" : 0.10826790600000001,
      "stddev" : 0.01087450134711026,
      "m15_rate" : 0.014891009508851132,
      "m1_rate" : 7.352832269278703E-11,
      "m5_rate" : 0.0011402161266219385,
      "mean_rate" : 0.023557918528079497,
      "duration_units" : "seconds",
      "rate_units" : "calls/second"
    },
    "eu.domibus.core.message.acknowledge.MessageAcknowledgementDao.deleteMessages.deleteMessageAcknowledgementsByMessageIds.timer" : {
      "count" : 127,
      "max" : 0.09631374200000001,
      "mean" : 0.002961437685926843,
      "min" : 0.0018722010000000002,
      "p50" : 0.0028377980000000003,
      "p75" : 0.003411397,
      "p95" : 0.004209696000000001,
      "p98" : 0.005659095,
      "p99" : 0.005659095,
      "p999" : 0.005659095,
      "stddev" : 7.649362350142743E-4,
      "m15_rate" : 0.014889561540385628,
      "m1_rate" : 7.303056975098923E-11,
      "m5_rate" : 0.0011394990648801568,
      "mean_rate" : 0.023558316512318652,
      "duration_units" : "seconds",
      "rate_units" : "calls/second"
    },
    "eu.domibus.core.message.attempt.MessageAttemptDao.deleteMessages.deleteAttemptsByMessageIds.timer" : {
      "count" : 127,
      "max" : 0.011950792,
      "mean" : 0.0029871391101279825,
      "min" : 0.002119298,
      "p50" : 0.0030016970000000002,
      "p75" : 0.003601897,
      "p95" : 0.004087896000000001,
      "p98" : 0.0041712960000000006,
      "p99" : 0.0041712960000000006,
      "p999" : 0.007929397000000001,
      "stddev" : 7.359075201183134E-4,
      "m15_rate" : 0.014891009508851132,
      "m1_rate" : 7.352832269278703E-11,
      "m5_rate" : 0.0011402161266219385,
      "mean_rate" : 0.023558107230769783,
      "duration_units" : "seconds",
      "rate_units" : "calls/second"
    },
    "eu.domibus.core.message.pull.IncomingPullRequestHandler.incoming_pull_request.timer" : {
      "count" : 8,
      "max" : 0.42838590000000004,
      "mean" : 0.0656841031432932,
      "min" : 0.009123302,
      "p50" : 0.010902902,
      "p75" : 0.011355402,
      "p95" : 0.238127149,
      "p98" : 0.238127149,
      "p99" : 0.238127149,
      "p999" : 0.238127149,
      "stddev" : 0.09759101659360121,
      "m15_rate" : 4.640406022361163E-4,
      "m1_rate" : 3.926643089577171E-26,
      "m5_rate" : 1.901527370492593E-7,
      "mean_rate" : 0.0011508293290316896,
      "duration_units" : "seconds",
      "rate_units" : "calls/second"
    },
    "eu.domibus.core.message.receipt.AS4ReceiptServiceImpl.generateReceipt.timer" : {
      "count" : 369552,
      "max" : 0.158455225,
      "mean" : 0.028656953676975697,
      "min" : 0.015550492,
      "p50" : 0.024637888,
      "p75" : 0.031501785000000004,
      "p95" : 0.048699577,
      "p98" : 0.065323769,
      "p99" : 0.090158158,
      "p999" : 0.158455225,
      "stddev" : 0.01315390681399598,
      "m15_rate" : 59.98816317936763,
      "m1_rate" : 61.60133675174274,
      "m5_rate" : 59.28095657438906,
      "mean_rate" : 60.822738660731325,
      "duration_units" : "seconds",
      "rate_units" : "calls/second"
    },
    "eu.domibus.core.message.retention.MessageRetentionDefaultService.schedule_deleteExpiredMessages.timer" : {
      "count" : 20,
      "max" : 10.202125951000001,
      "mean" : 8.641184587181892,
      "min" : 0.225089898,
      "p50" : 9.593632439,
      "p75" : 9.593632439,
      "p95" : 9.593632439,
      "p98" : 10.202125951000001,
      "p99" : 10.202125951000001,
      "p999" : 10.202125951000001,
      "stddev" : 1.4503058075122792,
      "m15_rate" : 0.0015663187626069992,
      "m1_rate" : 9.69532979890138E-12,
      "m5_rate" : 1.444925124432217E-4,
      "mean_rate" : 0.0030332244055697195,
      "duration_units" : "seconds",
      "rate_units" : "calls/second"
    },
    "eu.domibus.core.message.retention.RetentionListener.onMessage.deleteMessages.timer" : {
      "count" : 127,
      "max" : 7.329803948,
      "mean" : 2.1646752485467644,
      "min" : 0.354285887,
      "p50" : 2.228627178,
      "p75" : 2.253771758,
      "p95" : 2.4123679250000003,
      "p98" : 2.4416332880000002,
      "p99" : 2.4819501240000004,
      "p999" : 2.4819501240000004,
      "stddev" : 0.18155060564210304,
      "m15_rate" : 0.014905692278536997,
      "m1_rate" : 7.509219293033329E-11,
      "m5_rate" : 0.0011446780660057105,
      "mean_rate" : 0.02355306135513785,
      "duration_units" : "seconds",
      "rate_units" : "calls/second"
    },
    "eu.domibus.core.message.signal.SignalMessageDao.deleteMessages.deleteReceipts.timer" : {
      "count" : 127,
      "max" : 2.067616572,
      "mean" : 0.21294807603693516,
      "min" : 0.024995185000000003,
      "p50" : 0.209935228,
      "p75" : 0.23939110400000002,
      "p95" : 0.252881693,
      "p98" : 0.309881732,
      "p99" : 0.309881732,
      "p999" : 0.309881732,
      "stddev" : 0.030171771750572864,
      "m15_rate" : 0.014888775807529541,
      "m1_rate" : 7.303056975098923E-11,
      "m5_rate" : 0.0011394979190663917,
      "mean_rate" : 0.023557725765362372,
      "duration_units" : "seconds",
      "rate_units" : "calls/second"
    },
    "eu.domibus.core.message.signal.SignalMessageLogDao.deleteMessages.deleteMessageLogs.timer" : {
      "count" : 127,
      "max" : 0.097585853,
      "mean" : 0.05842052973311112,
      "min" : 0.007286096000000001,
      "p50" : 0.05769275200000001,
      "p75" : 0.060313251000000005,
      "p95" : 0.07578683,
      "p98" : 0.090678222,
      "p99" : 0.090678222,
      "p999" : 0.090678222,
      "stddev" : 0.010573634547501997,
      "m15_rate" : 0.014891009508851132,
      "m1_rate" : 7.352832269278703E-11,
      "m5_rate" : 0.0011402161266219385,
      "mean_rate" : 0.023558020294363716,
      "duration_units" : "seconds",
      "rate_units" : "calls/second"
    },
    "eu.domibus.core.plugin.handler.DatabaseMessageHandler.submit.timer" : {
      "count" : 369836,
      "max" : 0.24990177800000002,
      "mean" : 0.05459419492800286,
      "min" : 0.009194296000000001,
      "p50" : 0.06396667,
      "p75" : 0.071835466,
      "p95" : 0.09163225700000001,
      "p98" : 0.12001434100000001,
      "p99" : 0.14830653000000002,
      "p999" : 0.19160231000000003,
      "stddev" : 0.030397106944658803,
      "m15_rate" : 60.14088987597167,
      "m1_rate" : 61.6193659233655,
      "m5_rate" : 59.4487331063356,
      "mean_rate" : 61.230203552465824,
      "duration_units" : "seconds",
      "rate_units" : "calls/second"
    },
    "eu.domibus.core.plugin.notification.BackendNotificationService.notifyMessageReceived.timer" : {
      "count" : 369552,
      "max" : 0.161149924,
      "mean" : 0.026951570076006712,
      "min" : 4.153E-4,
      "p50" : 0.02207869,
      "p75" : 0.039295382000000004,
      "p95" : 0.067597268,
      "p98" : 0.08534276,
      "p99" : 0.10868704900000001,
      "p999" : 0.161149924,
      "stddev" : 0.023861850656480783,
      "m15_rate" : 59.98895892257281,
      "m1_rate" : 61.60872730257972,
      "m5_rate" : 59.28296981551562,
      "mean_rate" : 60.821963040306734,
      "duration_units" : "seconds",
      "rate_units" : "calls/second"
    },
    "eu.domibus.core.plugin.notification.PluginAsyncNotificationListener.onMessage.timer" : {
      "count" : 369866,
      "max" : 0.215182495,
      "mean" : 0.05458366052227925,
      "min" : 0.008893695,
      "p50" : 0.06369027000000001,
      "p75" : 0.071159467,
      "p95" : 0.09071005700000001,
      "p98" : 0.12136534300000001,
      "p99" : 0.152336428,
      "p999" : 0.19116480900000002,
      "stddev" : 0.030179423298985063,
      "m15_rate" : 60.11965540175673,
      "m1_rate" : 61.56443735605773,
      "m5_rate" : 59.40410622585665,
      "mean_rate" : 60.877559013480685,
      "duration_units" : "seconds",
      "rate_units" : "calls/second"
    },
    "eu.domibus.core.pmode.validation.validators.MessagePropertyValidator.validate.timer" : {
      "count" : 739400,
      "max" : 1.72E-5,
      "mean" : 1.0625776346089728E-6,
      "min" : 4.0000000000000003E-7,
      "p50" : 1.0000000000000002E-6,
      "p75" : 1.2000000000000002E-6,
      "p95" : 1.5E-6,
      "p98" : 1.8000000000000001E-6,
      "p99" : 2.1000000000000002E-6,
      "p999" : 1.72E-5,
      "stddev" : 1.154146870439443E-6,
      "m15_rate" : 120.13304393421046,
      "m1_rate" : 123.4128222041278,
      "m5_rate" : 118.7527281289051,
      "mean_rate" : 121.69124106745124,
      "duration_units" : "seconds",
      "rate_units" : "calls/second"
    },
    "eu.domibus.core.replication.UIMessageDaoImpl.deleteMessages.deleteUIMessagesByMessageIds.timer" : {
      "count" : 254,
      "max" : 0.014376792000000001,
      "mean" : 0.0028544558882494563,
      "min" : 7.569E-4,
      "p50" : 0.002368598,
      "p75" : 0.003032697,
      "p95" : 0.003549697,
      "p98" : 0.013717088,
      "p99" : 0.013717088,
      "p999" : 0.014046687,
      "stddev" : 0.0017374351510642937,
      "m15_rate" : 0.029779123080771255,
      "m1_rate" : 1.4606113950197846E-10,
      "m5_rate" : 0.0022789981297603136,
      "mean_rate" : 0.04711647849384868,
      "duration_units" : "seconds",
      "rate_units" : "calls/second"
    },
    "eu.domibus.core.util.SoapUtil.logMessage.timer" : {
      "count" : 369555,
      "max" : 3.13E-5,
      "mean" : 7.8223093250825E-7,
      "min" : 2.0000000000000002E-7,
      "p50" : 6.000000000000001E-7,
      "p75" : 7.000000000000001E-7,
      "p95" : 1.3E-6,
      "p98" : 1.5E-6,
      "p99" : 1.6000000000000001E-6,
      "p999" : 2.2700000000000003E-5,
      "stddev" : 1.5206404933171956E-6,
      "m15_rate" : 59.98876298949736,
      "m1_rate" : 61.627021797719095,
      "m5_rate" : 59.284331764967185,
      "mean_rate" : 60.821726861299865,
      "duration_units" : "seconds",
      "rate_units" : "calls/second"
    },
    "eu.domibus.plugin.jms.JMSPluginImpl.deliverMessage.timer" : {
      "count" : 369866,
      "max" : 0.159853825,
      "mean" : 0.05394066018349167,
      "min" : 0.008738496,
      "p50" : 0.06315427,
      "p75" : 0.07151726600000001,
      "p95" : 0.09187555600000001,
      "p98" : 0.11695604400000001,
      "p99" : 0.12598274,
      "p999" : 0.159853825,
      "stddev" : 0.029198045279911863,
      "m15_rate" : 60.11875674165933,
      "m1_rate" : 61.55062051764108,
      "m5_rate" : 59.40140057884525,
      "mean_rate" : 60.87767910601541,
      "duration_units" : "seconds",
      "rate_units" : "calls/second"
    },
    "eu.domibus.plugin.jms.JMSPluginImpl.receiveMessage.timer" : {
      "count" : 369836,
      "max" : 0.266548571,
      "mean" : 0.09110779014191,
      "min" : 0.010822694,
      "p50" : 0.111982047,
      "p75" : 0.134910636,
      "p95" : 0.163033223,
      "p98" : 0.204112704,
      "p99" : 0.20564020300000002,
      "p999" : 0.223985394,
      "stddev" : 0.05635135642099547,
      "m15_rate" : 60.142515386362525,
      "m1_rate" : 61.61253830802929,
      "m5_rate" : 59.45100144150605,
      "mean_rate" : 61.23011735822208,
      "duration_units" : "seconds",
      "rate_units" : "calls/second"
    }
  }
}