{
  "version" : "4.0.0",
  "gauges" : { },
  "counters" : {
    "eu.domibus.core.ebms3.receiver.MSHWebservice.incoming_user_message.counter" : {
      "count" : 12
    },
    "eu.domibus.core.ebms3.receiver.handler.AbstractIncomingMessageHandler.processMessage.counter" : {
      "count" : 12
    },
    "eu.domibus.core.ebms3.receiver.handler.IncomingUserMessageHandler.around_handleNewUserMessage.counter.counter" : {
      "count" : 42
    },
    "eu.domibus.core.ebms3.sender.AbstractUserMessageSender.outgoing_user_message.counter" : {
      "count" : 0
    },
    "eu.domibus.core.ebms3.sender.MessageSenderListener.onMessage.counter" : {
      "count" : 0
    },
    "eu.domibus.core.ebms3.sender.MessageSenderService.sendUserMessage.counter" : {
      "count" : 0
    },
    "eu.domibus.core.ebms3.sender.client.MSHDispatcher.dispatch.counter" : {
      "count" : 0
    },
    "eu.domibus.core.error.ErrorLogDao.deleteMessages.deleteErrorLogsByMessageIdInError.counter" : {
      "count" : 0
    },
    "eu.domibus.core.message.MessageInfoDao.deleteMessages.counter" : {
      "count" : 0
    },
    "eu.domibus.core.message.MessageInfoDao.findSignalMessageIds.counter" : {
      "count" : 0
    },
    "eu.domibus.core.message.MessagingServiceImpl.storeMessage.counter" : {
      "count" : 0
    },
    "eu.domibus.core.message.UserMessageHandlerServiceImpl.handleNewUserMessage.counter" : {
      "count" : 4
    },
    "eu.domibus.core.message.UserMessageLogDao.deleteMessages.deleteMessageLogs.counter" : {
      "count" : 0
    },
    "eu.domibus.core.message.acknowledge.MessageAcknowledgementDao.deleteMessages.deleteMessageAcknowledgementsByMessageIds.counter" : {
      "count" : 0
    },
    "eu.domibus.core.message.attempt.MessageAttemptDao.deleteMessages.deleteAttemptsByMessageIds.counter" : {
      "count" : 0
    },
    "eu.domibus.core.message.pull.IncomingPullRequestHandler.incoming_pull_request.counter" : {
      "count" : 0
    },
    "eu.domibus.core.message.receipt.AS4ReceiptServiceImpl.generateReceipt.counter" : {
      "count" : 4
    },
    "eu.domibus.core.message.retention.MessageRetentionDefaultService.schedule_deleteExpiredMessages.counter" : {
      "count" : 0
    },
    "eu.domibus.core.message.retention.RetentionListener.onMessage.deleteMessages.counter" : {
      "count" : 0
    },
    "eu.domibus.core.message.signal.SignalMessageDao.deleteMessages.deleteReceipts.counter" : {
      "count" : 0
    },
    "eu.domibus.core.message.signal.SignalMessageLogDao.deleteMessages.deleteMessageLogs.counter" : {
      "count" : 0
    },
    "eu.domibus.core.plugin.handler.DatabaseMessageHandler.submit.counter" : {
      "count" : 0
    },
    "eu.domibus.core.plugin.notification.BackendNotificationService.notifyMessageReceived.counter" : {
      "count" : 0
    },
    "eu.domibus.core.plugin.notification.PluginAsyncNotificationListener.onMessage.counter" : {
      "count" : 0
    },
    "eu.domibus.core.pmode.validation.validators.MessagePropertyValidator.validate.counter" : {
      "count" : 0
    },
    "eu.domibus.core.replication.UIMessageDaoImpl.deleteMessages.deleteUIMessagesByMessageIds.counter" : {
      "count" : 0
    },
    "eu.domibus.core.util.SoapUtil.SoapUtil.counter" : {
      "count" : 0
    },
    "eu.domibus.plugin.jms.JMSPluginImpl.deliverMessage.counter" : {
      "count" : 0
    },
    "eu.domibus.plugin.jms.JMSPluginImpl.receiveMessage.counter" : {
      "count" : 0
    }
  },
  "histograms" : { },
  "meters" : { },
  "timers" : {
    "eu.domibus.core.ebms3.receiver.MSHWebservice.incoming_user_message.timer" : {
      "count" : 359042,
      "max" : 0.7235953270000001,
      "mean" : 0.2593263875123066,
      "min" : 0.12738074700000002,
      "p50" : 0.254783696,
      "p75" : 0.293877431,
      "p95" : 0.343211431,
      "p98" : 0.42178613000000004,
      "p99" : 0.462420207,
      "p999" : 0.526574895,
      "stddev" : 0.05687333703631204,
      "m15_rate" : 60.867581286029555,
      "m1_rate" : 63.40940068857634,
      "m5_rate" : 62.29470440717998,
      "mean_rate" : 51.649853152885825,
      "duration_units" : "seconds",
      "rate_units" : "calls/second"
    },
    "eu.domibus.core.ebms3.receiver.handler.AbstractIncomingMessageHandler.processMessage.timer" : {
      "count" : 359034,
      "max" : 0.6567516010000001,
      "mean" : 0.25840516126318697,
      "min" : 0.11801857700000001,
      "p50" : 0.254241845,
      "p75" : 0.292449699,
      "p95" : 0.34389108300000004,
      "p98" : 0.394901928,
      "p99" : 0.428458373,
      "p999" : 0.524174468,
      "stddev" : 0.05446294232724029,
      "m15_rate" : 60.87049537910091,
      "m1_rate" : 63.41028766860755,
      "m5_rate" : 62.29669710264528,
      "mean_rate" : 59.087535388515455,
      "duration_units" : "seconds",
      "rate_units" : "calls/second"
    },
    "eu.domibus.core.ebms3.receiver.handler.IncomingUserMessageHandler.around_handleNewUserMessage.timer.timer" : {
      "count" : 359004,
      "max" : 0.649392339,
      "mean" : 0.2530730636628235,
      "min" : 0.11580027200000001,
      "p50" : 0.24579436100000002,
      "p75" : 0.288378921,
      "p95" : 0.33838837200000005,
      "p98" : 0.36804763500000004,
      "p99" : 0.412802592,
      "p999" : 0.525218066,
      "stddev" : 0.054140283278677696,
      "m15_rate" : 60.87686563217368,
      "m1_rate" : 63.51035902104488,
      "m5_rate" : 62.31707195493381,
      "mean_rate" : 59.08293211577019,
      "duration_units" : "seconds",
      "rate_units" : "calls/second"
    },
    "eu.domibus.core.ebms3.sender.AbstractUserMessageSender.outgoing_user_message.timer" : {
      "count" : 359091,
      "max" : 0.24725969600000003,
      "mean" : 0.056278809718810684,
      "min" : 0.04032505,
      "p50" : 0.053623688,
      "p75" : 0.059127899000000005,
      "p95" : 0.066929025,
      "p98" : 0.07469534800000001,
      "p99" : 0.15596310500000002,
      "p999" : 0.24725969600000003,
      "stddev" : 0.016018150907887916,
      "m15_rate" : 60.88798803536238,
      "m1_rate" : 63.47997779968086,
      "m5_rate" : 62.28793325073007,
      "mean_rate" : 59.46252525565751,
      "duration_units" : "seconds",
      "rate_units" : "calls/second"
    },
    "eu.domibus.core.ebms3.sender.MessageSenderListener.onMessage.timer" : {
      "count" : 359091,
      "max" : 0.37313002500000003,
      "mean" : 0.06136342211684306,
      "min" : 0.045547538000000005,
      "p50" : 0.058269720000000004,
      "p75" : 0.063622318,
      "p95" : 0.07192349,
      "p98" : 0.09575560500000001,
      "p99" : 0.17105820900000002,
      "p999" : 0.22816902100000003,
      "stddev" : 0.017290139040726377,
      "m15_rate" : 60.888443524899714,
      "m1_rate" : 63.46639370874654,
      "m5_rate" : 62.288007279098714,
      "mean_rate" : 59.461634182857644,
      "duration_units" : "seconds",
      "rate_units" : "calls/second"
    },
    "eu.domibus.core.ebms3.sender.MessageSenderService.sendUserMessage.timer" : {
      "count" : 359091,
      "max" : 0.224276261,
      "mean" : 0.06107646837750589,
      "min" : 0.045550837000000004,
      "p50" : 0.058488639,
      "p75" : 0.06369472400000001,
      "p95" : 0.071954293,
      "p98" : 0.080865421,
      "p99" : 0.173674652,
      "p999" : 0.223589798,
      "stddev" : 0.0158703112892992,
      "m15_rate" : 60.88747246200386,
      "m1_rate" : 63.45959971123427,
      "m5_rate" : 62.285647207725816,
      "mean_rate" : 59.46179194407224,
      "duration_units" : "seconds",
      "rate_units" : "calls/second"
    },
    "eu.domibus.core.ebms3.sender.client.MSHDispatcher.dispatch.timer" : {
      "count" : 359091,
      "max" : 0.32005587100000005,
      "mean" : 0.04797122193970968,
      "min" : 0.033483314,
      "p50" : 0.045256410000000004,
      "p75" : 0.049608614,
      "p95" : 0.059371922,
      "p98" : 0.07161796100000001,
      "p99" : 0.16098837200000002,
      "p999" : 0.21464416300000003,
      "stddev" : 0.017175425171562588,
      "m15_rate" : 60.89165462117086,
      "m1_rate" : 63.530349708641076,
      "m5_rate" : 62.297737884493145,
      "mean_rate" : 59.46317132827091,
      "duration_units" : "seconds",
      "rate_units" : "calls/second"
    },
    "eu.domibus.core.error.ErrorLogDao.deleteMessages.deleteErrorLogsByMessageIdInError.timer" : {
      "count" : 145,
      "max" : 0.009879216000000001,
      "mean" : 0.00339701793301904,
      "min" : 0.002116796,
      "p50" : 0.003268407,
      "p75" : 0.003578636,
      "p95" : 0.004857656,
      "p98" : 0.004857656,
      "p99" : 0.004857656,
      "p999" : 0.004857656,
      "stddev" : 7.123085252100967E-4,
      "m15_rate" : 0.008783894077884654,
      "m1_rate" : 1.3310915632854334E-10,
      "m5_rate" : 6.218787275120419E-4,
      "mean_rate" : 0.026597739776775084,
      "duration_units" : "seconds",
      "rate_units" : "calls/second"
    },
    "eu.domibus.core.message.MessageInfoDao.deleteMessages.timer" : {
      "count" : 290,
      "max" : 4.068851689000001,
      "mean" : 0.8341879963382701,
      "min" : 0.031121386,
      "p50" : 0.39432009300000004,
      "p75" : 1.0052354030000001,
      "p95" : 4.068851689000001,
      "p98" : 4.068851689000001,
      "p99" : 4.068851689000001,
      "p999" : 4.068851689000001,
      "stddev" : 0.959482064915124,
      "m15_rate" : 0.01756018110045243,
      "m1_rate" : 2.6215921207588895E-10,
      "m5_rate" : 0.0012409931177612644,
      "mean_rate" : 0.05319349356253162,
      "duration_units" : "seconds",
      "rate_units" : "calls/second"
    },
    "eu.domibus.core.message.MessageInfoDao.findSignalMessageIds.timer" : {
      "count" : 145,
      "max" : 0.39977460600000003,
      "mean" : 0.14187584781700371,
      "min" : 0.04497007,
      "p50" : 0.081073614,
      "p75" : 0.100504728,
      "p95" : 0.39977460600000003,
      "p98" : 0.39977460600000003,
      "p99" : 0.39977460600000003,
      "p999" : 0.39977460600000003,
      "stddev" : 0.11138029190787455,
      "m15_rate" : 0.008769262093121797,
      "m1_rate" : 1.2757272097760222E-10,
      "m5_rate" : 6.174444772930341E-4,
      "mean_rate" : 0.026596453112166813,
      "duration_units" : "seconds",
      "rate_units" : "calls/second"
    },
    "eu.domibus.core.message.MessagingServiceImpl.storeMessage.timer" : {
      "count" : 718162,
      "max" : 0.186452259,
      "mean" : 0.004715682652538835,
      "min" : 0.002337217,
      "p50" : 0.003863759,
      "p75" : 0.004443013,
      "p95" : 0.006425298,
      "p98" : 0.009448879,
      "p99" : 0.014193720000000002,
      "p999" : 0.175683539,
      "stddev" : 0.008301486946462813,
      "m15_rate" : 121.74932138247367,
      "m1_rate" : 126.80551386140364,
      "m5_rate" : 124.56064540029348,
      "mean_rate" : 118.19151719070405,
      "duration_units" : "seconds",
      "rate_units" : "calls/second"
    },
    "eu.domibus.core.message.UserMessageHandlerServiceImpl.handleNewUserMessage.timer" : {
      "count" : 359042,
      "max" : 0.28831162400000004,
      "mean" : 0.06409750681577832,
      "min" : 0.020708026,
      "p50" : 0.058297322000000006,
      "p75" : 0.07887643600000001,
      "p95" : 0.107669814,
      "p98" : 0.144037397,
      "p99" : 0.196280055,
      "p999" : 0.25294652500000003,
      "stddev" : 0.030157266564556567,
      "m15_rate" : 60.87221158548302,
      "m1_rate" : 63.48491420502735,
      "m5_rate" : 62.303720705609045,
      "mean_rate" : 59.08917625249789,
      "duration_units" : "seconds",
      "rate_units" : "calls/second"
    },
    "eu.domibus.core.message.UserMessageLogDao.deleteMessages.deleteMessageLogs.timer" : {
      "count" : 145,
      "max" : 0.22589054700000002,
      "mean" : 0.06834497119650515,
      "min" : 0.013553057,
      "p50" : 0.06417002100000001,
      "p75" : 0.094390254,
      "p95" : 0.09445896200000001,
      "p98" : 0.09445896200000001,
      "p99" : 0.09445896200000001,
      "p999" : 0.09445896200000001,
      "stddev" : 0.018662167327437012,
      "m15_rate" : 0.008783894077884654,
      "m1_rate" : 1.3310915632854334E-10,
      "m5_rate" : 6.218787275120419E-4,
      "mean_rate" : 0.026597522061101896,
      "duration_units" : "seconds",
      "rate_units" : "calls/second"
    },
    "eu.domibus.core.message.acknowledge.MessageAcknowledgementDao.deleteMessages.deleteMessageAcknowledgementsByMessageIds.timer" : {
      "count" : 145,
      "max" : 0.011262844000000001,
      "mean" : 0.002757987649920896,
      "min" : 0.0017853650000000001,
      "p50" : 0.002814964,
      "p75" : 0.0028955720000000003,
      "p95" : 0.004117286,
      "p98" : 0.004117286,
      "p99" : 0.004117286,
      "p999" : 0.004117286,
      "stddev" : 7.107700758722833E-4,
      "m15_rate" : 0.008783894077884654,
      "m1_rate" : 1.3310915632854334E-10,
      "m5_rate" : 6.218787275120419E-4,
      "mean_rate" : 0.02659783617399822,
      "duration_units" : "seconds",
      "rate_units" : "calls/second"
    },
    "eu.domibus.core.message.attempt.MessageAttemptDao.deleteMessages.deleteAttemptsByMessageIds.timer" : {
      "count" : 145,
      "max" : 0.009724302,
      "mean" : 0.003285495260478174,
      "min" : 0.002092094,
      "p50" : 0.003049786,
      "p75" : 0.0034271220000000003,
      "p95" : 0.005280295,
      "p98" : 0.005280295,
      "p99" : 0.005280295,
      "p999" : 0.005280295,
      "stddev" : 8.307470134202743E-4,
      "m15_rate" : 0.008783894077884654,
      "m1_rate" : 1.3310915632854334E-10,
      "m5_rate" : 6.218787275120419E-4,
      "mean_rate" : 0.0265976906296352,
      "duration_units" : "seconds",
      "rate_units" : "calls/second"
    },
    "eu.domibus.core.message.pull.IncomingPullRequestHandler.incoming_pull_request.timer" : {
      "count" : 8,
      "max" : 0.5287768500000001,
      "mean" : 0.013826028,
      "min" : 0.01362466,
      "p50" : 0.014027396000000001,
      "p75" : 0.014027396000000001,
      "p95" : 0.014027396000000001,
      "p98" : 0.014027396000000001,
      "p99" : 0.014027396000000001,
      "p999" : 0.014027396000000001,
      "stddev" : 2.01368E-4,
      "m15_rate" : 5.879958659858329E-4,
      "m1_rate" : 1.806343021404153E-26,
      "m5_rate" : 9.357613818253767E-8,
      "mean_rate" : 0.0011508372151260234,
      "duration_units" : "seconds",
      "rate_units" : "calls/second"
    },
    "eu.domibus.core.message.receipt.AS4ReceiptServiceImpl.generateReceipt.timer" : {
      "count" : 359031,
      "max" : 0.208215065,
      "mean" : 0.026679255148345602,
      "min" : 0.014429942000000001,
      "p50" : 0.022877428,
      "p75" : 0.028755975000000003,
      "p95" : 0.04600888,
      "p98" : 0.058089903000000005,
      "p99" : 0.07357074200000001,
      "p999" : 0.208215065,
      "stddev" : 0.016488827623216018,
      "m15_rate" : 60.872480943159154,
      "m1_rate" : 63.4752225527653,
      "m5_rate" : 62.30345400210082,
      "mean_rate" : 59.088700062598,
      "duration_units" : "seconds",
      "rate_units" : "calls/second"
    },
    "eu.domibus.core.message.retention.MessageRetentionDefaultService.schedule_deleteExpiredMessages.timer" : {
      "count" : 23,
      "max" : 10.347208436,
      "mean" : 10.339563420869078,
      "min" : 0.47981724000000003,
      "p50" : 10.347208436,
      "p75" : 10.347208436,
      "p95" : 10.347208436,
      "p98" : 10.347208436,
      "p99" : 10.347208436,
      "p999" : 10.347208436,
      "stddev" : 0.115346174388296,
      "m15_rate" : 0.0011942352917060587,
      "m1_rate" : 1.8434920015456753E-11,
      "m5_rate" : 7.909575710056016E-5,
      "mean_rate" : 0.003520233603337739,
      "duration_units" : "seconds",
      "rate_units" : "calls/second"
    },
    "eu.domibus.core.message.retention.RetentionListener.onMessage.deleteMessages.timer" : {
      "count" : 145,
      "max" : 6.701729759,
      "mean" : 2.541822478541944,
      "min" : 0.313984819,
      "p50" : 1.710701894,
      "p75" : 3.143875742,
      "p95" : 6.701729759,
      "p98" : 6.701729759,
      "p99" : 6.701729759,
      "p999" : 6.701729759,
      "stddev" : 1.738359463128423,
      "m15_rate" : 0.008787110964963499,
      "m1_rate" : 1.3311251627827317E-10,
      "m5_rate" : 6.222891195237922E-4,
      "mean_rate" : 0.026596376042748324,
      "duration_units" : "seconds",
      "rate_units" : "calls/second"
    },
    "eu.domibus.core.message.signal.SignalMessageDao.deleteMessages.deleteReceipts.timer" : {
      "count" : 145,
      "max" : 2.1517271360000003,
      "mean" : 0.5115793208723274,
      "min" : 0.026139125000000003,
      "p50" : 0.18700254400000002,
      "p75" : 0.680257517,
      "p95" : 2.1517271360000003,
      "p98" : 2.1517271360000003,
      "p99" : 2.1517271360000003,
      "p999" : 2.1517271360000003,
      "stddev" : 0.6768992378714496,
      "m15_rate" : 0.008783894077884654,
      "m1_rate" : 1.3310915632854334E-10,
      "m5_rate" : 6.218787275120419E-4,
      "mean_rate" : 0.026597391941916855,
      "duration_units" : "seconds",
      "rate_units" : "calls/second"
    },
    "eu.domibus.core.message.signal.SignalMessageLogDao.deleteMessages.deleteMessageLogs.timer" : {
      "count" : 145,
      "max" : 0.21624372800000002,
      "mean" : 0.0606469096440597,
      "min" : 0.020845633000000002,
      "p50" : 0.065111309,
      "p75" : 0.072675717,
      "p95" : 0.094137731,
      "p98" : 0.094137731,
      "p99" : 0.094137731,
      "p999" : 0.094137731,
      "stddev" : 0.018069227204102315,
      "m15_rate" : 0.008783894077884654,
      "m1_rate" : 1.3310915632854334E-10,
      "m5_rate" : 6.218787275120419E-4,
      "mean_rate" : 0.026597586347070892,
      "duration_units" : "seconds",
      "rate_units" : "calls/second"
    },
    "eu.domibus.core.plugin.handler.DatabaseMessageHandler.submit.timer" : {
      "count" : 359127,
      "max" : 0.328815795,
      "mean" : 0.061475661140682106,
      "min" : 0.007916237000000001,
      "p50" : 0.066743807,
      "p75" : 0.074216802,
      "p95" : 0.090831848,
      "p98" : 0.10735138400000001,
      "p99" : 0.12493031900000001,
      "p999" : 0.19384932900000001,
      "stddev" : 0.025923983889432473,
      "m15_rate" : 60.87764304107215,
      "m1_rate" : 63.40951656279597,
      "m5_rate" : 62.26097836645619,
      "mean_rate" : 59.465147661194706,
      "duration_units" : "seconds",
      "rate_units" : "calls/second"
    },
    "eu.domibus.core.plugin.notification.BackendNotificationService.notifyMessageReceived.timer" : {
      "count" : 359035,
      "max" : 0.295855527,
      "mean" : 0.029982864359877154,
      "min" : 3.34331E-4,
      "p50" : 0.025826302000000002,
      "p75" : 0.043936186,
      "p95" : 0.072189814,
      "p98" : 0.077459304,
      "p99" : 0.088242809,
      "p999" : 0.17853890600000002,
      "stddev" : 0.02358744317000175,
      "m15_rate" : 60.86931205808643,
      "m1_rate" : 63.437584809371,
      "m5_rate" : 62.29653195796263,
      "mean_rate" : 59.08869477442852,
      "duration_units" : "seconds",
      "rate_units" : "calls/second"
    },
    "eu.domibus.core.plugin.notification.PluginAsyncNotificationListener.onMessage.timer" : {
      "count" : 359143,
      "max" : 0.24224294000000002,
      "mean" : 0.061906925158436904,
      "min" : 0.008310573,
      "p50" : 0.066414077,
      "p75" : 0.074367216,
      "p95" : 0.087605848,
      "p98" : 0.109686901,
      "p99" : 0.125407564,
      "p999" : 0.21006454100000002,
      "stddev" : 0.02512958984501016,
      "m15_rate" : 60.881518747344025,
      "m1_rate" : 63.49415997772197,
      "m5_rate" : 62.26683499680742,
      "mean_rate" : 59.112134597144326,
      "duration_units" : "seconds",
      "rate_units" : "calls/second"
    },
    "eu.domibus.core.pmode.validation.validators.MessagePropertyValidator.validate.timer" : {
      "count" : 718162,
      "max" : 7.8E-6,
      "mean" : 1.3220344313916825E-6,
      "min" : 4.0000000000000003E-7,
      "p50" : 1.2000000000000002E-6,
      "p75" : 1.5E-6,
      "p95" : 2.1000000000000002E-6,
      "p98" : 2.3E-6,
      "p99" : 2.4000000000000003E-6,
      "p999" : 4.6E-6,
      "stddev" : 4.022889474621979E-7,
      "m15_rate" : 121.7489009903163,
      "m1_rate" : 126.81040716671804,
      "m5_rate" : 124.56178632503668,
      "mean_rate" : 118.1912939250922,
      "duration_units" : "seconds",
      "rate_units" : "calls/second"
    },
    "eu.domibus.core.replication.UIMessageDaoImpl.deleteMessages.deleteUIMessagesByMessageIds.timer" : {
      "count" : 290,
      "max" : 0.009789008,
      "mean" : 0.002621108532769875,
      "min" : 8.60079E-4,
      "p50" : 0.0026551490000000003,
      "p75" : 0.0028635680000000004,
      "p95" : 0.003566535,
      "p98" : 0.003566535,
      "p99" : 0.003566535,
      "p999" : 0.003566535,
      "stddev" : 4.7836718071684383E-4,
      "m15_rate" : 0.017567788155769308,
      "m1_rate" : 2.662183126570867E-10,
      "m5_rate" : 0.0012437574550240838,
      "mean_rate" : 0.05319554995091542,
      "duration_units" : "seconds",
      "rate_units" : "calls/second"
    },
    "eu.domibus.core.util.SoapUtil.logMessage.timer" : {
      "count" : 359035,
      "max" : 2.2702E-5,
      "mean" : 8.202229928250516E-7,
      "min" : 2.0000000000000002E-7,
      "p50" : 7.000000000000001E-7,
      "p75" : 9.000000000000001E-7,
      "p95" : 1.3010000000000001E-6,
      "p98" : 1.6000000000000001E-6,
      "p99" : 1.7E-6,
      "p999" : 2.2702E-5,
      "stddev" : 1.0306268215133555E-6,
      "m15_rate" : 60.86885654642681,
      "m1_rate" : 63.44980098930929,
      "m5_rate" : 62.294556336307714,
      "mean_rate" : 59.08804451271399,
      "duration_units" : "seconds",
      "rate_units" : "calls/second"
    },
    "eu.domibus.plugin.jms.JMSPluginImpl.deliverMessage.timer" : {
      "count" : 359143,
      "max" : 0.268237457,
      "mean" : 0.06198660763891096,
      "min" : 0.007605207,
      "p50" : 0.066462981,
      "p75" : 0.074072889,
      "p95" : 0.09258321100000001,
      "p98" : 0.125067032,
      "p99" : 0.17396818,
      "p999" : 0.201729769,
      "stddev" : 0.02774311138733225,
      "m15_rate" : 60.880495723831196,
      "m1_rate" : 63.48686659413859,
      "m5_rate" : 62.26404704025068,
      "mean_rate" : 59.11227991464088,
      "duration_units" : "seconds",
      "rate_units" : "calls/second"
    },
    "eu.domibus.plugin.jms.JMSPluginImpl.receiveMessage.timer" : {
      "count" : 359127,
      "max" : 0.492692037,
      "mean" : 0.1064499309942446,
      "min" : 0.008211663000000001,
      "p50" : 0.125230647,
      "p75" : 0.136961639,
      "p95" : 0.161782747,
      "p98" : 0.19618374600000002,
      "p99" : 0.20589725,
      "p999" : 0.290768256,
      "stddev" : 0.04964040241784433,
      "m15_rate" : 60.88263720992258,
      "m1_rate" : 63.44580230996138,
      "m5_rate" : 62.27522418178114,
      "mean_rate" : 59.46507079423528,
      "duration_units" : "seconds",
      "rate_units" : "calls/second"
    }
  }
}