{
  "version" : "4.0.0",
  "gauges" : { },
  "counters" : {
    "eu.domibus.core.ebms3.receiver.MSHWebservice.incoming_user_message.counter" : {
      "count" : 21
    },
    "eu.domibus.core.ebms3.receiver.handler.AbstractIncomingMessageHandler.processMessage.counter" : {
      "count" : 21
    },
    "eu.domibus.core.ebms3.receiver.handler.IncomingUserMessageHandler.around_handleNewUserMessage.counter.counter" : {
      "count" : 51
    },
    "eu.domibus.core.ebms3.sender.AbstractUserMessageSender.outgoing_user_message.counter" : {
      "count" : 0
    },
    "eu.domibus.core.ebms3.sender.MessageSenderListener.onMessage.counter" : {
      "count" : 0
    },
    "eu.domibus.core.ebms3.sender.MessageSenderService.sendUserMessage.counter" : {
      "count" : 0
    },
    "eu.domibus.core.ebms3.sender.client.MSHDispatcher.dispatch.counter" : {
      "count" : 0
    },
    "eu.domibus.core.error.ErrorLogDao.deleteMessages.deleteErrorLogsByMessageIdInError.counter" : {
      "count" : 0
    },
    "eu.domibus.core.message.MessageInfoDao.deleteMessages.counter" : {
      "count" : 0
    },
    "eu.domibus.core.message.MessageInfoDao.findSignalMessageIds.counter" : {
      "count" : 0
    },
    "eu.domibus.core.message.MessagingServiceImpl.storeMessage.counter" : {
      "count" : 0
    },
    "eu.domibus.core.message.UserMessageHandlerServiceImpl.handleNewUserMessage.counter" : {
      "count" : 10
    },
    "eu.domibus.core.message.UserMessageLogDao.deleteMessages.deleteMessageLogs.counter" : {
      "count" : 0
    },
    "eu.domibus.core.message.acknowledge.MessageAcknowledgementDao.deleteMessages.deleteMessageAcknowledgementsByMessageIds.counter" : {
      "count" : 0
    },
    "eu.domibus.core.message.attempt.MessageAttemptDao.deleteMessages.deleteAttemptsByMessageIds.counter" : {
      "count" : 0
    },
    "eu.domibus.core.message.pull.IncomingPullRequestHandler.incoming_pull_request.counter" : {
      "count" : 0
    },
    "eu.domibus.core.message.receipt.AS4ReceiptServiceImpl.generateReceipt.counter" : {
      "count" : 0
    },
    "eu.domibus.core.message.retention.MessageRetentionDefaultService.schedule_deleteExpiredMessages.counter" : {
      "count" : 0
    },
    "eu.domibus.core.message.retention.RetentionListener.onMessage.deleteMessages.counter" : {
      "count" : 0
    },
    "eu.domibus.core.message.signal.SignalMessageDao.deleteMessages.deleteReceipts.counter" : {
      "count" : 0
    },
    "eu.domibus.core.message.signal.SignalMessageLogDao.deleteMessages.deleteMessageLogs.counter" : {
      "count" : 0
    },
    "eu.domibus.core.plugin.handler.DatabaseMessageHandler.submit.counter" : {
      "count" : 2
    },
    "eu.domibus.core.plugin.notification.BackendNotificationService.notifyMessageReceived.counter" : {
      "count" : 10
    },
    "eu.domibus.core.plugin.notification.PluginAsyncNotificationListener.onMessage.counter" : {
      "count" : 9
    },
    "eu.domibus.core.pmode.validation.validators.MessagePropertyValidator.validate.counter" : {
      "count" : 0
    },
    "eu.domibus.core.replication.UIMessageDaoImpl.deleteMessages.deleteUIMessagesByMessageIds.counter" : {
      "count" : 0
    },
    "eu.domibus.core.util.SoapUtil.SoapUtil.counter" : {
      "count" : 0
    },
    "eu.domibus.plugin.jms.JMSPluginImpl.deliverMessage.counter" : {
      "count" : 9
    },
    "eu.domibus.plugin.jms.JMSPluginImpl.receiveMessage.counter" : {
      "count" : 7
    }
  },
  "histograms" : { },
  "meters" : { },
  "timers" : {
    "eu.domibus.core.ebms3.receiver.MSHWebservice.incoming_user_message.timer" : {
      "count" : 358493,
      "max" : 0.613354472,
      "mean" : 0.26552177929271087,
      "min" : 0.121594927,
      "p50" : 0.26976416400000003,
      "p75" : 0.29683626900000004,
      "p95" : 0.35576504600000003,
      "p98" : 0.39067929500000004,
      "p99" : 0.41929599100000003,
      "p999" : 0.502852274,
      "stddev" : 0.055306088621934674,
      "m15_rate" : 59.87098885735583,
      "m1_rate" : 60.729368609614895,
      "m5_rate" : 59.94817861417017,
      "mean_rate" : 59.01508833186782,
      "duration_units" : "seconds",
      "rate_units" : "calls/second"
    },
    "eu.domibus.core.ebms3.receiver.handler.AbstractIncomingMessageHandler.processMessage.timer" : {
      "count" : 358488,
      "max" : 0.792770371,
      "mean" : 0.2665288263718037,
      "min" : 0.119967238,
      "p50" : 0.26918126600000003,
      "p75" : 0.297066367,
      "p95" : 0.353611055,
      "p98" : 0.40460529500000003,
      "p99" : 0.43031670600000005,
      "p999" : 0.520573547,
      "stddev" : 0.05647054363568396,
      "m15_rate" : 59.87048780980618,
      "m1_rate" : 60.729241370139725,
      "m5_rate" : 59.947686827835476,
      "mean_rate" : 59.01429017711194,
      "duration_units" : "seconds",
      "rate_units" : "calls/second"
    },
    "eu.domibus.core.ebms3.receiver.handler.IncomingUserMessageHandler.around_handleNewUserMessage.timer.timer" : {
      "count" : 358458,
      "max" : 0.781347753,
      "mean" : 0.26542957916901955,
      "min" : 0.12570309600000001,
      "p50" : 0.266456786,
      "p75" : 0.29760996,
      "p95" : 0.359906714,
      "p98" : 0.407644074,
      "p99" : 0.421470175,
      "p999" : 0.50354917,
      "stddev" : 0.054962140840927154,
      "m15_rate" : 59.87414582905542,
      "m1_rate" : 60.79894031007786,
      "m5_rate" : 59.95921917467702,
      "mean_rate" : 59.01517306361183,
      "duration_units" : "seconds",
      "rate_units" : "calls/second"
    },
    "eu.domibus.core.ebms3.sender.AbstractUserMessageSender.outgoing_user_message.timer" : {
      "count" : 358716,
      "max" : 0.442339115,
      "mean" : 0.06130063315599763,
      "min" : 0.043154790000000005,
      "p50" : 0.058085981,
      "p75" : 0.064263239,
      "p95" : 0.074043168,
      "p98" : 0.104682648,
      "p99" : 0.17570843400000002,
      "p999" : 0.28596454800000004,
      "stddev" : 0.019881750149761235,
      "m15_rate" : 59.96672643410357,
      "m1_rate" : 60.740696176830326,
      "m5_rate" : 60.072370973127065,
      "mean_rate" : 59.39566195574481,
      "duration_units" : "seconds",
      "rate_units" : "calls/second"
    },
    "eu.domibus.core.ebms3.sender.MessageSenderListener.onMessage.timer" : {
      "count" : 358716,
      "max" : 0.28987932,
      "mean" : 0.06743762607143132,
      "min" : 0.048952348,
      "p50" : 0.064507537,
      "p75" : 0.070644792,
      "p95" : 0.08190591100000001,
      "p98" : 0.10306646000000001,
      "p99" : 0.163595025,
      "p999" : 0.28987932,
      "stddev" : 0.018440442889150335,
      "m15_rate" : 59.970331175016575,
      "m1_rate" : 60.80852989721945,
      "m5_rate" : 60.08340338511677,
      "mean_rate" : 59.395119762236455,
      "duration_units" : "seconds",
      "rate_units" : "calls/second"
    },
    "eu.domibus.core.ebms3.sender.MessageSenderService.sendUserMessage.timer" : {
      "count" : 358716,
      "max" : 0.21838743000000002,
      "mean" : 0.06605299490491831,
      "min" : 0.049442443,
      "p50" : 0.063858842,
      "p75" : 0.070104096,
      "p95" : 0.079542029,
      "p98" : 0.08615798000000001,
      "p99" : 0.15131571400000002,
      "p999" : 0.217621535,
      "stddev" : 0.014630004053615494,
      "m15_rate" : 59.969132568852984,
      "m1_rate" : 60.796385500266,
      "m5_rate" : 60.0796978330708,
      "mean_rate" : 59.39527821434363,
      "duration_units" : "seconds",
      "rate_units" : "calls/second"
    },
    "eu.domibus.core.ebms3.sender.client.MSHDispatcher.dispatch.timer" : {
      "count" : 358716,
      "max" : 0.439877141,
      "mean" : 0.05067039755215116,
      "min" : 0.036102841000000004,
      "p50" : 0.046940663,
      "p75" : 0.051964627000000006,
      "p95" : 0.06248555100000001,
      "p98" : 0.114862875,
      "p99" : 0.166839602,
      "p999" : 0.439877141,
      "stddev" : 0.023505377416480212,
      "m15_rate" : 59.963116747680594,
      "m1_rate" : 60.71075130171682,
      "m5_rate" : 60.06139406558811,
      "mean_rate" : 59.39790135273969,
      "duration_units" : "seconds",
      "rate_units" : "calls/second"
    },
    "eu.domibus.core.error.ErrorLogDao.deleteMessages.deleteErrorLogsByMessageIdInError.timer" : {
      "count" : 96,
      "max" : 0.014922433,
      "mean" : 0.0037284159645156003,
      "min" : 0.0021022890000000002,
      "p50" : 0.0030996780000000002,
      "p75" : 0.0043661690000000005,
      "p95" : 0.005849760000000001,
      "p98" : 0.005849760000000001,
      "p99" : 0.005849760000000001,
      "p999" : 0.005849760000000001,
      "stddev" : 0.0011635723280721494,
      "m15_rate" : 0.01388306090088488,
      "m1_rate" : 1.083411591138741E-12,
      "m5_rate" : 3.866699341721079E-4,
      "mean_rate" : 0.01955214140759843,
      "duration_units" : "seconds",
      "rate_units" : "calls/second"
    },
    "eu.domibus.core.message.MessageInfoDao.deleteMessages.timer" : {
      "count" : 192,
      "max" : 3.2207716320000004,
      "mean" : 0.633677033243863,
      "min" : 0.127043337,
      "p50" : 0.438426937,
      "p75" : 1.0053936780000001,
      "p95" : 1.0729646910000001,
      "p98" : 1.1849660080000002,
      "p99" : 1.249943543,
      "p999" : 1.2875642900000002,
      "stddev" : 0.38906978189878416,
      "m15_rate" : 0.027627108238829776,
      "m1_rate" : 2.0210261252931654E-12,
      "m5_rate" : 7.633228141741509E-4,
      "mean_rate" : 0.03908940949812368,
      "duration_units" : "seconds",
      "rate_units" : "calls/second"
    },
    "eu.domibus.core.message.MessageInfoDao.findSignalMessageIds.timer" : {
      "count" : 96,
      "max" : 0.5832753740000001,
      "mean" : 0.11974195956218645,
      "min" : 0.07371184600000001,
      "p50" : 0.11329090800000001,
      "p75" : 0.135529653,
      "p95" : 0.173127887,
      "p98" : 0.361765369,
      "p99" : 0.361765369,
      "p999" : 0.37185719500000003,
      "stddev" : 0.047694905210478325,
      "m15_rate" : 0.013807364314604177,
      "m1_rate" : 9.984740113895904E-13,
      "m5_rate" : 3.806070673946808E-4,
      "mean_rate" : 0.019543583047334664,
      "duration_units" : "seconds",
      "rate_units" : "calls/second"
    },
    "eu.domibus.core.message.MessagingServiceImpl.storeMessage.timer" : {
      "count" : 717247,
      "max" : 0.156096078,
      "mean" : 0.006155993187889839,
      "min" : 0.0032610770000000002,
      "p50" : 0.005042264,
      "p75" : 0.005756759,
      "p95" : 0.009925929,
      "p98" : 0.012634009000000002,
      "p99" : 0.014799293000000002,
      "p999" : 0.15567798100000002,
      "stddev" : 0.0078066785109608405,
      "m15_rate" : 119.83037313018775,
      "m1_rate" : 121.68511824683416,
      "m5_rate" : 120.03563031344133,
      "mean_rate" : 118.08535190361022,
      "duration_units" : "seconds",
      "rate_units" : "calls/second"
    },
    "eu.domibus.core.message.UserMessageHandlerServiceImpl.handleNewUserMessage.timer" : {
      "count" : 358499,
      "max" : 0.278265988,
      "mean" : 0.06775653176252233,
      "min" : 0.025796815,
      "p50" : 0.06306874800000001,
      "p75" : 0.08034922300000001,
      "p95" : 0.117534256,
      "p98" : 0.137778111,
      "p99" : 0.17732472700000002,
      "p999" : 0.228682559,
      "stddev" : 0.028123373025464027,
      "m15_rate" : 59.8730625608053,
      "m1_rate" : 60.80879147986008,
      "m5_rate" : 59.95878168692975,
      "mean_rate" : 59.02190807000756,
      "duration_units" : "seconds",
      "rate_units" : "calls/second"
    },
    "eu.domibus.core.message.UserMessageLogDao.deleteMessages.deleteMessageLogs.timer" : {
      "count" : 96,
      "max" : 0.20956110500000003,
      "mean" : 0.066039366778416,
      "min" : 0.046302247000000005,
      "p50" : 0.06619493700000001,
      "p75" : 0.077128762,
      "p95" : 0.081961427,
      "p98" : 0.09102676300000001,
      "p99" : 0.097568716,
      "p999" : 0.10865793900000001,
      "stddev" : 0.011995689693798653,
      "m15_rate" : 0.013807117235625166,
      "m1_rate" : 9.980205893597871E-13,
      "m5_rate" : 3.8049481715555974E-4,
      "mean_rate" : 0.0195512193394163,
      "duration_units" : "seconds",
      "rate_units" : "calls/second"
    },
    "eu.domibus.core.message.acknowledge.MessageAcknowledgementDao.deleteMessages.deleteMessageAcknowledgementsByMessageIds.timer" : {
      "count" : 96,
      "max" : 0.022106401,
      "mean" : 0.003263510314362281,
      "min" : 0.0019260870000000002,
      "p50" : 0.002718781,
      "p75" : 0.004022072000000001,
      "p95" : 0.005333463,
      "p98" : 0.005333463,
      "p99" : 0.005333463,
      "p999" : 0.005333463,
      "stddev" : 0.0010922485369984421,
      "m15_rate" : 0.01388306090088488,
      "m1_rate" : 1.083411591138741E-12,
      "m5_rate" : 3.866699341721079E-4,
      "mean_rate" : 0.019552295344844338,
      "duration_units" : "seconds",
      "rate_units" : "calls/second"
    },
    "eu.domibus.core.message.attempt.MessageAttemptDao.deleteMessages.deleteAttemptsByMessageIds.timer" : {
      "count" : 96,
      "max" : 0.016787625,
      "mean" : 0.0034424460164337606,
      "min" : 0.002407283,
      "p50" : 0.003359677,
      "p75" : 0.003917472,
      "p95" : 0.004759667,
      "p98" : 0.004759667,
      "p99" : 0.004759667,
      "p999" : 0.0058765580000000005,
      "stddev" : 7.59639794879707E-4,
      "m15_rate" : 0.01388306090088488,
      "m1_rate" : 1.083411591138741E-12,
      "m5_rate" : 3.866699341721079E-4,
      "mean_rate" : 0.019552070884731744,
      "duration_units" : "seconds",
      "rate_units" : "calls/second"
    },
    "eu.domibus.core.message.pull.IncomingPullRequestHandler.incoming_pull_request.timer" : {
      "count" : 5,
      "max" : 0.149561412,
      "mean" : 0.08450584117088691,
      "min" : 0.010796407000000001,
      "p50" : 0.10678628100000001,
      "p75" : 0.148605321,
      "p95" : 0.149561412,
      "p98" : 0.149561412,
      "p99" : 0.149561412,
      "p999" : 0.149561412,
      "stddev" : 0.06280453752499261,
      "m15_rate" : 0.024314882521381597,
      "m1_rate" : 6.138787977370702E-25,
      "m5_rate" : 1.4375287090029115E-5,
      "mean_rate" : 0.0014918415142999315,
      "duration_units" : "seconds",
      "rate_units" : "calls/second"
    },
    "eu.domibus.core.message.receipt.AS4ReceiptServiceImpl.generateReceipt.timer" : {
      "count" : 358487,
      "max" : 0.186271863,
      "mean" : 0.03019734668907938,
      "min" : 0.017089577,
      "p50" : 0.026806208,
      "p75" : 0.033062363000000004,
      "p95" : 0.049229146,
      "p98" : 0.060968062,
      "p99" : 0.076195753,
      "p999" : 0.186271863,
      "stddev" : 0.013803183533965526,
      "m15_rate" : 59.87170621682129,
      "m1_rate" : 60.79611624399673,
      "m5_rate" : 59.954296830919546,
      "mean_rate" : 59.021794756471955,
      "duration_units" : "seconds",
      "rate_units" : "calls/second"
    },
    "eu.domibus.core.message.retention.MessageRetentionDefaultService.schedule_deleteExpiredMessages.timer" : {
      "count" : 18,
      "max" : 9.979755262000001,
      "mean" : 8.215585728853672,
      "min" : 0.22445804700000002,
      "p50" : 7.846554492,
      "p75" : 7.846554492,
      "p95" : 9.979755262000001,
      "p98" : 9.979755262000001,
      "p99" : 9.979755262000001,
      "p999" : 9.979755262000001,
      "stddev" : 0.7688788901399934,
      "m15_rate" : 9.698545453357528E-4,
      "m1_rate" : 1.3513541457507654E-13,
      "m5_rate" : 4.823128474896392E-5,
      "mean_rate" : 0.002588623496285912,
      "duration_units" : "seconds",
      "rate_units" : "calls/second"
    },
    "eu.domibus.core.message.retention.RetentionListener.onMessage.deleteMessages.timer" : {
      "count" : 96,
      "max" : 5.641026311,
      "mean" : 1.8222742019539377,
      "min" : 1.544505672,
      "p50" : 1.7897558990000002,
      "p75" : 1.8744548070000002,
      "p95" : 2.097792419,
      "p98" : 2.207932349,
      "p99" : 2.207932349,
      "p999" : 2.5121917000000002,
      "stddev" : 0.16996696125321759,
      "m15_rate" : 0.013820214529742091,
      "m1_rate" : 1.0292012206871302E-12,
      "m5_rate" : 3.8264170997316275E-4,
      "mean_rate" : 0.01954345824361558,
      "duration_units" : "seconds",
      "rate_units" : "calls/second"
    },
    "eu.domibus.core.message.signal.SignalMessageDao.deleteMessages.deleteReceipts.timer" : {
      "count" : 96,
      "max" : 1.861955083,
      "mean" : 0.20667395551378087,
      "min" : 0.1548962,
      "p50" : 0.197717219,
      "p75" : 0.228492304,
      "p95" : 0.233371767,
      "p98" : 0.241761206,
      "p99" : 0.265510242,
      "p999" : 0.265510242,
      "stddev" : 0.02116205012085332,
      "m15_rate" : 0.013808156597581311,
      "m1_rate" : 9.984744812907147E-13,
      "m5_rate" : 3.8067217775216187E-4,
      "mean_rate" : 0.01955011628594896,
      "duration_units" : "seconds",
      "rate_units" : "calls/second"
    },
    "eu.domibus.core.message.signal.SignalMessageLogDao.deleteMessages.deleteMessageLogs.timer" : {
      "count" : 96,
      "max" : 0.268937464,
      "mean" : 0.06115948820792823,
      "min" : 0.040056338000000004,
      "p50" : 0.058018694,
      "p75" : 0.075298373,
      "p95" : 0.08895657900000001,
      "p98" : 0.090294569,
      "p99" : 0.10522416300000001,
      "p999" : 0.10522416300000001,
      "stddev" : 0.0160821034454995,
      "m15_rate" : 0.013807117235625166,
      "m1_rate" : 9.980205893597871E-13,
      "m5_rate" : 3.8049481715555974E-4,
      "mean_rate" : 0.01955174158719815,
      "duration_units" : "seconds",
      "rate_units" : "calls/second"
    },
    "eu.domibus.core.plugin.handler.DatabaseMessageHandler.submit.timer" : {
      "count" : 358748,
      "max" : 0.24841310500000002,
      "mean" : 0.06018273157455404,
      "min" : 0.009231834000000001,
      "p50" : 0.06523533200000001,
      "p75" : 0.073429673,
      "p95" : 0.092455936,
      "p98" : 0.115442072,
      "p99" : 0.126515192,
      "p999" : 0.184579775,
      "stddev" : 0.02710092231540355,
      "m15_rate" : 59.964158033894776,
      "m1_rate" : 60.808630664284614,
      "m5_rate" : 60.07061887235113,
      "mean_rate" : 59.39731191986254,
      "duration_units" : "seconds",
      "rate_units" : "calls/second"
    },
    "eu.domibus.core.plugin.notification.BackendNotificationService.notifyMessageReceived.timer" : {
      "count" : 358487,
      "max" : 0.24006046600000003,
      "mean" : 0.028507728594863967,
      "min" : 4.92696E-4,
      "p50" : 0.024401125000000003,
      "p75" : 0.0418115,
      "p95" : 0.067470915,
      "p98" : 0.079516529,
      "p99" : 0.101332872,
      "p999" : 0.13372013900000002,
      "stddev" : 0.021932944973886717,
      "m15_rate" : 59.87236452286672,
      "m1_rate" : 60.816415107351915,
      "m5_rate" : 59.957614557729244,
      "mean_rate" : 59.02083251215737,
      "duration_units" : "seconds",
      "rate_units" : "calls/second"
    },
    "eu.domibus.core.plugin.notification.PluginAsyncNotificationListener.onMessage.timer" : {
      "count" : 358765,
      "max" : 0.23041533700000003,
      "mean" : 0.05954289180682461,
      "min" : 0.009349732000000001,
      "p50" : 0.06573862800000001,
      "p75" : 0.074566565,
      "p95" : 0.09406782400000001,
      "p98" : 0.119501542,
      "p99" : 0.12637489300000002,
      "p999" : 0.190040636,
      "stddev" : 0.027891035030496895,
      "m15_rate" : 59.95520000356173,
      "m1_rate" : 60.93093887344727,
      "m5_rate" : 60.066055528111534,
      "mean_rate" : 59.071754228162646,
      "duration_units" : "seconds",
      "rate_units" : "calls/second"
    },
    "eu.domibus.core.pmode.validation.validators.MessagePropertyValidator.validate.timer" : {
      "count" : 717247,
      "max" : 1.0120000000000001E-4,
      "mean" : 1.7675430714147542E-6,
      "min" : 6.000000000000001E-7,
      "p50" : 1.2000000000000002E-6,
      "p75" : 1.6000000000000001E-6,
      "p95" : 2.5E-6,
      "p98" : 3.0E-6,
      "p99" : 1.18E-5,
      "p999" : 8.4899E-5,
      "stddev" : 4.803142800449789E-6,
      "m15_rate" : 119.83099942769127,
      "m1_rate" : 121.6931841546178,
      "m5_rate" : 120.03740842430146,
      "mean_rate" : 118.08506149958117,
      "duration_units" : "seconds",
      "rate_units" : "calls/second"
    },
    "eu.domibus.core.replication.UIMessageDaoImpl.deleteMessages.deleteUIMessagesByMessageIds.timer" : {
      "count" : 192,
      "max" : 0.018841515,
      "mean" : 0.0031289287977223504,
      "min" : 0.0017871900000000001,
      "p50" : 0.0025008820000000003,
      "p75" : 0.003467476,
      "p95" : 0.007596346,
      "p98" : 0.007596346,
      "p99" : 0.007596346,
      "p999" : 0.007596346,
      "stddev" : 0.0014137112365997895,
      "m15_rate" : 0.02776612180176976,
      "m1_rate" : 2.166823182277482E-12,
      "m5_rate" : 7.733398683442158E-4,
      "mean_rate" : 0.03910438176746726,
      "duration_units" : "seconds",
      "rate_units" : "calls/second"
    },
    "eu.domibus.core.util.SoapUtil.logMessage.timer" : {
      "count" : 358497,
      "max" : 1.6400000000000002E-5,
      "mean" : 9.403068621823444E-7,
      "min" : 2.0000000000000002E-7,
      "p50" : 8.000000000000001E-7,
      "p75" : 1.2000000000000002E-6,
      "p95" : 1.6000000000000001E-6,
      "p98" : 1.7E-6,
      "p99" : 1.8000000000000001E-6,
      "p999" : 1.34E-5,
      "stddev" : 6.222499006312005E-7,
      "m15_rate" : 59.871937003903355,
      "m1_rate" : 60.831056520966904,
      "m5_rate" : 59.95640891559626,
      "mean_rate" : 59.02161947889214,
      "duration_units" : "seconds",
      "rate_units" : "calls/second"
    },
    "eu.domibus.plugin.jms.JMSPluginImpl.deliverMessage.timer" : {
      "count" : 358765,
      "max" : 0.21144716900000002,
      "mean" : 0.05948614158168081,
      "min" : 0.008997136000000001,
      "p50" : 0.065786728,
      "p75" : 0.074411764,
      "p95" : 0.091243945,
      "p98" : 0.106540835,
      "p99" : 0.12113973,
      "p999" : 0.1950552,
      "stddev" : 0.027036300123143946,
      "m15_rate" : 59.954314662403796,
      "m1_rate" : 60.913194254640565,
      "m5_rate" : 60.06349370028292,
      "mean_rate" : 59.071884025500005,
      "duration_units" : "seconds",
      "rate_units" : "calls/second"
    },
    "eu.domibus.plugin.jms.JMSPluginImpl.receiveMessage.timer" : {
      "count" : 358743,
      "max" : 0.353092146,
      "mean" : 0.09718636998628251,
      "min" : 0.011212519,
      "p50" : 0.11509967400000001,
      "p75" : 0.136880618,
      "p95" : 0.17389945,
      "p98" : 0.18545286900000002,
      "p99" : 0.192834516,
      "p999" : 0.22415447900000002,
      "stddev" : 0.051614175996122925,
      "m15_rate" : 59.95890136533153,
      "m1_rate" : 60.708123417694566,
      "m5_rate" : 60.05119104095039,
      "mean_rate" : 59.395898669730926,
      "duration_units" : "seconds",
      "rate_units" : "calls/second"
    }
  }
}