{
  "version" : "4.0.0",
  "gauges" : { },
  "counters" : {
    "eu.domibus.core.ebms3.receiver.MSHWebservice.incoming_user_message.counter" : {
      "count" : 13
    },
    "eu.domibus.core.ebms3.receiver.handler.AbstractIncomingMessageHandler.processMessage.counter" : {
      "count" : 13
    },
    "eu.domibus.core.ebms3.receiver.handler.IncomingUserMessageHandler.around_handleNewUserMessage.counter.counter" : {
      "count" : 43
    },
    "eu.domibus.core.ebms3.sender.AbstractUserMessageSender.outgoing_user_message.counter" : {
      "count" : 4
    },
    "eu.domibus.core.ebms3.sender.MessageSenderListener.onMessage.counter" : {
      "count" : 4
    },
    "eu.domibus.core.ebms3.sender.MessageSenderService.sendUserMessage.counter" : {
      "count" : 4
    },
    "eu.domibus.core.ebms3.sender.client.MSHDispatcher.dispatch.counter" : {
      "count" : 4
    },
    "eu.domibus.core.error.ErrorLogDao.deleteMessages.deleteErrorLogsByMessageIdInError.counter" : {
      "count" : 0
    },
    "eu.domibus.core.message.MessageInfoDao.deleteMessages.counter" : {
      "count" : 0
    },
    "eu.domibus.core.message.MessageInfoDao.findSignalMessageIds.counter" : {
      "count" : 0
    },
    "eu.domibus.core.message.MessagingServiceImpl.storeMessage.counter" : {
      "count" : 0
    },
    "eu.domibus.core.message.UserMessageHandlerServiceImpl.handleNewUserMessage.counter" : {
      "count" : 0
    },
    "eu.domibus.core.message.UserMessageLogDao.deleteMessages.deleteMessageLogs.counter" : {
      "count" : 0
    },
    "eu.domibus.core.message.acknowledge.MessageAcknowledgementDao.deleteMessages.deleteMessageAcknowledgementsByMessageIds.counter" : {
      "count" : 0
    },
    "eu.domibus.core.message.attempt.MessageAttemptDao.deleteMessages.deleteAttemptsByMessageIds.counter" : {
      "count" : 0
    },
    "eu.domibus.core.message.pull.IncomingPullRequestHandler.incoming_pull_request.counter" : {
      "count" : 0
    },
    "eu.domibus.core.message.receipt.AS4ReceiptServiceImpl.generateReceipt.counter" : {
      "count" : 0
    },
    "eu.domibus.core.message.retention.MessageRetentionDefaultService.schedule_deleteExpiredMessages.counter" : {
      "count" : 0
    },
    "eu.domibus.core.message.retention.RetentionListener.onMessage.deleteMessages.counter" : {
      "count" : 0
    },
    "eu.domibus.core.message.signal.SignalMessageDao.deleteMessages.deleteReceipts.counter" : {
      "count" : 0
    },
    "eu.domibus.core.message.signal.SignalMessageLogDao.deleteMessages.deleteMessageLogs.counter" : {
      "count" : 0
    },
    "eu.domibus.core.plugin.handler.DatabaseMessageHandler.submit.counter" : {
      "count" : 0
    },
    "eu.domibus.core.plugin.notification.BackendNotificationService.notifyMessageReceived.counter" : {
      "count" : 0
    },
    "eu.domibus.core.plugin.notification.PluginAsyncNotificationListener.onMessage.counter" : {
      "count" : 0
    },
    "eu.domibus.core.pmode.validation.validators.MessagePropertyValidator.validate.counter" : {
      "count" : 0
    },
    "eu.domibus.core.replication.UIMessageDaoImpl.deleteMessages.deleteUIMessagesByMessageIds.counter" : {
      "count" : 0
    },
    "eu.domibus.core.util.SoapUtil.SoapUtil.counter" : {
      "count" : 0
    },
    "eu.domibus.plugin.jms.JMSPluginImpl.deliverMessage.counter" : {
      "count" : 0
    },
    "eu.domibus.plugin.jms.JMSPluginImpl.receiveMessage.counter" : {
      "count" : 0
    }
  },
  "histograms" : { },
  "meters" : { },
  "timers" : {
    "eu.domibus.core.ebms3.receiver.MSHWebservice.incoming_user_message.timer" : {
      "count" : 361242,
      "max" : 0.711535605,
      "mean" : 0.20939147656621865,
      "min" : 0.110962738,
      "p50" : 0.204332647,
      "p75" : 0.23312892000000002,
      "p95" : 0.308714098,
      "p98" : 0.364330619,
      "p99" : 0.378501003,
      "p999" : 0.508696684,
      "stddev" : 0.055343197429289524,
      "m15_rate" : 60.74720565502259,
      "m1_rate" : 55.661838238559056,
      "m5_rate" : 59.69759277741005,
      "mean_rate" : 51.9650903138823,
      "duration_units" : "seconds",
      "rate_units" : "calls/second"
    },
    "eu.domibus.core.ebms3.receiver.handler.AbstractIncomingMessageHandler.processMessage.timer" : {
      "count" : 361236,
      "max" : 0.610741304,
      "mean" : 0.2119155001091757,
      "min" : 0.115944001,
      "p50" : 0.207347985,
      "p75" : 0.23600815700000002,
      "p95" : 0.31378816400000004,
      "p98" : 0.36275139900000003,
      "p99" : 0.38218305100000005,
      "p999" : 0.534571816,
      "stddev" : 0.054433184132857235,
      "m15_rate" : 60.73747912019862,
      "m1_rate" : 55.52078580762756,
      "m5_rate" : 59.65632497311907,
      "mean_rate" : 59.45648928810748,
      "duration_units" : "seconds",
      "rate_units" : "calls/second"
    },
    "eu.domibus.core.ebms3.receiver.handler.IncomingUserMessageHandler.around_handleNewUserMessage.timer.timer" : {
      "count" : 361206,
      "max" : 0.6672328200000001,
      "mean" : 0.21177715748695736,
      "min" : 0.11883534000000001,
      "p50" : 0.207137182,
      "p75" : 0.236922967,
      "p95" : 0.311767738,
      "p98" : 0.35677392100000005,
      "p99" : 0.36795066400000004,
      "p999" : 0.498896657,
      "stddev" : 0.05425815742236318,
      "m15_rate" : 60.7414458375877,
      "m1_rate" : 55.587809739145975,
      "m5_rate" : 59.67105898547022,
      "mean_rate" : 59.451794747904394,
      "duration_units" : "seconds",
      "rate_units" : "calls/second"
    },
    "eu.domibus.core.ebms3.sender.AbstractUserMessageSender.outgoing_user_message.timer" : {
      "count" : 360378,
      "max" : 0.470896099,
      "mean" : 0.055247669817442044,
      "min" : 0.040371123,
      "p50" : 0.052456180000000005,
      "p75" : 0.057482945,
      "p95" : 0.066205157,
      "p98" : 0.072487139,
      "p99" : 0.147489311,
      "p999" : 0.355792508,
      "stddev" : 0.020627797674386595,
      "m15_rate" : 60.735995159861986,
      "m1_rate" : 55.90921220985517,
      "m5_rate" : 59.80310366021339,
      "mean_rate" : 59.67575357574727,
      "duration_units" : "seconds",
      "rate_units" : "calls/second"
    },
    "eu.domibus.core.ebms3.sender.MessageSenderListener.onMessage.timer" : {
      "count" : 360378,
      "max" : 0.479775015,
      "mean" : 0.06211455333369012,
      "min" : 0.046666805000000006,
      "p50" : 0.058105853000000006,
      "p75" : 0.06329842000000001,
      "p95" : 0.074669767,
      "p98" : 0.14714570500000002,
      "p99" : 0.178852217,
      "p999" : 0.479775015,
      "stddev" : 0.024025365005016924,
      "m15_rate" : 60.732788384250384,
      "m1_rate" : 55.87999380106795,
      "m5_rate" : 59.79546522625613,
      "mean_rate" : 59.674545973113645,
      "duration_units" : "seconds",
      "rate_units" : "calls/second"
    },
    "eu.domibus.core.ebms3.sender.MessageSenderService.sendUserMessage.timer" : {
      "count" : 360378,
      "max" : 0.47529315600000005,
      "mean" : 0.060644879509831766,
      "min" : 0.04476518,
      "p50" : 0.057463244000000004,
      "p75" : 0.062272106,
      "p95" : 0.07216723500000001,
      "p98" : 0.109209412,
      "p99" : 0.166522357,
      "p999" : 0.219420941,
      "stddev" : 0.02047397971534558,
      "m15_rate" : 60.73164531951176,
      "m1_rate" : 55.86272661852246,
      "m5_rate" : 59.791621294614,
      "mean_rate" : 59.67476328327991,
      "duration_units" : "seconds",
      "rate_units" : "calls/second"
    },
    "eu.domibus.core.ebms3.sender.client.MSHDispatcher.dispatch.timer" : {
      "count" : 360378,
      "max" : 0.21836792900000002,
      "mean" : 0.04812938558684203,
      "min" : 0.034446246,
      "p50" : 0.045036384000000006,
      "p75" : 0.048952134,
      "p95" : 0.058243354000000004,
      "p98" : 0.13560265700000002,
      "p99" : 0.156142523,
      "p999" : 0.21836792900000002,
      "stddev" : 0.018706888690286742,
      "m15_rate" : 60.73590858437676,
      "m1_rate" : 55.91930723658646,
      "m5_rate" : 59.80255353869749,
      "mean_rate" : 59.67725887854462,
      "duration_units" : "seconds",
      "rate_units" : "calls/second"
    },
    "eu.domibus.core.error.ErrorLogDao.deleteMessages.deleteErrorLogsByMessageIdInError.timer" : {
      "count" : 72,
      "max" : 0.014011987,
      "mean" : 0.00345569576295008,
      "min" : 0.002016627,
      "p50" : 0.003359644,
      "p75" : 0.0037009480000000003,
      "p95" : 0.004264955,
      "p98" : 0.005081866,
      "p99" : 0.005081866,
      "p999" : 0.005081866,
      "stddev" : 4.90915871552868E-4,
      "m15_rate" : 0.0104061123984475,
      "m1_rate" : 1.045774849424453E-18,
      "m5_rate" : 1.8476511735523277E-5,
      "mean_rate" : 0.015222074110009176,
      "duration_units" : "seconds",
      "rate_units" : "calls/second"
    },
    "eu.domibus.core.message.MessageInfoDao.deleteMessages.timer" : {
      "count" : 144,
      "max" : 1.349967211,
      "mean" : 0.6660902693426077,
      "min" : 0.135606679,
      "p50" : 0.453628699,
      "p75" : 1.076422996,
      "p95" : 1.178819124,
      "p98" : 1.25438471,
      "p99" : 1.25438471,
      "p999" : 1.25438471,
      "stddev" : 0.41498574478301203,
      "m15_rate" : 0.02070119531039961,
      "m1_rate" : 1.9602193528085093E-18,
      "m5_rate" : 3.6459591716944734E-5,
      "mean_rate" : 0.030432226326753117,
      "duration_units" : "seconds",
      "rate_units" : "calls/second"
    },
    "eu.domibus.core.message.MessageInfoDao.findSignalMessageIds.timer" : {
      "count" : 72,
      "max" : 0.39905192700000003,
      "mean" : 0.14293418142265493,
      "min" : 0.086860029,
      "p50" : 0.135877867,
      "p75" : 0.187959644,
      "p95" : 0.24027582400000003,
      "p98" : 0.24027582400000003,
      "p99" : 0.24027582400000003,
      "p999" : 0.24027582400000003,
      "stddev" : 0.05123925319549547,
      "m15_rate" : 0.010348207141815707,
      "m1_rate" : 9.545785577163267E-19,
      "m5_rate" : 1.815296023635633E-5,
      "mean_rate" : 0.015215312487862086,
      "duration_units" : "seconds",
      "rate_units" : "calls/second"
    },
    "eu.domibus.core.message.MessagingServiceImpl.storeMessage.timer" : {
      "count" : 721650,
      "max" : 0.062685112,
      "mean" : 0.00487968572149185,
      "min" : 0.0027022350000000003,
      "p50" : 0.004377257,
      "p75" : 0.004916463,
      "p95" : 0.006297782,
      "p98" : 0.00926592,
      "p99" : 0.01388808,
      "p999" : 0.062685112,
      "stddev" : 0.0038781534010080936,
      "m15_rate" : 121.41043544290832,
      "m1_rate" : 111.25376596451254,
      "m5_rate" : 119.32621174194291,
      "mean_rate" : 118.77847846387618,
      "duration_units" : "seconds",
      "rate_units" : "calls/second"
    },
    "eu.domibus.core.message.UserMessageHandlerServiceImpl.handleNewUserMessage.timer" : {
      "count" : 361249,
      "max" : 0.334651731,
      "mean" : 0.04383056702081283,
      "min" : 0.021533179000000003,
      "p50" : 0.034499847,
      "p75" : 0.050307052000000005,
      "p95" : 0.09033817000000001,
      "p98" : 0.109350717,
      "p99" : 0.138971997,
      "p999" : 0.21222015000000002,
      "stddev" : 0.024235308318853375,
      "m15_rate" : 60.73428231279661,
      "m1_rate" : 55.56598281597074,
      "m5_rate" : 59.6524914870921,
      "mean_rate" : 59.45885630996996,
      "duration_units" : "seconds",
      "rate_units" : "calls/second"
    },
    "eu.domibus.core.message.UserMessageLogDao.deleteMessages.deleteMessageLogs.timer" : {
      "count" : 72,
      "max" : 0.17933796400000002,
      "mean" : 0.0742920339749442,
      "min" : 0.051570376,
      "p50" : 0.075921087,
      "p75" : 0.081274856,
      "p95" : 0.090948582,
      "p98" : 0.090948582,
      "p99" : 0.090948582,
      "p999" : 0.090948582,
      "stddev" : 0.010940126609419832,
      "m15_rate" : 0.01034864326153653,
      "m1_rate" : 9.621593249377793E-19,
      "m5_rate" : 1.8172553032366343E-5,
      "mean_rate" : 0.015221511052707219,
      "duration_units" : "seconds",
      "rate_units" : "calls/second"
    },
    "eu.domibus.core.message.acknowledge.MessageAcknowledgementDao.deleteMessages.deleteMessageAcknowledgementsByMessageIds.timer" : {
      "count" : 72,
      "max" : 0.012557867,
      "mean" : 0.0029497319436435653,
      "min" : 0.0019223250000000001,
      "p50" : 0.0032042420000000004,
      "p75" : 0.003315943,
      "p95" : 0.0036398470000000003,
      "p98" : 0.004024052,
      "p99" : 0.004024052,
      "p999" : 0.004024052,
      "stddev" : 5.540962516004432E-4,
      "m15_rate" : 0.010406030026072322,
      "m1_rate" : 1.0457748494243462E-18,
      "m5_rate" : 1.847637972030218E-5,
      "mean_rate" : 0.015222202350979003,
      "duration_units" : "seconds",
      "rate_units" : "calls/second"
    },
    "eu.domibus.core.message.attempt.MessageAttemptDao.deleteMessages.deleteAttemptsByMessageIds.timer" : {
      "count" : 72,
      "max" : 0.018284944,
      "mean" : 0.0034392135285265767,
      "min" : 0.002432932,
      "p50" : 0.0035765470000000002,
      "p75" : 0.003991952,
      "p95" : 0.004374557,
      "p98" : 0.004888564000000001,
      "p99" : 0.004888564000000001,
      "p999" : 0.004888564000000001,
      "stddev" : 6.497556698820715E-4,
      "m15_rate" : 0.0104061123984475,
      "m1_rate" : 1.045774849424453E-18,
      "m5_rate" : 1.8476511735523277E-5,
      "mean_rate" : 0.01522201206545188,
      "duration_units" : "seconds",
      "rate_units" : "calls/second"
    },
    "eu.domibus.core.message.pull.IncomingPullRequestHandler.incoming_pull_request.timer" : {
      "count" : 6,
      "max" : 0.48937461000000004,
      "mean" : 0.029669991039223322,
      "min" : 0.010040529000000001,
      "p50" : 0.010642337,
      "p75" : 0.014125481,
      "p95" : 0.086060706,
      "p98" : 0.086060706,
      "p99" : 0.086060706,
      "p999" : 0.086060706,
      "stddev" : 0.03195062262596501,
      "m15_rate" : 2.859035590826722E-4,
      "m1_rate" : 3.926643089577171E-26,
      "m5_rate" : 1.9011740712265082E-7,
      "mean_rate" : 8.631073335659402E-4,
      "duration_units" : "seconds",
      "rate_units" : "calls/second"
    },
    "eu.domibus.core.message.receipt.AS4ReceiptServiceImpl.generateReceipt.timer" : {
      "count" : 361236,
      "max" : 0.185739605,
      "mean" : 0.02651268274959143,
      "min" : 0.015555901,
      "p50" : 0.023372902,
      "p75" : 0.029499382,
      "p95" : 0.045977696000000005,
      "p98" : 0.056594533,
      "p99" : 0.063245719,
      "p999" : 0.106896085,
      "stddev" : 0.010822458767220057,
      "m15_rate" : 60.73873270121704,
      "m1_rate" : 55.628447169432626,
      "m5_rate" : 59.66505258210205,
      "mean_rate" : 59.458330697647604,
      "duration_units" : "seconds",
      "rate_units" : "calls/second"
    },
    "eu.domibus.core.message.retention.MessageRetentionDefaultService.schedule_deleteExpiredMessages.timer" : {
      "count" : 12,
      "max" : 8.5359107,
      "mean" : 7.713260540013697,
      "min" : 0.49070941,
      "p50" : 7.733054849,
      "p75" : 7.733054849,
      "p95" : 7.733054849,
      "p98" : 7.733054849,
      "p99" : 7.733054849,
      "p999" : 7.733054849,
      "stddev" : 0.031124288287437043,
      "m15_rate" : 4.2873353745656503E-4,
      "m1_rate" : 1.2969191249387824E-19,
      "m5_rate" : 2.2784830209580757E-6,
      "mean_rate" : 0.0018886769795008257,
      "duration_units" : "seconds",
      "rate_units" : "calls/second"
    },
    "eu.domibus.core.message.retention.RetentionListener.onMessage.deleteMessages.timer" : {
      "count" : 72,
      "max" : 3.193579025,
      "mean" : 2.1716134813094485,
      "min" : 1.6076448980000002,
      "p50" : 1.9931020160000001,
      "p75" : 2.142419557,
      "p95" : 3.193579025,
      "p98" : 3.193579025,
      "p99" : 3.193579025,
      "p999" : 3.193579025,
      "stddev" : 0.4719113669532814,
      "m15_rate" : 0.008264848892407356,
      "m1_rate" : 9.904792777530597E-19,
      "m5_rate" : 1.821140299494215E-5,
      "mean_rate" : 0.015215202070209346,
      "duration_units" : "seconds",
      "rate_units" : "calls/second"
    },
    "eu.domibus.core.message.signal.SignalMessageDao.deleteMessages.deleteReceipts.timer" : {
      "count" : 72,
      "max" : 1.7183214420000001,
      "mean" : 0.44615585375703176,
      "min" : 0.16203479,
      "p50" : 0.22687455,
      "p75" : 0.264688541,
      "p95" : 1.7183214420000001,
      "p98" : 1.7183214420000001,
      "p99" : 1.7183214420000001,
      "p999" : 1.7183214420000001,
      "stddev" : 0.49495943864753106,
      "m15_rate" : 0.010348896156341197,
      "m1_rate" : 9.621593249534034E-19,
      "m5_rate" : 1.8172986801291154E-5,
      "mean_rate" : 0.015219692918000346,
      "duration_units" : "seconds",
      "rate_units" : "calls/second"
    },
    "eu.domibus.core.message.signal.SignalMessageLogDao.deleteMessages.deleteMessageLogs.timer" : {
      "count" : 72,
      "max" : 0.153381093,
      "mean" : 0.06912431628243687,
      "min" : 0.043149766000000006,
      "p50" : 0.062948818,
      "p75" : 0.07629519200000001,
      "p95" : 0.10035830500000001,
      "p98" : 0.153381093,
      "p99" : 0.153381093,
      "p999" : 0.153381093,
      "stddev" : 0.02244475994450792,
      "m15_rate" : 0.01034864326153653,
      "m1_rate" : 9.621593249377793E-19,
      "m5_rate" : 1.8172553032366343E-5,
      "mean_rate" : 0.015221738234518545,
      "duration_units" : "seconds",
      "rate_units" : "calls/second"
    },
    "eu.domibus.core.plugin.handler.DatabaseMessageHandler.submit.timer" : {
      "count" : 360414,
      "max" : 0.27512395900000003,
      "mean" : 0.024587722407189084,
      "min" : 0.007484097,
      "p50" : 0.011316546,
      "p75" : 0.016719617000000003,
      "p95" : 0.074973571,
      "p98" : 0.100879905,
      "p99" : 0.12163267600000001,
      "p999" : 0.140540321,
      "stddev" : 0.026534294345731225,
      "m15_rate" : 60.72334856906439,
      "m1_rate" : 55.86564310367893,
      "m5_rate" : 59.77417918978255,
      "mean_rate" : 59.67778847472679,
      "duration_units" : "seconds",
      "rate_units" : "calls/second"
    },
    "eu.domibus.core.plugin.notification.BackendNotificationService.notifyMessageReceived.timer" : {
      "count" : 361236,
      "max" : 0.21475047700000002,
      "mean" : 0.008673146745126767,
      "min" : 3.61305E-4,
      "p50" : 5.45007E-4,
      "p75" : 0.008750513,
      "p95" : 0.045516690000000005,
      "p98" : 0.062970816,
      "p99" : 0.07224973600000001,
      "p999" : 0.151753266,
      "stddev" : 0.016961458536097148,
      "m15_rate" : 60.73584756140216,
      "m1_rate" : 55.59177008803901,
      "m5_rate" : 59.656658054345705,
      "mean_rate" : 59.45746617802352,
      "duration_units" : "seconds",
      "rate_units" : "calls/second"
    },
    "eu.domibus.core.plugin.notification.PluginAsyncNotificationListener.onMessage.timer" : {
      "count" : 360421,
      "max" : 0.236789563,
      "mean" : 0.02356807142643841,
      "min" : 0.008236206000000001,
      "p50" : 0.012416961,
      "p75" : 0.016605916000000002,
      "p95" : 0.07134662400000001,
      "p98" : 0.082352467,
      "p99" : 0.09711565700000001,
      "p999" : 0.11807772700000001,
      "stddev" : 0.023487103733619244,
      "m15_rate" : 60.65539799490241,
      "m1_rate" : 55.60759157702436,
      "m5_rate" : 59.613914257693985,
      "mean_rate" : 59.32837825730673,
      "duration_units" : "seconds",
      "rate_units" : "calls/second"
    },
    "eu.domibus.core.pmode.validation.validators.MessagePropertyValidator.validate.timer" : {
      "count" : 721650,
      "max" : 2.04E-5,
      "mean" : 1.3734116760082633E-6,
      "min" : 4.0000000000000003E-7,
      "p50" : 1.2000000000000002E-6,
      "p75" : 1.5E-6,
      "p95" : 2.0000000000000003E-6,
      "p98" : 2.4000000000000003E-6,
      "p99" : 2.6E-6,
      "p999" : 2.04E-5,
      "stddev" : 1.0002718140156964E-6,
      "m15_rate" : 121.40985187899143,
      "m1_rate" : 111.24747105227591,
      "m5_rate" : 119.32461693046363,
      "mean_rate" : 118.77824985817884,
      "duration_units" : "seconds",
      "rate_units" : "calls/second"
    },
    "eu.domibus.core.replication.UIMessageDaoImpl.deleteMessages.deleteUIMessagesByMessageIds.timer" : {
      "count" : 144,
      "max" : 0.016420019,
      "mean" : 0.0030840776518170684,
      "min" : 0.0017087220000000002,
      "p50" : 0.0028291370000000002,
      "p75" : 0.003229842,
      "p95" : 0.005851676,
      "p98" : 0.008503110000000001,
      "p99" : 0.008503110000000001,
      "p999" : 0.008503110000000001,
      "stddev" : 0.0013772074142521457,
      "m15_rate" : 0.020812060052144643,
      "m1_rate" : 2.0915496988486923E-18,
      "m5_rate" : 3.695275944060436E-5,
      "mean_rate" : 0.030444223539695,
      "duration_units" : "seconds",
      "rate_units" : "calls/second"
    },
    "eu.domibus.core.util.SoapUtil.logMessage.timer" : {
      "count" : 361236,
      "max" : 1.69E-5,
      "mean" : 8.750659309943704E-7,
      "min" : 3.0000000000000004E-7,
      "p50" : 8.000000000000001E-7,
      "p75" : 1.0000000000000002E-6,
      "p95" : 1.4000000000000001E-6,
      "p98" : 1.6000000000000001E-6,
      "p99" : 1.7E-6,
      "p999" : 1.69E-5,
      "stddev" : 7.480640036807561E-7,
      "m15_rate" : 60.73121453361857,
      "m1_rate" : 55.5566634982297,
      "m5_rate" : 59.64471302684721,
      "mean_rate" : 59.456738288646,
      "duration_units" : "seconds",
      "rate_units" : "calls/second"
    },
    "eu.domibus.plugin.jms.JMSPluginImpl.deliverMessage.timer" : {
      "count" : 360421,
      "max" : 0.21198894000000001,
      "mean" : 0.024936143241427455,
      "min" : 0.007859402,
      "p50" : 0.012013455000000001,
      "p75" : 0.018200035,
      "p95" : 0.077324002,
      "p98" : 0.092631499,
      "p99" : 0.11348867000000001,
      "p999" : 0.15947576600000002,
      "stddev" : 0.02590692684031372,
      "m15_rate" : 60.654299329266976,
      "m1_rate" : 55.59572579093172,
      "m5_rate" : 59.6104833844266,
      "mean_rate" : 59.32852322443508,
      "duration_units" : "seconds",
      "rate_units" : "calls/second"
    },
    "eu.domibus.plugin.jms.JMSPluginImpl.receiveMessage.timer" : {
      "count" : 360414,
      "max" : 0.519490321,
      "mean" : 0.02966673157017603,
      "min" : 0.008568911,
      "p50" : 0.012348660000000001,
      "p75" : 0.017619828,
      "p95" : 0.132680118,
      "p98" : 0.14634059600000002,
      "p99" : 0.161818497,
      "p999" : 0.225388518,
      "stddev" : 0.038831093511881534,
      "m15_rate" : 60.72285544469025,
      "m1_rate" : 55.80692950039735,
      "m5_rate" : 59.769847148523695,
      "mean_rate" : 59.67764846988394,
      "duration_units" : "seconds",
      "rate_units" : "calls/second"
    }
  }
}