{
  "version" : "4.0.0",
  "gauges" : { },
  "counters" : {
    "eu.domibus.core.ebms3.receiver.MSHWebservice.incoming_user_message.counter" : {
      "count" : 21
    },
    "eu.domibus.core.ebms3.receiver.handler.AbstractIncomingMessageHandler.processMessage.counter" : {
      "count" : 21
    },
    "eu.domibus.core.ebms3.receiver.handler.IncomingUserMessageHandler.around_handleNewUserMessage.counter.counter" : {
      "count" : 21
    },
    "eu.domibus.core.ebms3.sender.AbstractUserMessageSender.outgoing_user_message.counter" : {
      "count" : 2
    },
    "eu.domibus.core.ebms3.sender.MessageSenderListener.onMessage.counter" : {
      "count" : 2
    },
    "eu.domibus.core.ebms3.sender.MessageSenderService.sendUserMessage.counter" : {
      "count" : 2
    },
    "eu.domibus.core.ebms3.sender.client.MSHDispatcher.dispatch.counter" : {
      "count" : 2
    },
    "eu.domibus.core.error.ErrorLogDao.deleteMessages.deleteErrorLogsByMessageIdInError.counter" : {
      "count" : 0
    },
    "eu.domibus.core.message.MessageInfoDao.deleteMessages.counter" : {
      "count" : 0
    },
    "eu.domibus.core.message.MessageInfoDao.findSignalMessageIds.counter" : {
      "count" : 0
    },
    "eu.domibus.core.message.MessagingServiceImpl.storeMessage.counter" : {
      "count" : 1
    },
    "eu.domibus.core.message.UserMessageHandlerServiceImpl.handleNewUserMessage.counter" : {
      "count" : 3
    },
    "eu.domibus.core.message.UserMessageLogDao.deleteMessages.deleteMessageLogs.counter" : {
      "count" : 0
    },
    "eu.domibus.core.message.acknowledge.MessageAcknowledgementDao.deleteMessages.deleteMessageAcknowledgementsByMessageIds.counter" : {
      "count" : 0
    },
    "eu.domibus.core.message.attempt.MessageAttemptDao.deleteMessages.deleteAttemptsByMessageIds.counter" : {
      "count" : 0
    },
    "eu.domibus.core.message.pull.IncomingPullRequestHandler.incoming_pull_request.counter" : {
      "count" : 0
    },
    "eu.domibus.core.message.receipt.AS4ReceiptServiceImpl.generateReceipt.counter" : {
      "count" : 0
    },
    "eu.domibus.core.message.retention.MessageRetentionDefaultService.schedule_deleteExpiredMessages.counter" : {
      "count" : 0
    },
    "eu.domibus.core.message.retention.RetentionListener.onMessage.deleteMessages.counter" : {
      "count" : 0
    },
    "eu.domibus.core.message.signal.SignalMessageDao.deleteMessages.deleteReceipts.counter" : {
      "count" : 0
    },
    "eu.domibus.core.message.signal.SignalMessageLogDao.deleteMessages.deleteMessageLogs.counter" : {
      "count" : 0
    },
    "eu.domibus.core.plugin.handler.DatabaseMessageHandler.submit.counter" : {
      "count" : 1
    },
    "eu.domibus.core.plugin.notification.BackendNotificationService.notifyMessageReceived.counter" : {
      "count" : 0
    },
    "eu.domibus.core.plugin.notification.PluginAsyncNotificationListener.onMessage.counter" : {
      "count" : 5
    },
    "eu.domibus.core.pmode.validation.validators.MessagePropertyValidator.validate.counter" : {
      "count" : 0
    },
    "eu.domibus.core.replication.UIMessageDaoImpl.deleteMessages.deleteUIMessagesByMessageIds.counter" : {
      "count" : 0
    },
    "eu.domibus.core.util.SoapUtil.SoapUtil.counter" : {
      "count" : 0
    },
    "eu.domibus.plugin.jms.JMSPluginImpl.deliverMessage.counter" : {
      "count" : 5
    },
    "eu.domibus.plugin.jms.JMSPluginImpl.receiveMessage.counter" : {
      "count" : 12
    }
  },
  "histograms" : { },
  "meters" : { },
  "timers" : {
    "eu.domibus.core.ebms3.receiver.MSHWebservice.incoming_user_message.timer" : {
      "count" : 64731,
      "max" : 1.116638394,
      "mean" : 0.31116310379714307,
      "min" : 0.141303062,
      "p50" : 0.29566832800000004,
      "p75" : 0.33714451700000003,
      "p95" : 0.48223192600000003,
      "p98" : 0.5518715470000001,
      "p99" : 0.597309514,
      "p999" : 0.893636352,
      "stddev" : 0.08605231002568192,
      "m15_rate" : 43.721785837857134,
      "m1_rate" : 68.38688326509465,
      "m5_rate" : 63.55968503989638,
      "mean_rate" : 32.76962424827968,
      "duration_units" : "seconds",
      "rate_units" : "calls/second"
    },
    "eu.domibus.core.ebms3.receiver.handler.AbstractIncomingMessageHandler.processMessage.timer" : {
      "count" : 64723,
      "max" : 0.9987829100000001,
      "mean" : 0.3110718488673121,
      "min" : 0.144959333,
      "p50" : 0.293452543,
      "p75" : 0.33371714700000005,
      "p95" : 0.5096107400000001,
      "p98" : 0.549967729,
      "p99" : 0.615916978,
      "p999" : 0.89740266,
      "stddev" : 0.08675829154877303,
      "m15_rate" : 44.3043879769236,
      "m1_rate" : 68.36314991479829,
      "m5_rate" : 63.61759466716285,
      "mean_rate" : 58.81710989807159,
      "duration_units" : "seconds",
      "rate_units" : "calls/second"
    },
    "eu.domibus.core.ebms3.receiver.handler.IncomingUserMessageHandler.around_handleNewUserMessage.timer.timer" : {
      "count" : 64723,
      "max" : 1.000279898,
      "mean" : 0.311759792533069,
      "min" : 0.138709978,
      "p50" : 0.29095276000000003,
      "p75" : 0.343741567,
      "p95" : 0.48774700200000004,
      "p98" : 0.545399677,
      "p99" : 0.6122913040000001,
      "p999" : 0.939640778,
      "stddev" : 0.08946322318748488,
      "m15_rate" : 44.303345308976986,
      "m1_rate" : 68.3420634856048,
      "m5_rate" : 63.611228299012375,
      "mean_rate" : 58.81837501148181,
      "duration_units" : "seconds",
      "rate_units" : "calls/second"
    },
    "eu.domibus.core.ebms3.sender.AbstractUserMessageSender.outgoing_user_message.timer" : {
      "count" : 64515,
      "max" : 0.277880958,
      "mean" : 0.059361775696361786,
      "min" : 0.040856898,
      "p50" : 0.05688518,
      "p75" : 0.062180243,
      "p95" : 0.07097067800000001,
      "p98" : 0.08073810000000001,
      "p99" : 0.13998607100000002,
      "p999" : 0.277880958,
      "stddev" : 0.0171036777312264,
      "m15_rate" : 44.720673092336305,
      "m1_rate" : 68.21866812812767,
      "m5_rate" : 63.41738437242585,
      "mean_rate" : 60.66304822702527,
      "duration_units" : "seconds",
      "rate_units" : "calls/second"
    },
    "eu.domibus.core.ebms3.sender.MessageSenderListener.onMessage.timer" : {
      "count" : 64515,
      "max" : 0.44332770200000005,
      "mean" : 0.06810041525349969,
      "min" : 0.04756155,
      "p50" : 0.06345123500000001,
      "p75" : 0.06961228800000001,
      "p95" : 0.099534467,
      "p98" : 0.151263583,
      "p99" : 0.16711626300000001,
      "p999" : 0.268806511,
      "stddev" : 0.02136645578986022,
      "m15_rate" : 44.721003632237604,
      "m1_rate" : 68.24716656471305,
      "m5_rate" : 63.423103231253044,
      "mean_rate" : 60.65853525275465,
      "duration_units" : "seconds",
      "rate_units" : "calls/second"
    },
    "eu.domibus.core.ebms3.sender.MessageSenderService.sendUserMessage.timer" : {
      "count" : 64515,
      "max" : 0.34934520300000005,
      "mean" : 0.06877461462691685,
      "min" : 0.048521243000000006,
      "p50" : 0.063525133,
      "p75" : 0.070155985,
      "p95" : 0.099467467,
      "p98" : 0.147927805,
      "p99" : 0.17065574700000002,
      "p999" : 0.332280159,
      "stddev" : 0.02289767153798232,
      "m15_rate" : 44.72172616173864,
      "m1_rate" : 68.26252132244835,
      "m5_rate" : 63.424019658908584,
      "mean_rate" : 60.660656816431285,
      "duration_units" : "seconds",
      "rate_units" : "calls/second"
    },
    "eu.domibus.core.ebms3.sender.client.MSHDispatcher.dispatch.timer" : {
      "count" : 64515,
      "max" : 0.220040181,
      "mean" : 0.04847345169809006,
      "min" : 0.034224648,
      "p50" : 0.047415952000000004,
      "p75" : 0.051869118000000006,
      "p95" : 0.058631068,
      "p98" : 0.062836838,
      "p99" : 0.064763924,
      "p999" : 0.220040181,
      "stddev" : 0.0105977282722832,
      "m15_rate" : 44.730099944118315,
      "m1_rate" : 68.28949347209934,
      "m5_rate" : 63.43570330103839,
      "mean_rate" : 60.67100508861295,
      "duration_units" : "seconds",
      "rate_units" : "calls/second"
    },
    "eu.domibus.core.error.ErrorLogDao.deleteMessages.deleteErrorLogsByMessageIdInError.timer" : {
      "count" : 8,
      "max" : 0.019309257,
      "mean" : 0.0057545378478094196,
      "min" : 0.0032621760000000003,
      "p50" : 0.0037466720000000004,
      "p75" : 0.004354368,
      "p95" : 0.019309257,
      "p98" : 0.019309257,
      "p99" : 0.019309257,
      "p999" : 0.019309257,
      "stddev" : 0.005085280881249187,
      "m15_rate" : 1.423810833580838,
      "m1_rate" : 0.27803830952071246,
      "m5_rate" : 1.1275009435499415,
      "mean_rate" : 0.07060838400123244,
      "duration_units" : "seconds",
      "rate_units" : "calls/second"
    },
    "eu.domibus.core.message.MessageInfoDao.deleteMessages.timer" : {
      "count" : 16,
      "max" : 1.254823213,
      "mean" : 0.6872559926803757,
      "min" : 0.171546831,
      "p50" : 0.412886144,
      "p75" : 1.088499644,
      "p95" : 1.254823213,
      "p98" : 1.254823213,
      "p99" : 1.254823213,
      "p999" : 1.254823213,
      "stddev" : 0.4129972587505892,
      "m15_rate" : 2.4798367661209966,
      "m1_rate" : 0.45322096797144396,
      "m5_rate" : 1.9451727240949448,
      "mean_rate" : 0.13886435619680956,
      "duration_units" : "seconds",
      "rate_units" : "calls/second"
    },
    "eu.domibus.core.message.MessageInfoDao.findSignalMessageIds.timer" : {
      "count" : 8,
      "max" : 0.41663691700000005,
      "mean" : 0.2318661381081489,
      "min" : 0.093568407,
      "p50" : 0.208402057,
      "p75" : 0.317491951,
      "p95" : 0.41663691700000005,
      "p98" : 0.41663691700000005,
      "p99" : 0.41663691700000005,
      "p999" : 0.41663691700000005,
      "stddev" : 0.09878009721208363,
      "m15_rate" : 1.4159227051505254,
      "m1_rate" : 0.2558075937275105,
      "m5_rate" : 1.1088649921383065,
      "mean_rate" : 0.06920449193483383,
      "duration_units" : "seconds",
      "rate_units" : "calls/second"
    },
    "eu.domibus.core.message.MessagingServiceImpl.storeMessage.timer" : {
      "count" : 129291,
      "max" : 0.09533619900000001,
      "mean" : 0.005917698858420956,
      "min" : 0.0030679770000000004,
      "p50" : 0.004954963000000001,
      "p75" : 0.005924857,
      "p95" : 0.010263825,
      "p98" : 0.012752606000000001,
      "p99" : 0.016180681000000002,
      "p999" : 0.09533619900000001,
      "stddev" : 0.005356193338443699,
      "m15_rate" : 87.73754875683676,
      "m1_rate" : 136.82078374728962,
      "m5_rate" : 127.00407859211765,
      "mean_rate" : 117.49770813514755,
      "duration_units" : "seconds",
      "rate_units" : "calls/second"
    },
    "eu.domibus.core.message.UserMessageHandlerServiceImpl.handleNewUserMessage.timer" : {
      "count" : 64741,
      "max" : 0.48514605600000005,
      "mean" : 0.08420337496858839,
      "min" : 0.027903295,
      "p50" : 0.074891948,
      "p75" : 0.098088378,
      "p95" : 0.161266912,
      "p98" : 0.20668957200000002,
      "p99" : 0.24011332200000002,
      "p999" : 0.385316971,
      "stddev" : 0.043619299026472824,
      "m15_rate" : 44.30643340620455,
      "m1_rate" : 68.2950550261671,
      "m5_rate" : 63.603564749832394,
      "mean_rate" : 58.83465303922977,
      "duration_units" : "seconds",
      "rate_units" : "calls/second"
    },
    "eu.domibus.core.message.UserMessageLogDao.deleteMessages.deleteMessageLogs.timer" : {
      "count" : 8,
      "max" : 0.194769459,
      "mean" : 0.12414135614609441,
      "min" : 0.055009693000000005,
      "p50" : 0.11992691300000001,
      "p75" : 0.15793283100000002,
      "p95" : 0.194769459,
      "p98" : 0.194769459,
      "p99" : 0.194769459,
      "p999" : 0.194769459,
      "stddev" : 0.043746952516927534,
      "m15_rate" : 1.423810833580838,
      "m1_rate" : 0.27803830952071246,
      "m5_rate" : 1.1275009435499415,
      "mean_rate" : 0.07044665800053267,
      "duration_units" : "seconds",
      "rate_units" : "calls/second"
    },
    "eu.domibus.core.message.acknowledge.MessageAcknowledgementDao.deleteMessages.deleteMessageAcknowledgementsByMessageIds.timer" : {
      "count" : 8,
      "max" : 0.014198495,
      "mean" : 0.005391042751617345,
      "min" : 0.0035465730000000003,
      "p50" : 0.003714873,
      "p75" : 0.006385353000000001,
      "p95" : 0.014198495,
      "p98" : 0.014198495,
      "p99" : 0.014198495,
      "p999" : 0.014198495,
      "stddev" : 0.0034016422152904837,
      "m15_rate" : 1.423810833580838,
      "m1_rate" : 0.27803830952071246,
      "m5_rate" : 1.1275009435499415,
      "mean_rate" : 0.07063533371971421,
      "duration_units" : "seconds",
      "rate_units" : "calls/second"
    },
    "eu.domibus.core.message.attempt.MessageAttemptDao.deleteMessages.deleteAttemptsByMessageIds.timer" : {
      "count" : 8,
      "max" : 0.028946485,
      "mean" : 0.007273743699401918,
      "min" : 0.0032910760000000004,
      "p50" : 0.003882471,
      "p75" : 0.005112663,
      "p95" : 0.028946485,
      "p98" : 0.028946485,
      "p99" : 0.028946485,
      "p999" : 0.028946485,
      "stddev" : 0.008107865896585704,
      "m15_rate" : 1.423810833580838,
      "m1_rate" : 0.27803830952071246,
      "m5_rate" : 1.1275009435499415,
      "mean_rate" : 0.07058980497781114,
      "duration_units" : "seconds",
      "rate_units" : "calls/second"
    },
    "eu.domibus.core.message.pull.IncomingPullRequestHandler.incoming_pull_request.timer" : {
      "count" : 8,
      "max" : 0.47321025600000005,
      "mean" : 0.24386882501847496,
      "min" : 0.014925598000000002,
      "p50" : 0.021931449000000002,
      "p75" : 0.473172857,
      "p95" : 0.47321025600000005,
      "p98" : 0.47321025600000005,
      "p99" : 0.47321025600000005,
      "p999" : 0.47321025600000005,
      "stddev" : 0.22760581567928426,
      "m15_rate" : 0.17926587147238843,
      "m1_rate" : 8.806117855797581E-15,
      "m5_rate" : 0.0022503645865613086,
      "mean_rate" : 0.004049948569030121,
      "duration_units" : "seconds",
      "rate_units" : "calls/second"
    },
    "eu.domibus.core.message.receipt.AS4ReceiptServiceImpl.generateReceipt.timer" : {
      "count" : 64741,
      "max" : 0.13152902700000002,
      "mean" : 0.02566280435918347,
      "min" : 0.01628858,
      "p50" : 0.022923731000000003,
      "p75" : 0.027125601000000003,
      "p95" : 0.040494300000000004,
      "p98" : 0.052620913000000005,
      "p99" : 0.06401332700000001,
      "p999" : 0.127297563,
      "stddev" : 0.010520122002640806,
      "m15_rate" : 44.31585965323043,
      "m1_rate" : 68.34673386556574,
      "m5_rate" : 63.620310834815804,
      "mean_rate" : 58.84261793971262,
      "duration_units" : "seconds",
      "rate_units" : "calls/second"
    },
    "eu.domibus.core.message.retention.MessageRetentionDefaultService.schedule_deleteExpiredMessages.timer" : {
      "count" : 7,
      "max" : 7.088373639,
      "mean" : 7.086507438878751,
      "min" : 0.22059636800000001,
      "p50" : 7.088373639,
      "p75" : 7.088373639,
      "p95" : 7.088373639,
      "p98" : 7.088373639,
      "p99" : 7.088373639,
      "p999" : 7.088373639,
      "stddev" : 0.10380334955157106,
      "m15_rate" : 0.030048227234527547,
      "m1_rate" : 0.002779197730710957,
      "m5_rate" : 0.0035756682356757686,
      "mean_rate" : 0.003893706420122072,
      "duration_units" : "seconds",
      "rate_units" : "calls/second"
    },
    "eu.domibus.core.message.retention.RetentionListener.onMessage.deleteMessages.timer" : {
      "count" : 8,
      "max" : 2.6494162930000003,
      "mean" : 2.2102623348389905,
      "min" : 1.6820266540000002,
      "p50" : 2.155513751,
      "p75" : 2.477620662,
      "p95" : 2.6494162930000003,
      "p98" : 2.6494162930000003,
      "p99" : 2.6494162930000003,
      "p999" : 2.6494162930000003,
      "stddev" : 0.30492084487612253,
      "m15_rate" : 0.8879097388804449,
      "m1_rate" : 0.1682162645021448,
      "m5_rate" : 0.7000291018658047,
      "mean_rate" : 0.06917243316528225,
      "duration_units" : "seconds",
      "rate_units" : "calls/second"
    },
    "eu.domibus.core.message.signal.SignalMessageDao.deleteMessages.deleteReceipts.timer" : {
      "count" : 8,
      "max" : 0.313437281,
      "mean" : 0.25527607115901724,
      "min" : 0.202733099,
      "p50" : 0.241773812,
      "p75" : 0.28947805800000004,
      "p95" : 0.313437281,
      "p98" : 0.313437281,
      "p99" : 0.313437281,
      "p999" : 0.313437281,
      "stddev" : 0.041911975503870186,
      "m15_rate" : 1.423810833580838,
      "m1_rate" : 0.27803830952071246,
      "m5_rate" : 1.1275009435499415,
      "mean_rate" : 0.07029383916892844,
      "duration_units" : "seconds",
      "rate_units" : "calls/second"
    },
    "eu.domibus.core.message.signal.SignalMessageLogDao.deleteMessages.deleteMessageLogs.timer" : {
      "count" : 8,
      "max" : 0.18694101700000001,
      "mean" : 0.0972872195836674,
      "min" : 0.039609607000000005,
      "p50" : 0.058723165,
      "p75" : 0.13734068300000002,
      "p95" : 0.18694101700000001,
      "p98" : 0.18694101700000001,
      "p99" : 0.18694101700000001,
      "p999" : 0.18694101700000001,
      "stddev" : 0.05289958738966364,
      "m15_rate" : 1.423810833580838,
      "m1_rate" : 0.27803830952071246,
      "m5_rate" : 1.1275009435499415,
      "mean_rate" : 0.07052532984719051,
      "duration_units" : "seconds",
      "rate_units" : "calls/second"
    },
    "eu.domibus.core.plugin.handler.DatabaseMessageHandler.submit.timer" : {
      "count" : 64547,
      "max" : 0.578778317,
      "mean" : 0.07934611233876139,
      "min" : 0.012944704000000001,
      "p50" : 0.071600674,
      "p75" : 0.083768984,
      "p95" : 0.140042557,
      "p98" : 0.193717469,
      "p99" : 0.22115616700000001,
      "p999" : 0.311390214,
      "stddev" : 0.03519783451640199,
      "m15_rate" : 44.7213068150148,
      "m1_rate" : 68.13829824276712,
      "m5_rate" : 63.39956650158901,
      "mean_rate" : 60.67455235674141,
      "duration_units" : "seconds",
      "rate_units" : "calls/second"
    },
    "eu.domibus.core.plugin.notification.BackendNotificationService.notifyMessageReceived.timer" : {
      "count" : 64741,
      "max" : 0.31170489300000004,
      "mean" : 0.04734094404208779,
      "min" : 5.087970000000001E-4,
      "p50" : 0.038617716,
      "p75" : 0.060341257,
      "p95" : 0.11246006900000001,
      "p98" : 0.14551222800000002,
      "p99" : 0.18889530100000002,
      "p999" : 0.303754652,
      "stddev" : 0.036859257095658016,
      "m15_rate" : 44.311496469430836,
      "m1_rate" : 68.31439201327792,
      "m5_rate" : 63.61102211504429,
      "mean_rate" : 58.83857054318199,
      "duration_units" : "seconds",
      "rate_units" : "calls/second"
    },
    "eu.domibus.core.plugin.notification.PluginAsyncNotificationListener.onMessage.timer" : {
      "count" : 64588,
      "max" : 0.481787548,
      "mean" : 0.08035679716378696,
      "min" : 0.012597907,
      "p50" : 0.07297366400000001,
      "p75" : 0.087560656,
      "p95" : 0.13768578,
      "p98" : 0.183330454,
      "p99" : 0.21512050900000002,
      "p999" : 0.38265029,
      "stddev" : 0.03559679411972939,
      "m15_rate" : 44.11865512951043,
      "m1_rate" : 68.0164930916173,
      "m5_rate" : 63.294609730278005,
      "mean_rate" : 58.72644429015031,
      "duration_units" : "seconds",
      "rate_units" : "calls/second"
    },
    "eu.domibus.core.pmode.validation.validators.MessagePropertyValidator.validate.timer" : {
      "count" : 129292,
      "max" : 9.6699E-5,
      "mean" : 1.2958922331092065E-6,
      "min" : 5.000000000000001E-7,
      "p50" : 1.0000000000000002E-6,
      "p75" : 1.2000000000000002E-6,
      "p95" : 1.9E-6,
      "p98" : 2.3E-6,
      "p99" : 2.6E-6,
      "p999" : 9.6699E-5,
      "stddev" : 3.7831046401908087E-6,
      "m15_rate" : 87.73823737843529,
      "m1_rate" : 136.8439032139437,
      "m5_rate" : 127.00751211505685,
      "mean_rate" : 117.49720927468782,
      "duration_units" : "seconds",
      "rate_units" : "calls/second"
    },
    "eu.domibus.core.replication.UIMessageDaoImpl.deleteMessages.deleteUIMessagesByMessageIds.timer" : {
      "count" : 16,
      "max" : 0.021387842,
      "mean" : 0.004273847218399032,
      "min" : 0.002010085,
      "p50" : 0.003233576,
      "p75" : 0.0035047740000000004,
      "p95" : 0.021387842,
      "p98" : 0.021387842,
      "p99" : 0.021387842,
      "p999" : 0.021387842,
      "stddev" : 0.004391180769707808,
      "m15_rate" : 2.847621667161676,
      "m1_rate" : 0.5560766190414249,
      "m5_rate" : 2.255001887099883,
      "mean_rate" : 0.1412380674314085,
      "duration_units" : "seconds",
      "rate_units" : "calls/second"
    },
    "eu.domibus.core.util.SoapUtil.logMessage.timer" : {
      "count" : 64744,
      "max" : 3.8700000000000006E-5,
      "mean" : 7.730185506500843E-7,
      "min" : 2.0000000000000002E-7,
      "p50" : 6.000000000000001E-7,
      "p75" : 8.000000000000001E-7,
      "p95" : 1.3E-6,
      "p98" : 1.5E-6,
      "p99" : 1.6000000000000001E-6,
      "p999" : 1.6100000000000002E-5,
      "stddev" : 1.2610152107601744E-6,
      "m15_rate" : 44.30902873857636,
      "m1_rate" : 68.29952425204803,
      "m5_rate" : 63.60534787929845,
      "mean_rate" : 58.83748543127298,
      "duration_units" : "seconds",
      "rate_units" : "calls/second"
    },
    "eu.domibus.plugin.jms.JMSPluginImpl.deliverMessage.timer" : {
      "count" : 64588,
      "max" : 0.560416453,
      "mean" : 0.08035184558470393,
      "min" : 0.010675217,
      "p50" : 0.072963364,
      "p75" : 0.08834744900000001,
      "p95" : 0.13351041800000002,
      "p98" : 0.192385371,
      "p99" : 0.23029109800000003,
      "p999" : 0.355802667,
      "stddev" : 0.03633248064537551,
      "m15_rate" : 44.11800076397081,
      "m1_rate" : 67.98865423117218,
      "m5_rate" : 63.29128971888332,
      "mean_rate" : 58.72708805578705,
      "duration_units" : "seconds",
      "rate_units" : "calls/second"
    },
    "eu.domibus.plugin.jms.JMSPluginImpl.receiveMessage.timer" : {
      "count" : 64536,
      "max" : 0.8671780840000001,
      "mean" : 0.1452730882635175,
      "min" : 0.019700354,
      "p50" : 0.137819185,
      "p75" : 0.155550757,
      "p95" : 0.235622559,
      "p98" : 0.30881533,
      "p99" : 0.325752792,
      "p999" : 0.642198624,
      "stddev" : 0.05336610130415503,
      "m15_rate" : 44.72365821431619,
      "m1_rate" : 68.20748486253528,
      "m5_rate" : 63.41315379492545,
      "mean_rate" : 60.662069058918135,
      "duration_units" : "seconds",
      "rate_units" : "calls/second"
    }
  }
}