{
  "version" : "4.0.0",
  "gauges" : { },
  "counters" : {
    "eu.domibus.core.ebms3.receiver.MSHWebservice.incoming_user_message.counter" : {
      "count" : 18
    },
    "eu.domibus.core.ebms3.receiver.handler.AbstractIncomingMessageHandler.processMessage.counter" : {
      "count" : 18
    },
    "eu.domibus.core.ebms3.receiver.handler.IncomingUserMessageHandler.around_handleNewUserMessage.counter.counter" : {
      "count" : 18
    },
    "eu.domibus.core.ebms3.sender.AbstractUserMessageSender.outgoing_user_message.counter" : {
      "count" : 1
    },
    "eu.domibus.core.ebms3.sender.MessageSenderListener.onMessage.counter" : {
      "count" : 1
    },
    "eu.domibus.core.ebms3.sender.MessageSenderService.sendUserMessage.counter" : {
      "count" : 1
    },
    "eu.domibus.core.ebms3.sender.client.MSHDispatcher.dispatch.counter" : {
      "count" : 1
    },
    "eu.domibus.core.error.ErrorLogDao.deleteMessages.deleteErrorLogsByMessageIdInError.counter" : {
      "count" : 0
    },
    "eu.domibus.core.message.MessageInfoDao.deleteMessages.counter" : {
      "count" : 0
    },
    "eu.domibus.core.message.MessageInfoDao.findSignalMessageIds.counter" : {
      "count" : 0
    },
    "eu.domibus.core.message.MessagingServiceImpl.storeMessage.counter" : {
      "count" : 2
    },
    "eu.domibus.core.message.UserMessageHandlerServiceImpl.handleNewUserMessage.counter" : {
      "count" : 4
    },
    "eu.domibus.core.message.UserMessageLogDao.deleteMessages.deleteMessageLogs.counter" : {
      "count" : 0
    },
    "eu.domibus.core.message.acknowledge.MessageAcknowledgementDao.deleteMessages.deleteMessageAcknowledgementsByMessageIds.counter" : {
      "count" : 0
    },
    "eu.domibus.core.message.attempt.MessageAttemptDao.deleteMessages.deleteAttemptsByMessageIds.counter" : {
      "count" : 0
    },
    "eu.domibus.core.message.pull.IncomingPullRequestHandler.incoming_pull_request.counter" : {
      "count" : 0
    },
    "eu.domibus.core.message.receipt.AS4ReceiptServiceImpl.generateReceipt.counter" : {
      "count" : 0
    },
    "eu.domibus.core.message.retention.MessageRetentionDefaultService.schedule_deleteExpiredMessages.counter" : {
      "count" : 0
    },
    "eu.domibus.core.message.retention.RetentionListener.onMessage.deleteMessages.counter" : {
      "count" : 0
    },
    "eu.domibus.core.message.signal.SignalMessageDao.deleteMessages.deleteReceipts.counter" : {
      "count" : 0
    },
    "eu.domibus.core.message.signal.SignalMessageLogDao.deleteMessages.deleteMessageLogs.counter" : {
      "count" : 0
    },
    "eu.domibus.core.plugin.handler.DatabaseMessageHandler.submit.counter" : {
      "count" : 4
    },
    "eu.domibus.core.plugin.notification.BackendNotificationService.notifyMessageReceived.counter" : {
      "count" : 2
    },
    "eu.domibus.core.plugin.notification.PluginAsyncNotificationListener.onMessage.counter" : {
      "count" : 0
    },
    "eu.domibus.core.pmode.validation.validators.MessagePropertyValidator.validate.counter" : {
      "count" : 0
    },
    "eu.domibus.core.replication.UIMessageDaoImpl.deleteMessages.deleteUIMessagesByMessageIds.counter" : {
      "count" : 0
    },
    "eu.domibus.core.util.SoapUtil.SoapUtil.counter" : {
      "count" : 0
    },
    "eu.domibus.plugin.jms.JMSPluginImpl.deliverMessage.counter" : {
      "count" : 0
    },
    "eu.domibus.plugin.jms.JMSPluginImpl.receiveMessage.counter" : {
      "count" : 8
    }
  },
  "histograms" : { },
  "meters" : { },
  "timers" : {
    "eu.domibus.core.ebms3.receiver.MSHWebservice.incoming_user_message.timer" : {
      "count" : 64361,
      "max" : 1.0113724480000001,
      "mean" : 0.2864459839720916,
      "min" : 0.129380631,
      "p50" : 0.273278454,
      "p75" : 0.31819692800000005,
      "p95" : 0.445711157,
      "p98" : 0.506288524,
      "p99" : 0.544303706,
      "p999" : 0.778437974,
      "stddev" : 0.08032852196282549,
      "m15_rate" : 43.09649177047316,
      "m1_rate" : 63.637058443448446,
      "m5_rate" : 61.752267127498335,
      "mean_rate" : 32.577534657162296,
      "duration_units" : "seconds",
      "rate_units" : "calls/second"
    },
    "eu.domibus.core.ebms3.receiver.handler.AbstractIncomingMessageHandler.processMessage.timer" : {
      "count" : 64357,
      "max" : 1.037951333,
      "mean" : 0.28872184693162706,
      "min" : 0.12724643200000002,
      "p50" : 0.27647755300000004,
      "p75" : 0.32025082400000005,
      "p95" : 0.44920005700000004,
      "p98" : 0.5158960220000001,
      "p99" : 0.570841693,
      "p999" : 0.980888564,
      "stddev" : 0.08650046279776466,
      "m15_rate" : 43.72309824593122,
      "m1_rate" : 63.60490660641353,
      "m5_rate" : 61.81051708513915,
      "mean_rate" : 58.497275241071044,
      "duration_units" : "seconds",
      "rate_units" : "calls/second"
    },
    "eu.domibus.core.ebms3.receiver.handler.IncomingUserMessageHandler.around_handleNewUserMessage.timer.timer" : {
      "count" : 64357,
      "max" : 1.0359385330000002,
      "mean" : 0.2871619787826474,
      "min" : 0.12882843100000002,
      "p50" : 0.27593665300000003,
      "p75" : 0.31895032900000003,
      "p95" : 0.43432006300000003,
      "p98" : 0.510691023,
      "p99" : 0.569680489,
      "p999" : 0.9914711580000001,
      "stddev" : 0.08547047251432996,
      "m15_rate" : 43.72220813348761,
      "m1_rate" : 63.58833491150786,
      "m5_rate" : 61.80688649969179,
      "mean_rate" : 58.49835018817184,
      "duration_units" : "seconds",
      "rate_units" : "calls/second"
    },
    "eu.domibus.core.ebms3.sender.AbstractUserMessageSender.outgoing_user_message.timer" : {
      "count" : 64124,
      "max" : 0.21207508600000002,
      "mean" : 0.056808715131914315,
      "min" : 0.041903778,
      "p50" : 0.05489497,
      "p75" : 0.060302468000000005,
      "p95" : 0.068664063,
      "p98" : 0.076261459,
      "p99" : 0.13129822900000002,
      "p999" : 0.21207508600000002,
      "stddev" : 0.01284348277181594,
      "m15_rate" : 43.53459329816315,
      "m1_rate" : 63.91335023672612,
      "m5_rate" : 61.73998595812959,
      "mean_rate" : 60.27066734185887,
      "duration_units" : "seconds",
      "rate_units" : "calls/second"
    },
    "eu.domibus.core.ebms3.sender.MessageSenderListener.onMessage.timer" : {
      "count" : 64124,
      "max" : 0.221059479,
      "mean" : 0.06350077203861404,
      "min" : 0.046884874,
      "p50" : 0.060597167,
      "p75" : 0.066286264,
      "p95" : 0.07800335800000001,
      "p98" : 0.11757023700000001,
      "p99" : 0.13668602500000002,
      "p999" : 0.18628059800000002,
      "stddev" : 0.014892897046565262,
      "m15_rate" : 43.532514373288706,
      "m1_rate" : 63.909270340301816,
      "m5_rate" : 61.73862536922924,
      "mean_rate" : 60.266138968056225,
      "duration_units" : "seconds",
      "rate_units" : "calls/second"
    },
    "eu.domibus.core.ebms3.sender.MessageSenderService.sendUserMessage.timer" : {
      "count" : 64124,
      "max" : 0.24800216400000002,
      "mean" : 0.06382804373908693,
      "min" : 0.045846975000000005,
      "p50" : 0.060478367000000005,
      "p75" : 0.066500764,
      "p95" : 0.077736858,
      "p98" : 0.13332822800000002,
      "p99" : 0.150291918,
      "p999" : 0.22189787800000002,
      "stddev" : 0.017776804495814678,
      "m15_rate" : 43.53343437730729,
      "m1_rate" : 63.91273142994968,
      "m5_rate" : 61.73943431816943,
      "mean_rate" : 60.26753177509625,
      "duration_units" : "seconds",
      "rate_units" : "calls/second"
    },
    "eu.domibus.core.ebms3.sender.client.MSHDispatcher.dispatch.timer" : {
      "count" : 64125,
      "max" : 0.526863612,
      "mean" : 0.046974926774467275,
      "min" : 0.033947481,
      "p50" : 0.045240676,
      "p75" : 0.049800673000000004,
      "p95" : 0.057369669000000005,
      "p98" : 0.062839066,
      "p99" : 0.103887744,
      "p999" : 0.17643530400000002,
      "stddev" : 0.014675875947290976,
      "m15_rate" : 43.54506409599802,
      "m1_rate" : 64.07012261461351,
      "m5_rate" : 61.769502043921406,
      "mean_rate" : 60.2733046884335,
      "duration_units" : "seconds",
      "rate_units" : "calls/second"
    },
    "eu.domibus.core.error.ErrorLogDao.deleteMessages.deleteErrorLogsByMessageIdInError.timer" : {
      "count" : 23,
      "max" : 0.019670488,
      "mean" : 0.004132376550833247,
      "min" : 0.002854798,
      "p50" : 0.0037806980000000003,
      "p75" : 0.004521897,
      "p95" : 0.005015898,
      "p98" : 0.009302694,
      "p99" : 0.019670488,
      "p999" : 0.019670488,
      "stddev" : 0.0019761603397130396,
      "m15_rate" : 0.9001645752060762,
      "m1_rate" : 0.002901087175326724,
      "m5_rate" : 0.3752314017231069,
      "mean_rate" : 0.055418006071980025,
      "duration_units" : "seconds",
      "rate_units" : "calls/second"
    },
    "eu.domibus.core.message.MessageInfoDao.deleteMessages.timer" : {
      "count" : 46,
      "max" : 1.2828104610000002,
      "mean" : 0.6065571637006134,
      "min" : 0.036752078,
      "p50" : 0.365090585,
      "p75" : 0.9668593430000001,
      "p95" : 1.1389724140000002,
      "p98" : 1.2828104610000002,
      "p99" : 1.2828104610000002,
      "p999" : 1.2828104610000002,
      "stddev" : 0.39412102532614646,
      "m15_rate" : 1.8003375184531574,
      "m1_rate" : 0.005810313224834055,
      "m5_rate" : 0.7504974046053682,
      "mean_rate" : 0.110613659526607,
      "duration_units" : "seconds",
      "rate_units" : "calls/second"
    },
    "eu.domibus.core.message.MessageInfoDao.findSignalMessageIds.timer" : {
      "count" : 23,
      "max" : 0.322279011,
      "mean" : 0.14306804072303972,
      "min" : 0.023439886,
      "p50" : 0.12090313000000001,
      "p75" : 0.14666041500000002,
      "p95" : 0.29723892500000004,
      "p98" : 0.322279011,
      "p99" : 0.322279011,
      "p999" : 0.322279011,
      "stddev" : 0.07058338244284794,
      "m15_rate" : 0.9001601275210672,
      "m1_rate" : 0.0028909097572745045,
      "m5_rate" : 0.3752106200117998,
      "mean_rate" : 0.055269061711050387,
      "duration_units" : "seconds",
      "rate_units" : "calls/second"
    },
    "eu.domibus.core.message.MessagingServiceImpl.storeMessage.timer" : {
      "count" : 128526,
      "max" : 0.09028855100000001,
      "mean" : 0.0054939493615069,
      "min" : 0.0029105980000000004,
      "p50" : 0.004705698,
      "p75" : 0.005276498,
      "p95" : 0.008019595000000001,
      "p98" : 0.012724793000000002,
      "p99" : 0.015144192,
      "p999" : 0.09028855100000001,
      "stddev" : 0.005504203517994892,
      "m15_rate" : 86.62269605418292,
      "m1_rate" : 127.55376610487028,
      "m5_rate" : 123.50103351843964,
      "mean_rate" : 116.8275672492893,
      "duration_units" : "seconds",
      "rate_units" : "calls/second"
    },
    "eu.domibus.core.message.UserMessageHandlerServiceImpl.handleNewUserMessage.timer" : {
      "count" : 64371,
      "max" : 0.30470653200000003,
      "mean" : 0.07310645987964885,
      "min" : 0.024425287,
      "p50" : 0.06547776500000001,
      "p75" : 0.089150252,
      "p95" : 0.133528427,
      "p98" : 0.16949460900000002,
      "p99" : 0.202568891,
      "p999" : 0.281768048,
      "stddev" : 0.03430778526772919,
      "m15_rate" : 43.727095025359894,
      "m1_rate" : 63.598457632382136,
      "m5_rate" : 61.80501940067334,
      "mean_rate" : 58.51096830631043,
      "duration_units" : "seconds",
      "rate_units" : "calls/second"
    },
    "eu.domibus.core.message.UserMessageLogDao.deleteMessages.deleteMessageLogs.timer" : {
      "count" : 23,
      "max" : 0.08478965100000001,
      "mean" : 0.06308780123026664,
      "min" : 0.01622689,
      "p50" : 0.062435264000000004,
      "p75" : 0.069722359,
      "p95" : 0.08478965100000001,
      "p98" : 0.08478965100000001,
      "p99" : 0.08478965100000001,
      "p999" : 0.08478965100000001,
      "stddev" : 0.011663513652819956,
      "m15_rate" : 0.9001645752060762,
      "m1_rate" : 0.002901087175326724,
      "m5_rate" : 0.3752314017231069,
      "mean_rate" : 0.055410497438068224,
      "duration_units" : "seconds",
      "rate_units" : "calls/second"
    },
    "eu.domibus.core.message.acknowledge.MessageAcknowledgementDao.deleteMessages.deleteMessageAcknowledgementsByMessageIds.timer" : {
      "count" : 23,
      "max" : 0.09631374200000001,
      "mean" : 0.004947607880262712,
      "min" : 0.0026791980000000003,
      "p50" : 0.0035724980000000003,
      "p75" : 0.0038737980000000003,
      "p95" : 0.004440197,
      "p98" : 0.009987894,
      "p99" : 0.09631374200000001,
      "p999" : 0.09631374200000001,
      "stddev" : 0.01079132271543907,
      "m15_rate" : 0.9051794067020429,
      "m1_rate" : 0.0031532033988767197,
      "m5_rate" : 0.38153766463176525,
      "mean_rate" : 0.05542266317331805,
      "duration_units" : "seconds",
      "rate_units" : "calls/second"
    },
    "eu.domibus.core.message.attempt.MessageAttemptDao.deleteMessages.deleteAttemptsByMessageIds.timer" : {
      "count" : 23,
      "max" : 0.011950792,
      "mean" : 0.004063967741509097,
      "min" : 0.003254498,
      "p50" : 0.003783198,
      "p75" : 0.0044305970000000005,
      "p95" : 0.004927697,
      "p98" : 0.008819495,
      "p99" : 0.011950792,
      "p999" : 0.011950792,
      "stddev" : 0.001189608083108397,
      "m15_rate" : 0.9001645752060762,
      "m1_rate" : 0.002901087175326724,
      "m5_rate" : 0.3752314017231069,
      "mean_rate" : 0.05541626925557679,
      "duration_units" : "seconds",
      "rate_units" : "calls/second"
    },
    "eu.domibus.core.message.pull.IncomingPullRequestHandler.incoming_pull_request.timer" : {
      "count" : 4,
      "max" : 0.42838590000000004,
      "mean" : 0.221446047,
      "min" : 0.012230695000000001,
      "p50" : 0.4283555,
      "p75" : 0.42838590000000004,
      "p95" : 0.42838590000000004,
      "p98" : 0.42838590000000004,
      "p99" : 0.42838590000000004,
      "p999" : 0.42838590000000004,
      "stddev" : 0.20693099281075494,
      "m15_rate" : 0.08963293573619421,
      "m1_rate" : 4.4030589278987905E-15,
      "m5_rate" : 0.0011251822932806543,
      "mean_rate" : 0.00202467702986375,
      "duration_units" : "seconds",
      "rate_units" : "calls/second"
    },
    "eu.domibus.core.message.receipt.AS4ReceiptServiceImpl.generateReceipt.timer" : {
      "count" : 64371,
      "max" : 0.12854583,
      "mean" : 0.024830968038324686,
      "min" : 0.015764792,
      "p50" : 0.022093088,
      "p75" : 0.026377886000000003,
      "p95" : 0.040865878,
      "p98" : 0.053038172,
      "p99" : 0.058417968,
      "p999" : 0.08985275200000001,
      "stddev" : 0.008962337436491281,
      "m15_rate" : 43.73231430555237,
      "m1_rate" : 63.628402102443125,
      "m5_rate" : 61.811626554261785,
      "mean_rate" : 58.51905335901034,
      "duration_units" : "seconds",
      "rate_units" : "calls/second"
    },
    "eu.domibus.core.message.retention.MessageRetentionDefaultService.schedule_deleteExpiredMessages.timer" : {
      "count" : 7,
      "max" : 6.841585374,
      "mean" : 5.89674772904251,
      "min" : 0.225089898,
      "p50" : 5.5644307920000005,
      "p75" : 6.841585374,
      "p95" : 6.841585374,
      "p98" : 6.841585374,
      "p99" : 6.841585374,
      "p999" : 6.841585374,
      "stddev" : 0.5638535119559096,
      "m15_rate" : 0.03672409446536682,
      "m1_rate" : 2.0797624568327306E-4,
      "m5_rate" : 0.004430866731321081,
      "mean_rate" : 0.004326974601908096,
      "duration_units" : "seconds",
      "rate_units" : "calls/second"
    },
    "eu.domibus.core.message.retention.RetentionListener.onMessage.deleteMessages.timer" : {
      "count" : 23,
      "max" : 2.076122549,
      "mean" : 1.7785119084328047,
      "min" : 0.354285887,
      "p50" : 1.82005035,
      "p75" : 1.9312764880000002,
      "p95" : 1.951151276,
      "p98" : 1.951151276,
      "p99" : 2.076122549,
      "p999" : 2.076122549,
      "stddev" : 0.2472500644431981,
      "m15_rate" : 0.9001774157102148,
      "m1_rate" : 0.0029202879264019588,
      "m5_rate" : 0.3752871338578745,
      "mean_rate" : 0.05526249005688981,
      "duration_units" : "seconds",
      "rate_units" : "calls/second"
    },
    "eu.domibus.core.message.signal.SignalMessageDao.deleteMessages.deleteReceipts.timer" : {
      "count" : 23,
      "max" : 0.25725295200000003,
      "mean" : 0.19965035235983156,
      "min" : 0.024995185000000003,
      "p50" : 0.212344777,
      "p75" : 0.22580987000000002,
      "p95" : 0.25725295200000003,
      "p98" : 0.25725295200000003,
      "p99" : 0.25725295200000003,
      "p999" : 0.25725295200000003,
      "stddev" : 0.041473065094879295,
      "m15_rate" : 0.9001645752060762,
      "m1_rate" : 0.002901087175326724,
      "m5_rate" : 0.3752314017231069,
      "mean_rate" : 0.055404616194236096,
      "duration_units" : "seconds",
      "rate_units" : "calls/second"
    },
    "eu.domibus.core.message.signal.SignalMessageLogDao.deleteMessages.deleteMessageLogs.timer" : {
      "count" : 23,
      "max" : 0.06590676200000001,
      "mean" : 0.05359057678182573,
      "min" : 0.007286096000000001,
      "p50" : 0.057711866,
      "p75" : 0.062009164000000006,
      "p95" : 0.06590676200000001,
      "p98" : 0.06590676200000001,
      "p99" : 0.06590676200000001,
      "p999" : 0.06590676200000001,
      "stddev" : 0.0107957680546646,
      "m15_rate" : 0.9001645752060762,
      "m1_rate" : 0.002901087175326724,
      "m5_rate" : 0.3752314017231069,
      "mean_rate" : 0.05541361464360639,
      "duration_units" : "seconds",
      "rate_units" : "calls/second"
    },
    "eu.domibus.core.plugin.handler.DatabaseMessageHandler.submit.timer" : {
      "count" : 64147,
      "max" : 0.303902638,
      "mean" : 0.07325771308489328,
      "min" : 0.010103994,
      "p50" : 0.069904963,
      "p75" : 0.07874135800000001,
      "p95" : 0.11526773700000001,
      "p98" : 0.15508391700000002,
      "p99" : 0.180063402,
      "p999" : 0.303902638,
      "stddev" : 0.02760712840731773,
      "m15_rate" : 43.53804531154055,
      "m1_rate" : 63.98300952991907,
      "m5_rate" : 61.74491567609894,
      "mean_rate" : 60.27681054666058,
      "duration_units" : "seconds",
      "rate_units" : "calls/second"
    },
    "eu.domibus.core.plugin.notification.BackendNotificationService.notifyMessageReceived.timer" : {
      "count" : 64371,
      "max" : 0.267872657,
      "mean" : 0.04030614949256591,
      "min" : 4.2140000000000005E-4,
      "p50" : 0.032026283,
      "p75" : 0.05553467,
      "p95" : 0.098766448,
      "p98" : 0.134301827,
      "p99" : 0.172978405,
      "p999" : 0.267872657,
      "stddev" : 0.03322179356050623,
      "m15_rate" : 43.72897071962525,
      "m1_rate" : 63.59856594995044,
      "m5_rate" : 61.80458546392688,
      "mean_rate" : 58.51488094400519,
      "duration_units" : "seconds",
      "rate_units" : "calls/second"
    },
    "eu.domibus.core.plugin.notification.PluginAsyncNotificationListener.onMessage.timer" : {
      "count" : 64192,
      "max" : 0.32740312400000005,
      "mean" : 0.07334619771664248,
      "min" : 0.009104195,
      "p50" : 0.070348062,
      "p75" : 0.08151385600000001,
      "p95" : 0.116408436,
      "p98" : 0.142510824,
      "p99" : 0.171140108,
      "p999" : 0.30102443300000004,
      "stddev" : 0.028248267999997946,
      "m15_rate" : 43.497023890824636,
      "m1_rate" : 63.71842107355775,
      "m5_rate" : 61.6713509635094,
      "mean_rate" : 58.372902410585375,
      "duration_units" : "seconds",
      "rate_units" : "calls/second"
    },
    "eu.domibus.core.pmode.validation.validators.MessagePropertyValidator.validate.timer" : {
      "count" : 128526,
      "max" : 2.78E-5,
      "mean" : 1.1079840691245703E-6,
      "min" : 4.0000000000000003E-7,
      "p50" : 1.0000000000000002E-6,
      "p75" : 1.2000000000000002E-6,
      "p95" : 1.6000000000000001E-6,
      "p98" : 2.1000000000000002E-6,
      "p99" : 2.3E-6,
      "p999" : 2.4900000000000002E-5,
      "stddev" : 1.508483888790243E-6,
      "m15_rate" : 86.62326775642889,
      "m1_rate" : 127.5659435998412,
      "m5_rate" : 123.50356372687129,
      "mean_rate" : 116.82596764097681,
      "duration_units" : "seconds",
      "rate_units" : "calls/second"
    },
    "eu.domibus.core.replication.UIMessageDaoImpl.deleteMessages.deleteUIMessagesByMessageIds.timer" : {
      "count" : 46,
      "max" : 0.014376792000000001,
      "mean" : 0.0033774839344748626,
      "min" : 7.569E-4,
      "p50" : 0.0031303980000000004,
      "p75" : 0.0039043980000000003,
      "p95" : 0.005290297,
      "p98" : 0.009261695,
      "p99" : 0.009261695,
      "p999" : 0.014376792000000001,
      "stddev" : 0.00152597423738755,
      "m15_rate" : 1.8003291504121524,
      "m1_rate" : 0.005802174350653448,
      "m5_rate" : 0.7504628034462139,
      "mean_rate" : 0.11084034450886825,
      "duration_units" : "seconds",
      "rate_units" : "calls/second"
    },
    "eu.domibus.core.util.SoapUtil.logMessage.timer" : {
      "count" : 64375,
      "max" : 1.73E-5,
      "mean" : 7.231427609015203E-7,
      "min" : 2.0000000000000002E-7,
      "p50" : 6.000000000000001E-7,
      "p75" : 7.000000000000001E-7,
      "p95" : 1.2000000000000002E-6,
      "p98" : 1.4000000000000001E-6,
      "p99" : 1.5E-6,
      "p999" : 1.73E-5,
      "stddev" : 9.965672800257405E-7,
      "m15_rate" : 43.72957579992403,
      "m1_rate" : 63.61260049427555,
      "m5_rate" : 61.806296170695504,
      "mean_rate" : 58.514644220902646,
      "duration_units" : "seconds",
      "rate_units" : "calls/second"
    },
    "eu.domibus.plugin.jms.JMSPluginImpl.deliverMessage.timer" : {
      "count" : 64192,
      "max" : 0.41452677000000004,
      "mean" : 0.07263027362582176,
      "min" : 0.009189795,
      "p50" : 0.070100463,
      "p75" : 0.08155015700000001,
      "p95" : 0.11323903900000001,
      "p98" : 0.152602216,
      "p99" : 0.18430580100000002,
      "p999" : 0.305519737,
      "stddev" : 0.031549030445004525,
      "m15_rate" : 43.496453836674675,
      "m1_rate" : 63.71201244430264,
      "m5_rate" : 61.6690854842112,
      "mean_rate" : 58.373552000134026,
      "duration_units" : "seconds",
      "rate_units" : "calls/second"
    },
    "eu.domibus.plugin.jms.JMSPluginImpl.receiveMessage.timer" : {
      "count" : 64147,
      "max" : 0.66471521,
      "mean" : 0.13309224578595055,
      "min" : 0.009868695,
      "p50" : 0.13241683,
      "p75" : 0.15102541900000002,
      "p95" : 0.217334782,
      "p98" : 0.266844854,
      "p99" : 0.294428842,
      "p999" : 0.478606542,
      "stddev" : 0.0542589968603415,
      "m15_rate" : 43.53039379026954,
      "m1_rate" : 63.88732859334566,
      "m5_rate" : 61.72736580038006,
      "mean_rate" : 60.27633445644015,
      "duration_units" : "seconds",
      "rate_units" : "calls/second"
    }
  }
}