{
  "version" : "4.0.0",
  "gauges" : { },
  "counters" : {
    "eu.domibus.core.ebms3.receiver.MSHWebservice.incoming_user_message.counter" : {
      "count" : 6
    },
    "eu.domibus.core.ebms3.receiver.handler.AbstractIncomingMessageHandler.processMessage.counter" : {
      "count" : 6
    },
    "eu.domibus.core.ebms3.receiver.handler.IncomingUserMessageHandler.around_handleNewUserMessage.counter.counter" : {
      "count" : 6
    },
    "eu.domibus.core.ebms3.sender.AbstractUserMessageSender.outgoing_user_message.counter" : {
      "count" : 3
    },
    "eu.domibus.core.ebms3.sender.MessageSenderListener.onMessage.counter" : {
      "count" : 3
    },
    "eu.domibus.core.ebms3.sender.MessageSenderService.sendUserMessage.counter" : {
      "count" : 3
    },
    "eu.domibus.core.ebms3.sender.client.MSHDispatcher.dispatch.counter" : {
      "count" : 3
    },
    "eu.domibus.core.error.ErrorLogDao.deleteMessages.deleteErrorLogsByMessageIdInError.counter" : {
      "count" : 0
    },
    "eu.domibus.core.message.MessageInfoDao.deleteMessages.counter" : {
      "count" : 0
    },
    "eu.domibus.core.message.MessageInfoDao.findSignalMessageIds.counter" : {
      "count" : 0
    },
    "eu.domibus.core.message.MessagingServiceImpl.storeMessage.counter" : {
      "count" : 0
    },
    "eu.domibus.core.message.UserMessageHandlerServiceImpl.handleNewUserMessage.counter" : {
      "count" : 1
    },
    "eu.domibus.core.message.UserMessageLogDao.deleteMessages.deleteMessageLogs.counter" : {
      "count" : 0
    },
    "eu.domibus.core.message.acknowledge.MessageAcknowledgementDao.deleteMessages.deleteMessageAcknowledgementsByMessageIds.counter" : {
      "count" : 0
    },
    "eu.domibus.core.message.attempt.MessageAttemptDao.deleteMessages.deleteAttemptsByMessageIds.counter" : {
      "count" : 0
    },
    "eu.domibus.core.message.pull.IncomingPullRequestHandler.incoming_pull_request.counter" : {
      "count" : 0
    },
    "eu.domibus.core.message.receipt.AS4ReceiptServiceImpl.generateReceipt.counter" : {
      "count" : 0
    },
    "eu.domibus.core.message.retention.MessageRetentionDefaultService.schedule_deleteExpiredMessages.counter" : {
      "count" : 0
    },
    "eu.domibus.core.message.retention.RetentionListener.onMessage.deleteMessages.counter" : {
      "count" : 0
    },
    "eu.domibus.core.message.signal.SignalMessageDao.deleteMessages.deleteReceipts.counter" : {
      "count" : 0
    },
    "eu.domibus.core.message.signal.SignalMessageLogDao.deleteMessages.deleteMessageLogs.counter" : {
      "count" : 0
    },
    "eu.domibus.core.plugin.handler.DatabaseMessageHandler.submit.counter" : {
      "count" : 0
    },
    "eu.domibus.core.plugin.notification.BackendNotificationService.notifyMessageReceived.counter" : {
      "count" : 1
    },
    "eu.domibus.core.plugin.notification.PluginAsyncNotificationListener.onMessage.counter" : {
      "count" : 0
    },
    "eu.domibus.core.pmode.validation.validators.MessagePropertyValidator.validate.counter" : {
      "count" : 0
    },
    "eu.domibus.core.replication.UIMessageDaoImpl.deleteMessages.deleteUIMessagesByMessageIds.counter" : {
      "count" : 0
    },
    "eu.domibus.core.util.SoapUtil.SoapUtil.counter" : {
      "count" : 0
    },
    "eu.domibus.plugin.jms.JMSPluginImpl.deliverMessage.counter" : {
      "count" : 0
    },
    "eu.domibus.plugin.jms.JMSPluginImpl.receiveMessage.counter" : {
      "count" : 2
    }
  },
  "histograms" : { },
  "meters" : { },
  "timers" : {
    "eu.domibus.core.ebms3.receiver.MSHWebservice.incoming_user_message.timer" : {
      "count" : 61860,
      "max" : 0.9804182180000001,
      "mean" : 0.25515859797334134,
      "min" : 0.100924159,
      "p50" : 0.209836459,
      "p75" : 0.31753104600000004,
      "p95" : 0.48046165500000004,
      "p98" : 0.566372222,
      "p99" : 0.659943299,
      "p999" : 0.968156981,
      "stddev" : 0.11800156705495572,
      "m15_rate" : 40.609387790809635,
      "m1_rate" : 54.18431094390524,
      "m5_rate" : 56.548114784979184,
      "mean_rate" : 31.31247305153489,
      "duration_units" : "seconds",
      "rate_units" : "calls/second"
    },
    "eu.domibus.core.ebms3.receiver.handler.AbstractIncomingMessageHandler.processMessage.timer" : {
      "count" : 61854,
      "max" : 1.0216894460000001,
      "mean" : 0.2539759436846335,
      "min" : 0.102796733,
      "p50" : 0.209941269,
      "p75" : 0.32325267700000004,
      "p95" : 0.485566529,
      "p98" : 0.567055285,
      "p99" : 0.619725069,
      "p999" : 0.865638774,
      "stddev" : 0.11736889621468488,
      "m15_rate" : 41.18358382546135,
      "m1_rate" : 54.17213138481335,
      "m5_rate" : 56.60375313205295,
      "mean_rate" : 56.20968129107053,
      "duration_units" : "seconds",
      "rate_units" : "calls/second"
    },
    "eu.domibus.core.ebms3.receiver.handler.IncomingUserMessageHandler.around_handleNewUserMessage.timer.timer" : {
      "count" : 61854,
      "max" : 1.0960858450000002,
      "mean" : 0.2528750135650458,
      "min" : 0.10035490600000001,
      "p50" : 0.207505443,
      "p75" : 0.314302346,
      "p95" : 0.49093652600000004,
      "p98" : 0.565181612,
      "p99" : 0.6285222850000001,
      "p999" : 1.001086135,
      "stddev" : 0.12053682225546297,
      "m15_rate" : 41.18322858184864,
      "m1_rate" : 54.15992150259445,
      "m5_rate" : 56.601142306881094,
      "mean_rate" : 56.21142875408769,
      "duration_units" : "seconds",
      "rate_units" : "calls/second"
    },
    "eu.domibus.core.ebms3.sender.AbstractUserMessageSender.outgoing_user_message.timer" : {
      "count" : 61905,
      "max" : 0.435269664,
      "mean" : 0.05416152720398829,
      "min" : 0.039840895,
      "p50" : 0.052042226000000004,
      "p75" : 0.056485838000000003,
      "p95" : 0.064726803,
      "p98" : 0.072623934,
      "p99" : 0.12300500700000001,
      "p999" : 0.21588862,
      "stddev" : 0.01515303455195789,
      "m15_rate" : 41.57398093865516,
      "m1_rate" : 55.00158272700566,
      "m5_rate" : 56.901536834520606,
      "mean_rate" : 58.233107807328594,
      "duration_units" : "seconds",
      "rate_units" : "calls/second"
    },
    "eu.domibus.core.ebms3.sender.MessageSenderListener.onMessage.timer" : {
      "count" : 61905,
      "max" : 0.28731924400000003,
      "mean" : 0.0633909808220169,
      "min" : 0.044573133,
      "p50" : 0.057150099,
      "p75" : 0.062557101,
      "p95" : 0.110760071,
      "p98" : 0.15252954400000002,
      "p99" : 0.18893902,
      "p999" : 0.25043812400000004,
      "stddev" : 0.023942496667453392,
      "m15_rate" : 41.57470287083089,
      "m1_rate" : 55.035920209729404,
      "m5_rate" : 56.90886208849612,
      "mean_rate" : 58.22814641257671,
      "duration_units" : "seconds",
      "rate_units" : "calls/second"
    },
    "eu.domibus.core.ebms3.sender.MessageSenderService.sendUserMessage.timer" : {
      "count" : 61905,
      "max" : 0.48021163200000005,
      "mean" : 0.06542787947558477,
      "min" : 0.044231502000000006,
      "p50" : 0.057422325,
      "p75" : 0.063201561,
      "p95" : 0.130001755,
      "p98" : 0.15972171200000002,
      "p99" : 0.191579365,
      "p999" : 0.26147644800000003,
      "stddev" : 0.02856285705018837,
      "m15_rate" : 41.57735214937811,
      "m1_rate" : 55.07159550566374,
      "m5_rate" : 56.91593580931157,
      "mean_rate" : 58.229004214466805,
      "duration_units" : "seconds",
      "rate_units" : "calls/second"
    },
    "eu.domibus.core.ebms3.sender.client.MSHDispatcher.dispatch.timer" : {
      "count" : 61905,
      "max" : 0.211995559,
      "mean" : 0.047220709609207025,
      "min" : 0.033509707,
      "p50" : 0.045223194,
      "p75" : 0.049735012,
      "p95" : 0.05726061,
      "p98" : 0.067889196,
      "p99" : 0.10357780500000001,
      "p999" : 0.211995559,
      "stddev" : 0.013487198269000177,
      "m15_rate" : 41.57309312489656,
      "m1_rate" : 54.95010286976091,
      "m5_rate" : 56.89407633822523,
      "mean_rate" : 58.23667150618906,
      "duration_units" : "seconds",
      "rate_units" : "calls/second"
    },
    "eu.domibus.core.error.ErrorLogDao.deleteMessages.deleteErrorLogsByMessageIdInError.timer" : {
      "count" : 25,
      "max" : 0.009879216000000001,
      "mean" : 0.0035448924780434195,
      "min" : 0.0024043230000000003,
      "p50" : 0.0035275270000000004,
      "p75" : 0.003872059,
      "p95" : 0.0046111270000000005,
      "p98" : 0.005187481000000001,
      "p99" : 0.005187481000000001,
      "p999" : 0.009879216000000001,
      "stddev" : 8.161936626360222E-4,
      "m15_rate" : 0.14123424623431044,
      "m1_rate" : 0.06605105844041159,
      "m5_rate" : 0.09145648123186126,
      "mean_rate" : 0.05255409685270004,
      "duration_units" : "seconds",
      "rate_units" : "calls/second"
    },
    "eu.domibus.core.message.MessageInfoDao.deleteMessages.timer" : {
      "count" : 50,
      "max" : 1.177078655,
      "mean" : 0.6522375197125638,
      "min" : 0.031121386,
      "p50" : 0.41252915500000004,
      "p75" : 1.0638666570000002,
      "p95" : 1.177078655,
      "p98" : 1.177078655,
      "p99" : 1.177078655,
      "p999" : 1.177078655,
      "stddev" : 0.40034549802793945,
      "m15_rate" : 0.2824684924686209,
      "m1_rate" : 0.13210211688082318,
      "m5_rate" : 0.18291296246372252,
      "mean_rate" : 0.10506324913144253,
      "duration_units" : "seconds",
      "rate_units" : "calls/second"
    },
    "eu.domibus.core.message.MessageInfoDao.findSignalMessageIds.timer" : {
      "count" : 25,
      "max" : 0.237450019,
      "mean" : 0.1159477234793248,
      "min" : 0.04497007,
      "p50" : 0.11163065200000001,
      "p75" : 0.142975959,
      "p95" : 0.17640935900000002,
      "p98" : 0.201133252,
      "p99" : 0.237450019,
      "p999" : 0.237450019,
      "stddev" : 0.03832919099130344,
      "m15_rate" : 0.14121349257321092,
      "m1_rate" : 0.06531078681023039,
      "m5_rate" : 0.09132232146178093,
      "mean_rate" : 0.05252497529396777,
      "duration_units" : "seconds",
      "rate_units" : "calls/second"
    },
    "eu.domibus.core.message.MessagingServiceImpl.storeMessage.timer" : {
      "count" : 123770,
      "max" : 0.10203126200000001,
      "mean" : 0.00472344141121415,
      "min" : 0.002437826,
      "p50" : 0.003972368,
      "p75" : 0.004483916,
      "p95" : 0.006892839,
      "p98" : 0.008899926,
      "p99" : 0.013711372000000001,
      "p999" : 0.098508335,
      "stddev" : 0.006300758491787508,
      "m15_rate" : 81.72521886671382,
      "m1_rate" : 108.61921793493163,
      "m5_rate" : 113.26198472796173,
      "mean_rate" : 112.48074478972228,
      "duration_units" : "seconds",
      "rate_units" : "calls/second"
    },
    "eu.domibus.core.message.UserMessageHandlerServiceImpl.handleNewUserMessage.timer" : {
      "count" : 61859,
      "max" : 0.362676632,
      "mean" : 0.054091607620408086,
      "min" : 0.019561514000000002,
      "p50" : 0.027231325,
      "p75" : 0.06070923,
      "p95" : 0.15462313900000002,
      "p98" : 0.197538718,
      "p99" : 0.224767343,
      "p999" : 0.353093943,
      "stddev" : 0.05037365985990535,
      "m15_rate" : 41.18334230830331,
      "m1_rate" : 54.115751601554386,
      "m5_rate" : 56.58649395025488,
      "mean_rate" : 56.21587748969148,
      "duration_units" : "seconds",
      "rate_units" : "calls/second"
    },
    "eu.domibus.core.message.UserMessageLogDao.deleteMessages.deleteMessageLogs.timer" : {
      "count" : 25,
      "max" : 0.09051089400000001,
      "mean" : 0.07699093664142026,
      "min" : 0.013553057,
      "p50" : 0.079633984,
      "p75" : 0.086403512,
      "p95" : 0.09051089400000001,
      "p98" : 0.09051089400000001,
      "p99" : 0.09051089400000001,
      "p999" : 0.09051089400000001,
      "stddev" : 0.01153119608287013,
      "m15_rate" : 0.14123424623431044,
      "m1_rate" : 0.06605105844041159,
      "m5_rate" : 0.09145648123186126,
      "mean_rate" : 0.0525491428250584,
      "duration_units" : "seconds",
      "rate_units" : "calls/second"
    },
    "eu.domibus.core.message.acknowledge.MessageAcknowledgementDao.deleteMessages.deleteMessageAcknowledgementsByMessageIds.timer" : {
      "count" : 25,
      "max" : 0.011262844000000001,
      "mean" : 0.004102941271683702,
      "min" : 0.0021835030000000003,
      "p50" : 0.003326308,
      "p75" : 0.004995963,
      "p95" : 0.007487194000000001,
      "p98" : 0.007487194000000001,
      "p99" : 0.007487194000000001,
      "p999" : 0.007953737,
      "stddev" : 0.0018054931424933746,
      "m15_rate" : 0.14123424623431044,
      "m1_rate" : 0.06605105844041159,
      "m5_rate" : 0.09145648123186126,
      "mean_rate" : 0.05255625738237006,
      "duration_units" : "seconds",
      "rate_units" : "calls/second"
    },
    "eu.domibus.core.message.attempt.MessageAttemptDao.deleteMessages.deleteAttemptsByMessageIds.timer" : {
      "count" : 25,
      "max" : 0.009724302,
      "mean" : 0.0038782681750734525,
      "min" : 0.002438426,
      "p50" : 0.0036223360000000003,
      "p75" : 0.004216991000000001,
      "p95" : 0.0055689170000000005,
      "p98" : 0.0055689170000000005,
      "p99" : 0.0062209760000000005,
      "p999" : 0.009724302,
      "stddev" : 9.986155293215204E-4,
      "m15_rate" : 0.14123424623431044,
      "m1_rate" : 0.06605105844041159,
      "m5_rate" : 0.09145648123186126,
      "mean_rate" : 0.052552963893391334,
      "duration_units" : "seconds",
      "rate_units" : "calls/second"
    },
    "eu.domibus.core.message.pull.IncomingPullRequestHandler.incoming_pull_request.timer" : {
      "count" : 6,
      "max" : 0.5287768500000001,
      "mean" : 0.27503154766666665,
      "min" : 0.014720468,
      "p50" : 0.528679841,
      "p75" : 0.5287646490000001,
      "p95" : 0.5287768500000001,
      "p98" : 0.5287768500000001,
      "p99" : 0.5287768500000001,
      "p999" : 0.5287768500000001,
      "stddev" : 0.25373200348175157,
      "m15_rate" : 0.1344494036042912,
      "m1_rate" : 6.604588391848203E-15,
      "m5_rate" : 0.0016877734399209827,
      "mean_rate" : 0.003037097490292504,
      "duration_units" : "seconds",
      "rate_units" : "calls/second"
    },
    "eu.domibus.core.message.receipt.AS4ReceiptServiceImpl.generateReceipt.timer" : {
      "count" : 61859,
      "max" : 0.133876515,
      "mean" : 0.020854605492185624,
      "min" : 0.013273131,
      "p50" : 0.018520117000000003,
      "p75" : 0.021711013,
      "p95" : 0.033576514,
      "p98" : 0.044605736,
      "p99" : 0.053649175,
      "p999" : 0.13101895,
      "stddev" : 0.00859189792560602,
      "m15_rate" : 41.180786896245564,
      "m1_rate" : 54.054642624566455,
      "m5_rate" : 56.57245865927517,
      "mean_rate" : 56.22288964196373,
      "duration_units" : "seconds",
      "rate_units" : "calls/second"
    },
    "eu.domibus.core.message.retention.MessageRetentionDefaultService.schedule_deleteExpiredMessages.timer" : {
      "count" : 8,
      "max" : 6.5962496,
      "mean" : 5.687768402969224,
      "min" : 0.47981724000000003,
      "p50" : 5.563230698,
      "p75" : 5.563230698,
      "p95" : 6.5962496,
      "p98" : 6.5962496,
      "p99" : 6.5962496,
      "p999" : 6.5962496,
      "stddev" : 0.3933327032285506,
      "m15_rate" : 0.040709421175723855,
      "m1_rate" : 0.008960807326463942,
      "m5_rate" : 0.009133793032066012,
      "mean_rate" : 0.005135557025946042,
      "duration_units" : "seconds",
      "rate_units" : "calls/second"
    },
    "eu.domibus.core.message.retention.RetentionListener.onMessage.deleteMessages.timer" : {
      "count" : 25,
      "max" : 2.137721538,
      "mean" : 1.9279002287890437,
      "min" : 0.313984819,
      "p50" : 1.998121392,
      "p75" : 2.0219377020000002,
      "p95" : 2.137721538,
      "p98" : 2.137721538,
      "p99" : 2.137721538,
      "p999" : 2.137721538,
      "stddev" : 0.18717634251896478,
      "m15_rate" : 0.14124008550531,
      "m1_rate" : 0.0666550164547527,
      "m5_rate" : 0.09150350908294773,
      "mean_rate" : 0.05252321464242686,
      "duration_units" : "seconds",
      "rate_units" : "calls/second"
    },
    "eu.domibus.core.message.signal.SignalMessageDao.deleteMessages.deleteReceipts.timer" : {
      "count" : 25,
      "max" : 0.33953298600000004,
      "mean" : 0.27984594455487977,
      "min" : 0.026139125000000003,
      "p50" : 0.30161327000000004,
      "p75" : 0.31242817300000003,
      "p95" : 0.33953298600000004,
      "p98" : 0.33953298600000004,
      "p99" : 0.33953298600000004,
      "p999" : 0.33953298600000004,
      "stddev" : 0.05659387843568111,
      "m15_rate" : 0.14123424623431044,
      "m1_rate" : 0.06605105844041159,
      "m5_rate" : 0.09145648123186126,
      "mean_rate" : 0.052546205744874196,
      "duration_units" : "seconds",
      "rate_units" : "calls/second"
    },
    "eu.domibus.core.message.signal.SignalMessageLogDao.deleteMessages.deleteMessageLogs.timer" : {
      "count" : 25,
      "max" : 0.084826566,
      "mean" : 0.06001467961104332,
      "min" : 0.020845633000000002,
      "p50" : 0.061920442000000006,
      "p75" : 0.06518834500000001,
      "p95" : 0.08174988100000001,
      "p98" : 0.08174988100000001,
      "p99" : 0.08174988100000001,
      "p999" : 0.084826566,
      "stddev" : 0.01091260857198156,
      "m15_rate" : 0.14123424623431044,
      "m1_rate" : 0.06605105844041159,
      "m5_rate" : 0.09145648123186126,
      "mean_rate" : 0.052550609389379305,
      "duration_units" : "seconds",
      "rate_units" : "calls/second"
    },
    "eu.domibus.core.plugin.handler.DatabaseMessageHandler.submit.timer" : {
      "count" : 61910,
      "max" : 0.432105671,
      "mean" : 0.0445238306273114,
      "min" : 0.0069555450000000005,
      "p50" : 0.010425667000000001,
      "p75" : 0.081858791,
      "p95" : 0.158113963,
      "p98" : 0.20366798700000002,
      "p99" : 0.218412254,
      "p999" : 0.32204686400000004,
      "stddev" : 0.05506697178486244,
      "m15_rate" : 41.57264092393078,
      "m1_rate" : 55.02807223686444,
      "m5_rate" : 56.89931960147343,
      "mean_rate" : 58.21920307613624,
      "duration_units" : "seconds",
      "rate_units" : "calls/second"
    },
    "eu.domibus.core.plugin.notification.BackendNotificationService.notifyMessageReceived.timer" : {
      "count" : 61860,
      "max" : 0.32575850900000003,
      "mean" : 0.025307774026432552,
      "min" : 3.2123000000000004E-4,
      "p50" : 6.4216E-4,
      "p75" : 0.035410284,
      "p95" : 0.11354983,
      "p98" : 0.134649287,
      "p99" : 0.165478346,
      "p999" : 0.250482129,
      "stddev" : 0.04223389196551397,
      "m15_rate" : 41.18154526762334,
      "m1_rate" : 54.07490144858125,
      "m5_rate" : 56.576893421541925,
      "mean_rate" : 56.22031237026773,
      "duration_units" : "seconds",
      "rate_units" : "calls/second"
    },
    "eu.domibus.core.plugin.notification.PluginAsyncNotificationListener.onMessage.timer" : {
      "count" : 61932,
      "max" : 0.375043479,
      "mean" : 0.04140785100763821,
      "min" : 0.007828426000000001,
      "p50" : 0.010861107,
      "p75" : 0.075225576,
      "p95" : 0.156658128,
      "p98" : 0.19906306000000001,
      "p99" : 0.214647305,
      "p999" : 0.368119637,
      "stddev" : 0.0540994635965225,
      "m15_rate" : 41.2881453476953,
      "m1_rate" : 55.06966288547257,
      "m5_rate" : 56.868227398723214,
      "mean_rate" : 56.31555136082681,
      "duration_units" : "seconds",
      "rate_units" : "calls/second"
    },
    "eu.domibus.core.pmode.validation.validators.MessagePropertyValidator.validate.timer" : {
      "count" : 123774,
      "max" : 3.5803E-5,
      "mean" : 1.4664474459662961E-6,
      "min" : 5.000000000000001E-7,
      "p50" : 1.3E-6,
      "p75" : 1.6000000000000001E-6,
      "p95" : 2.2E-6,
      "p98" : 2.401E-6,
      "p99" : 2.6E-6,
      "p999" : 2.0502E-5,
      "stddev" : 1.422494542179332E-6,
      "m15_rate" : 81.72560970442387,
      "m1_rate" : 108.62807069815693,
      "m5_rate" : 113.26342829184244,
      "mean_rate" : 112.48318032216747,
      "duration_units" : "seconds",
      "rate_units" : "calls/second"
    },
    "eu.domibus.core.replication.UIMessageDaoImpl.deleteMessages.deleteUIMessagesByMessageIds.timer" : {
      "count" : 50,
      "max" : 0.009789008,
      "mean" : 0.0030803670220179847,
      "min" : 8.60079E-4,
      "p50" : 0.002891368,
      "p75" : 0.004008172,
      "p95" : 0.004298298,
      "p98" : 0.004344703,
      "p99" : 0.0077815210000000004,
      "p999" : 0.008869923,
      "stddev" : 9.206583066027381E-4,
      "m15_rate" : 0.2824684924686209,
      "m1_rate" : 0.13210211688082318,
      "m5_rate" : 0.18291296246372252,
      "mean_rate" : 0.10510970809204204,
      "duration_units" : "seconds",
      "rate_units" : "calls/second"
    },
    "eu.domibus.core.util.SoapUtil.logMessage.timer" : {
      "count" : 61864,
      "max" : 1.7802E-5,
      "mean" : 8.644511376013298E-7,
      "min" : 2.0000000000000002E-7,
      "p50" : 8.000000000000001E-7,
      "p75" : 1.0000000000000002E-6,
      "p95" : 1.5E-6,
      "p98" : 1.7E-6,
      "p99" : 1.8000000000000001E-6,
      "p999" : 2.2E-6,
      "stddev" : 5.375101037476822E-7,
      "m15_rate" : 41.17997849113889,
      "m1_rate" : 54.062532143872886,
      "m5_rate" : 56.57264168248198,
      "mean_rate" : 56.22051883865629,
      "duration_units" : "seconds",
      "rate_units" : "calls/second"
    },
    "eu.domibus.plugin.jms.JMSPluginImpl.deliverMessage.timer" : {
      "count" : 61932,
      "max" : 0.42799479,
      "mean" : 0.040567970006913215,
      "min" : 0.007344081000000001,
      "p50" : 0.010682091000000001,
      "p75" : 0.07356452200000001,
      "p95" : 0.15106460800000002,
      "p98" : 0.199528003,
      "p99" : 0.22123561600000002,
      "p999" : 0.33372584800000005,
      "stddev" : 0.053208976348054667,
      "m15_rate" : 41.28734528857619,
      "m1_rate" : 55.05668492457569,
      "m5_rate" : 56.86491485702073,
      "mean_rate" : 56.316302207420556,
      "duration_units" : "seconds",
      "rate_units" : "calls/second"
    },
    "eu.domibus.plugin.jms.JMSPluginImpl.receiveMessage.timer" : {
      "count" : 61910,
      "max" : 0.46323625700000004,
      "mean" : 0.07095630847567744,
      "min" : 0.007991441,
      "p50" : 0.011594675,
      "p75" : 0.142247591,
      "p95" : 0.255152561,
      "p98" : 0.31033077800000003,
      "p99" : 0.329509157,
      "p999" : 0.45796437,
      "stddev" : 0.09197410303817563,
      "m15_rate" : 41.575553722677746,
      "m1_rate" : 55.078939772347105,
      "m5_rate" : 56.912339089098566,
      "mean_rate" : 58.218754703046905,
      "duration_units" : "seconds",
      "rate_units" : "calls/second"
    }
  }
}