{
  "version" : "4.0.0",
  "gauges" : { },
  "counters" : {
    "eu.domibus.core.ebms3.receiver.MSHWebservice.incoming_user_message.counter" : {
      "count" : 17
    },
    "eu.domibus.core.ebms3.receiver.handler.AbstractIncomingMessageHandler.processMessage.counter" : {
      "count" : 17
    },
    "eu.domibus.core.ebms3.receiver.handler.IncomingUserMessageHandler.around_handleNewUserMessage.counter.counter" : {
      "count" : 17
    },
    "eu.domibus.core.ebms3.sender.AbstractUserMessageSender.outgoing_user_message.counter" : {
      "count" : 0
    },
    "eu.domibus.core.ebms3.sender.MessageSenderListener.onMessage.counter" : {
      "count" : 0
    },
    "eu.domibus.core.ebms3.sender.MessageSenderService.sendUserMessage.counter" : {
      "count" : 0
    },
    "eu.domibus.core.ebms3.sender.client.MSHDispatcher.dispatch.counter" : {
      "count" : 0
    },
    "eu.domibus.core.message.MessagingServiceImpl.storeMessage.counter" : {
      "count" : 0
    },
    "eu.domibus.core.message.UserMessageHandlerServiceImpl.handleNewUserMessage.counter" : {
      "count" : 4
    },
    "eu.domibus.core.message.receipt.AS4ReceiptServiceImpl.generateReceipt.counter" : {
      "count" : 0
    },
    "eu.domibus.core.message.retention.MessageRetentionDefaultService.schedule_deleteExpiredMessages.counter" : {
      "count" : 0
    },
    "eu.domibus.core.plugin.handler.DatabaseMessageHandler.submit.counter" : {
      "count" : 1
    },
    "eu.domibus.core.plugin.notification.BackendNotificationService.notifyMessageReceived.counter" : {
      "count" : 4
    },
    "eu.domibus.core.plugin.notification.PluginAsyncNotificationListener.onMessage.counter" : {
      "count" : 6
    },
    "eu.domibus.core.pmode.validation.validators.MessagePropertyValidator.validate.counter" : {
      "count" : 0
    },
    "eu.domibus.core.util.SoapUtil.SoapUtil.counter" : {
      "count" : 0
    },
    "eu.domibus.plugin.jms.JMSPluginImpl.deliverMessage.counter" : {
      "count" : 6
    },
    "eu.domibus.plugin.jms.JMSPluginImpl.receiveMessage.counter" : {
      "count" : 8
    }
  },
  "histograms" : { },
  "meters" : { },
  "timers" : {
    "eu.domibus.core.ebms3.receiver.MSHWebservice.incoming_user_message.timer" : {
      "count" : 61508,
      "max" : 1.0329868180000001,
      "mean" : 0.277192541676289,
      "min" : 0.12766099,
      "p50" : 0.256105238,
      "p75" : 0.31552424300000004,
      "p95" : 0.46895686500000006,
      "p98" : 0.5256742480000001,
      "p99" : 0.600378751,
      "p999" : 0.913252947,
      "stddev" : 0.09234808165711814,
      "m15_rate" : 41.47240954500106,
      "m1_rate" : 56.719849792003885,
      "m5_rate" : 56.046352547229915,
      "mean_rate" : 55.9815988012772,
      "duration_units" : "seconds",
      "rate_units" : "calls/second"
    },
    "eu.domibus.core.ebms3.receiver.handler.AbstractIncomingMessageHandler.processMessage.timer" : {
      "count" : 61509,
      "max" : 1.028082838,
      "mean" : 0.27175421480849693,
      "min" : 0.11580939100000001,
      "p50" : 0.25141219800000003,
      "p75" : 0.30594153700000004,
      "p95" : 0.433916656,
      "p98" : 0.553635467,
      "p99" : 0.609365016,
      "p999" : 0.9813354830000001,
      "stddev" : 0.09288791801706049,
      "m15_rate" : 41.47223780050772,
      "m1_rate" : 56.71837304390042,
      "m5_rate" : 56.04575454175294,
      "mean_rate" : 55.98262718239568,
      "duration_units" : "seconds",
      "rate_units" : "calls/second"
    },
    "eu.domibus.core.ebms3.receiver.handler.IncomingUserMessageHandler.around_handleNewUserMessage.timer.timer" : {
      "count" : 61509,
      "max" : 1.2090407680000002,
      "mean" : 0.27308971618021793,
      "min" : 0.132901152,
      "p50" : 0.254804544,
      "p75" : 0.30755023600000003,
      "p95" : 0.448175933,
      "p98" : 0.523370179,
      "p99" : 0.58479921,
      "p999" : 0.8615123330000001,
      "stddev" : 0.08995724730159133,
      "m15_rate" : 41.5268234072129,
      "m1_rate" : 56.48733150547461,
      "m5_rate" : 56.00269738716618,
      "mean_rate" : 56.01317195327989,
      "duration_units" : "seconds",
      "rate_units" : "calls/second"
    },
    "eu.domibus.core.ebms3.sender.AbstractUserMessageSender.outgoing_user_message.timer" : {
      "count" : 61564,
      "max" : 0.258635033,
      "mean" : 0.05990030576517474,
      "min" : 0.041688632,
      "p50" : 0.05788228,
      "p75" : 0.063235238,
      "p95" : 0.070966903,
      "p98" : 0.08050760600000001,
      "p99" : 0.127691466,
      "p999" : 0.258635033,
      "stddev" : 0.014987620307931401,
      "m15_rate" : 42.40566816122542,
      "m1_rate" : 56.93846023290268,
      "m5_rate" : 56.35692653556895,
      "mean_rate" : 57.885357565372274,
      "duration_units" : "seconds",
      "rate_units" : "calls/second"
    },
    "eu.domibus.core.ebms3.sender.MessageSenderListener.onMessage.timer" : {
      "count" : 61564,
      "max" : 0.220775718,
      "mean" : 0.06670436156761182,
      "min" : 0.048460500000000004,
      "p50" : 0.063564042,
      "p75" : 0.070020408,
      "p95" : 0.08116619500000001,
      "p98" : 0.128314275,
      "p99" : 0.158561471,
      "p999" : 0.19868187,
      "stddev" : 0.016346772349920723,
      "m15_rate" : 42.4015889841003,
      "m1_rate" : 56.88235934398103,
      "m5_rate" : 56.34705634966088,
      "mean_rate" : 57.8823589622979,
      "duration_units" : "seconds",
      "rate_units" : "calls/second"
    },
    "eu.domibus.core.ebms3.sender.MessageSenderService.sendUserMessage.timer" : {
      "count" : 61564,
      "max" : 0.208845988,
      "mean" : 0.06575409415454798,
      "min" : 0.048920697000000006,
      "p50" : 0.063237136,
      "p75" : 0.069586243,
      "p95" : 0.080479672,
      "p98" : 0.096672146,
      "p99" : 0.13366012000000002,
      "p999" : 0.18757621700000002,
      "stddev" : 0.013395970017749904,
      "m15_rate" : 42.40085077397772,
      "m1_rate" : 56.868198275055775,
      "m5_rate" : 56.34415216719278,
      "mean_rate" : 57.88323193944073,
      "duration_units" : "seconds",
      "rate_units" : "calls/second"
    },
    "eu.domibus.core.ebms3.sender.client.MSHDispatcher.dispatch.timer" : {
      "count" : 61564,
      "max" : 0.207337344,
      "mean" : 0.04804849394547089,
      "min" : 0.035263269,
      "p50" : 0.046940717,
      "p75" : 0.051574397,
      "p95" : 0.058608869,
      "p98" : 0.061379964,
      "p99" : 0.06611934,
      "p999" : 0.207337344,
      "stddev" : 0.009855290759941876,
      "m15_rate" : 42.397688760259534,
      "m1_rate" : 56.797160097558155,
      "m5_rate" : 56.3228826537621,
      "mean_rate" : 57.89774874594467,
      "duration_units" : "seconds",
      "rate_units" : "calls/second"
    },
    "eu.domibus.core.message.MessagingServiceImpl.storeMessage.timer" : {
      "count" : 123095,
      "max" : 0.073618497,
      "mean" : 0.005920347525311026,
      "min" : 0.003043088,
      "p50" : 0.004982379,
      "p75" : 0.005837279000000001,
      "p95" : 0.009600962000000001,
      "p98" : 0.01426435,
      "p99" : 0.016596441,
      "p999" : 0.073618497,
      "stddev" : 0.005268889461322525,
      "m15_rate" : 81.91584287900588,
      "m1_rate" : 113.4640298988687,
      "m5_rate" : 112.15595380161909,
      "mean_rate" : 112.0991247419302,
      "duration_units" : "seconds",
      "rate_units" : "calls/second"
    },
    "eu.domibus.core.message.UserMessageHandlerServiceImpl.handleNewUserMessage.timer" : {
      "count" : 61519,
      "max" : 0.343216099,
      "mean" : 0.06312184668258686,
      "min" : 0.023083705000000003,
      "p50" : 0.054866476000000004,
      "p75" : 0.077373178,
      "p95" : 0.135819566,
      "p98" : 0.17930390000000002,
      "p99" : 0.19406199200000002,
      "p999" : 0.263267519,
      "stddev" : 0.03597241620670041,
      "m15_rate" : 41.540499811595275,
      "m1_rate" : 56.656180994670834,
      "m5_rate" : 56.03338736631627,
      "mean_rate" : 56.022177410344625,
      "duration_units" : "seconds",
      "rate_units" : "calls/second"
    },
    "eu.domibus.core.message.receipt.AS4ReceiptServiceImpl.generateReceipt.timer" : {
      "count" : 61519,
      "max" : 0.14254544200000002,
      "mean" : 0.02601062275504041,
      "min" : 0.016895032,
      "p50" : 0.023525704,
      "p75" : 0.027703689,
      "p95" : 0.038601844,
      "p98" : 0.054885674,
      "p99" : 0.064836737,
      "p999" : 0.11358807100000001,
      "stddev" : 0.009599713001955541,
      "m15_rate" : 41.664404211378354,
      "m1_rate" : 56.67108142243528,
      "m5_rate" : 56.04891219020663,
      "mean_rate" : 56.031963085116544,
      "duration_units" : "seconds",
      "rate_units" : "calls/second"
    },
    "eu.domibus.core.message.retention.MessageRetentionDefaultService.schedule_deleteExpiredMessages.timer" : {
      "count" : 6,
      "max" : 1.3342148600000001,
      "mean" : 0.7400614659212463,
      "min" : 0.22445804700000002,
      "p50" : 0.777194028,
      "p75" : 0.777194028,
      "p95" : 0.777194028,
      "p98" : 0.777194028,
      "p99" : 0.777194028,
      "p999" : 0.777194028,
      "stddev" : 0.1383416000644832,
      "m15_rate" : 0.02375287232677632,
      "m1_rate" : 2.2373228097869706E-9,
      "m5_rate" : 5.74696740775784E-4,
      "mean_rate" : 0.0030339464431830623,
      "duration_units" : "seconds",
      "rate_units" : "calls/second"
    },
    "eu.domibus.core.plugin.handler.DatabaseMessageHandler.submit.timer" : {
      "count" : 61572,
      "max" : 0.33476200500000003,
      "mean" : 0.057883459297720104,
      "min" : 0.009959961,
      "p50" : 0.062796644,
      "p75" : 0.075397587,
      "p95" : 0.118751481,
      "p98" : 0.15944617800000002,
      "p99" : 0.196192891,
      "p999" : 0.33476200500000003,
      "stddev" : 0.04076509044695524,
      "m15_rate" : 42.39689637893968,
      "m1_rate" : 56.85836879796208,
      "m5_rate" : 56.33340659622598,
      "mean_rate" : 57.872685814970964,
      "duration_units" : "seconds",
      "rate_units" : "calls/second"
    },
    "eu.domibus.core.plugin.notification.BackendNotificationService.notifyMessageReceived.timer" : {
      "count" : 61521,
      "max" : 0.329460119,
      "mean" : 0.029235071174873756,
      "min" : 4.7119900000000005E-4,
      "p50" : 0.020410515,
      "p75" : 0.042415223,
      "p95" : 0.08853076400000001,
      "p98" : 0.130864487,
      "p99" : 0.155735742,
      "p999" : 0.286415073,
      "stddev" : 0.03366653891530476,
      "m15_rate" : 41.543764619333444,
      "m1_rate" : 56.663306820437946,
      "m5_rate" : 56.03647056257561,
      "mean_rate" : 56.0287330963569,
      "duration_units" : "seconds",
      "rate_units" : "calls/second"
    },
    "eu.domibus.core.plugin.notification.PluginAsyncNotificationListener.onMessage.timer" : {
      "count" : 61607,
      "max" : 0.341603478,
      "mean" : 0.058749212193904145,
      "min" : 0.009528161,
      "p50" : 0.06453273200000001,
      "p75" : 0.075818194,
      "p95" : 0.11514249800000001,
      "p98" : 0.15668078600000002,
      "p99" : 0.199698287,
      "p999" : 0.335048504,
      "stddev" : 0.039692002146635395,
      "m15_rate" : 41.81875748636286,
      "m1_rate" : 56.88302190673631,
      "m5_rate" : 56.247107636947675,
      "mean_rate" : 56.13413268713898,
      "duration_units" : "seconds",
      "rate_units" : "calls/second"
    },
    "eu.domibus.core.pmode.validation.validators.MessagePropertyValidator.validate.timer" : {
      "count" : 123095,
      "max" : 9.78E-5,
      "mean" : 1.6019736790277945E-6,
      "min" : 7.000000000000001E-7,
      "p50" : 1.2000000000000002E-6,
      "p75" : 1.6000000000000001E-6,
      "p95" : 2.5E-6,
      "p98" : 2.7E-6,
      "p99" : 2.9E-6,
      "p999" : 9.78E-5,
      "stddev" : 4.675935791826072E-6,
      "m15_rate" : 81.91634824448374,
      "m1_rate" : 113.48455814300046,
      "m5_rate" : 112.1583200726929,
      "mean_rate" : 112.09757487169637,
      "duration_units" : "seconds",
      "rate_units" : "calls/second"
    },
    "eu.domibus.core.util.SoapUtil.logMessage.timer" : {
      "count" : 61523,
      "max" : 2.2700000000000003E-5,
      "mean" : 9.526789457211352E-7,
      "min" : 4.0000000000000003E-7,
      "p50" : 8.000000000000001E-7,
      "p75" : 1.2000000000000002E-6,
      "p95" : 1.5E-6,
      "p98" : 1.7E-6,
      "p99" : 1.8000000000000001E-6,
      "p999" : 1.2400000000000002E-5,
      "stddev" : 7.403755158867178E-7,
      "m15_rate" : 41.541856474274226,
      "m1_rate" : 56.663422440979666,
      "m5_rate" : 56.03244417095494,
      "mean_rate" : 56.02602671958109,
      "duration_units" : "seconds",
      "rate_units" : "calls/second"
    },
    "eu.domibus.plugin.jms.JMSPluginImpl.deliverMessage.timer" : {
      "count" : 61607,
      "max" : 0.44893896800000005,
      "mean" : 0.05725273853001449,
      "min" : 0.009177462,
      "p50" : 0.062397545000000006,
      "p75" : 0.074209389,
      "p95" : 0.11954006600000001,
      "p98" : 0.16629665000000002,
      "p99" : 0.19438518100000002,
      "p999" : 0.334879605,
      "stddev" : 0.04030317667245737,
      "m15_rate" : 41.81710357868661,
      "m1_rate" : 56.8726653930997,
      "m5_rate" : 56.24432468222436,
      "mean_rate" : 56.1347986601359,
      "duration_units" : "seconds",
      "rate_units" : "calls/second"
    },
    "eu.domibus.plugin.jms.JMSPluginImpl.receiveMessage.timer" : {
      "count" : 61571,
      "max" : 0.7698280540000001,
      "mean" : 0.09252756802582317,
      "min" : 0.011971151000000001,
      "p50" : 0.076667685,
      "p75" : 0.136921228,
      "p95" : 0.215592953,
      "p98" : 0.276307917,
      "p99" : 0.320787245,
      "p999" : 0.50585402,
      "stddev" : 0.07571680524376484,
      "m15_rate" : 42.40160395528295,
      "m1_rate" : 56.9576249816503,
      "m5_rate" : 56.35438259894631,
      "mean_rate" : 57.86847583935424,
      "duration_units" : "seconds",
      "rate_units" : "calls/second"
    }
  }
}