{
  "version" : "4.0.0",
  "gauges" : { },
  "counters" : {
    "eu.domibus.core.ebms3.receiver.MSHWebservice.incoming_user_message.counter" : {
      "count" : 17
    },
    "eu.domibus.core.ebms3.receiver.handler.AbstractIncomingMessageHandler.processMessage.counter" : {
      "count" : 17
    },
    "eu.domibus.core.ebms3.receiver.handler.IncomingUserMessageHandler.around_handleNewUserMessage.counter.counter" : {
      "count" : 16
    },
    "eu.domibus.core.ebms3.sender.AbstractUserMessageSender.outgoing_user_message.counter" : {
      "count" : 6
    },
    "eu.domibus.core.ebms3.sender.MessageSenderListener.onMessage.counter" : {
      "count" : 6
    },
    "eu.domibus.core.ebms3.sender.MessageSenderService.sendUserMessage.counter" : {
      "count" : 6
    },
    "eu.domibus.core.ebms3.sender.client.MSHDispatcher.dispatch.counter" : {
      "count" : 6
    },
    "eu.domibus.core.message.MessagingServiceImpl.storeMessage.counter" : {
      "count" : 0
    },
    "eu.domibus.core.message.UserMessageHandlerServiceImpl.handleNewUserMessage.counter" : {
      "count" : 2
    },
    "eu.domibus.core.message.pull.IncomingPullRequestHandler.incoming_pull_request.counter" : {
      "count" : 0
    },
    "eu.domibus.core.message.receipt.AS4ReceiptServiceImpl.generateReceipt.counter" : {
      "count" : 1
    },
    "eu.domibus.core.message.retention.MessageRetentionDefaultService.schedule_deleteExpiredMessages.counter" : {
      "count" : 0
    },
    "eu.domibus.core.plugin.handler.DatabaseMessageHandler.submit.counter" : {
      "count" : 1
    },
    "eu.domibus.core.plugin.notification.BackendNotificationService.notifyMessageReceived.counter" : {
      "count" : 1
    },
    "eu.domibus.core.plugin.notification.PluginAsyncNotificationListener.onMessage.counter" : {
      "count" : 2
    },
    "eu.domibus.core.pmode.validation.validators.MessagePropertyValidator.validate.counter" : {
      "count" : 0
    },
    "eu.domibus.core.util.SoapUtil.SoapUtil.counter" : {
      "count" : 0
    },
    "eu.domibus.plugin.jms.JMSPluginImpl.deliverMessage.counter" : {
      "count" : 2
    },
    "eu.domibus.plugin.jms.JMSPluginImpl.receiveMessage.counter" : {
      "count" : 1
    }
  },
  "histograms" : { },
  "meters" : { },
  "timers" : {
    "eu.domibus.core.ebms3.receiver.MSHWebservice.incoming_user_message.timer" : {
      "count" : 58651,
      "max" : 1.21172517,
      "mean" : 0.2690706795962097,
      "min" : 0.12064242900000001,
      "p50" : 0.24401249200000003,
      "p75" : 0.311586413,
      "p95" : 0.43755347400000005,
      "p98" : 0.547244332,
      "p99" : 0.5761439970000001,
      "p999" : 0.948422992,
      "stddev" : 0.09608738214710172,
      "m15_rate" : 38.8475930047784,
      "m1_rate" : 60.79266870628649,
      "m5_rate" : 55.51129785323476,
      "mean_rate" : 29.685517727667207,
      "duration_units" : "seconds",
      "rate_units" : "calls/second"
    },
    "eu.domibus.core.ebms3.receiver.handler.AbstractIncomingMessageHandler.processMessage.timer" : {
      "count" : 58649,
      "max" : 1.131234674,
      "mean" : 0.26135569932826036,
      "min" : 0.12012122200000001,
      "p50" : 0.23472337100000001,
      "p75" : 0.29903564600000004,
      "p95" : 0.44751929,
      "p98" : 0.545118803,
      "p99" : 0.576106597,
      "p999" : 0.865011814,
      "stddev" : 0.0969946216980689,
      "m15_rate" : 39.81323670800154,
      "m1_rate" : 60.84823235039101,
      "m5_rate" : 55.55191706544746,
      "mean_rate" : 53.329281596222124,
      "duration_units" : "seconds",
      "rate_units" : "calls/second"
    },
    "eu.domibus.core.ebms3.receiver.handler.IncomingUserMessageHandler.around_handleNewUserMessage.timer.timer" : {
      "count" : 58649,
      "max" : 1.031206616,
      "mean" : 0.2609234556998069,
      "min" : 0.115120155,
      "p50" : 0.23646989200000001,
      "p75" : 0.299281248,
      "p95" : 0.42997303400000003,
      "p98" : 0.5276384660000001,
      "p99" : 0.625861797,
      "p999" : 0.868575002,
      "stddev" : 0.09486777617570867,
      "m15_rate" : 39.812215201849845,
      "m1_rate" : 60.83278384941215,
      "m5_rate" : 55.54813693816801,
      "mean_rate" : 53.33048815604884,
      "duration_units" : "seconds",
      "rate_units" : "calls/second"
    },
    "eu.domibus.core.ebms3.sender.AbstractUserMessageSender.outgoing_user_message.timer" : {
      "count" : 58702,
      "max" : 0.196756661,
      "mean" : 0.05551514497245805,
      "min" : 0.040451348000000005,
      "p50" : 0.053194819000000004,
      "p75" : 0.058177185000000006,
      "p95" : 0.068461725,
      "p98" : 0.07575612500000001,
      "p99" : 0.145150261,
      "p999" : 0.196756661,
      "stddev" : 0.013801382992326763,
      "m15_rate" : 40.852184928605595,
      "m1_rate" : 61.20271259420295,
      "m5_rate" : 55.91469291364031,
      "mean_rate" : 55.22029799150237,
      "duration_units" : "seconds",
      "rate_units" : "calls/second"
    },
    "eu.domibus.core.ebms3.sender.MessageSenderListener.onMessage.timer" : {
      "count" : 58702,
      "max" : 0.47168712300000004,
      "mean" : 0.06285181625390844,
      "min" : 0.043638389,
      "p50" : 0.059668105000000006,
      "p75" : 0.064775077,
      "p95" : 0.075989625,
      "p98" : 0.129327156,
      "p99" : 0.169634989,
      "p999" : 0.273598916,
      "stddev" : 0.020311939216984598,
      "m15_rate" : 40.84621886915408,
      "m1_rate" : 61.16931752555576,
      "m5_rate" : 55.9041613124461,
      "mean_rate" : 55.213949935179755,
      "duration_units" : "seconds",
      "rate_units" : "calls/second"
    },
    "eu.domibus.core.ebms3.sender.MessageSenderService.sendUserMessage.timer" : {
      "count" : 58702,
      "max" : 0.303572718,
      "mean" : 0.06274877375501699,
      "min" : 0.045088209000000004,
      "p50" : 0.058964795,
      "p75" : 0.064145766,
      "p95" : 0.075932624,
      "p98" : 0.14514057,
      "p99" : 0.160382463,
      "p999" : 0.22457593,
      "stddev" : 0.019135156674250895,
      "m15_rate" : 40.84535150239858,
      "m1_rate" : 61.146476029795316,
      "m5_rate" : 55.90003728088106,
      "mean_rate" : 55.21509285626995,
      "duration_units" : "seconds",
      "rate_units" : "calls/second"
    },
    "eu.domibus.core.ebms3.sender.client.MSHDispatcher.dispatch.timer" : {
      "count" : 58702,
      "max" : 0.223161827,
      "mean" : 0.04787781346654565,
      "min" : 0.034218962000000006,
      "p50" : 0.045199010000000005,
      "p75" : 0.050295580000000006,
      "p95" : 0.059711911000000006,
      "p98" : 0.071503967,
      "p99" : 0.145082667,
      "p999" : 0.187358828,
      "stddev" : 0.01573980075540377,
      "m15_rate" : 40.85344491369886,
      "m1_rate" : 61.15586511188744,
      "m5_rate" : 55.91012795900881,
      "mean_rate" : 55.228211624648274,
      "duration_units" : "seconds",
      "rate_units" : "calls/second"
    },
    "eu.domibus.core.message.MessagingServiceImpl.storeMessage.timer" : {
      "count" : 117402,
      "max" : 0.208267531,
      "mean" : 0.005283704320048821,
      "min" : 0.0027240370000000003,
      "p50" : 0.004460260000000001,
      "p75" : 0.005172970000000001,
      "p95" : 0.008132410000000001,
      "p98" : 0.011406554000000001,
      "p99" : 0.013956389000000001,
      "p999" : 0.09674080700000001,
      "stddev" : 0.0065036249306301246,
      "m15_rate" : 78.66437355188427,
      "m1_rate" : 121.97844883537552,
      "m5_rate" : 111.23490519091904,
      "mean_rate" : 106.75708814616422,
      "duration_units" : "seconds",
      "rate_units" : "calls/second"
    },
    "eu.domibus.core.message.UserMessageHandlerServiceImpl.handleNewUserMessage.timer" : {
      "count" : 58663,
      "max" : 0.31819672400000004,
      "mean" : 0.06487613945632469,
      "min" : 0.022230800000000002,
      "p50" : 0.055260346,
      "p75" : 0.08036459,
      "p95" : 0.13632385700000002,
      "p98" : 0.17964543100000002,
      "p99" : 0.203097039,
      "p999" : 0.31089809500000004,
      "stddev" : 0.038756563158803284,
      "m15_rate" : 39.82180320727284,
      "m1_rate" : 60.88383566665162,
      "m5_rate" : 55.56114138001375,
      "mean_rate" : 53.34315015536455,
      "duration_units" : "seconds",
      "rate_units" : "calls/second"
    },
    "eu.domibus.core.message.pull.IncomingPullRequestHandler.incoming_pull_request.timer" : {
      "count" : 2,
      "max" : 0.48937461000000004,
      "mean" : 0.252557005,
      "min" : 0.0157394,
      "p50" : 0.48937461000000004,
      "p75" : 0.48937461000000004,
      "p95" : 0.48937461000000004,
      "p98" : 0.48937461000000004,
      "p99" : 0.48937461000000004,
      "p999" : 0.48937461000000004,
      "stddev" : 0.23681760500000001,
      "m15_rate" : 0.04481646786809711,
      "m1_rate" : 2.2015294639493952E-15,
      "m5_rate" : 5.625911466403271E-4,
      "mean_rate" : 0.001012277696084366,
      "duration_units" : "seconds",
      "rate_units" : "calls/second"
    },
    "eu.domibus.core.message.receipt.AS4ReceiptServiceImpl.generateReceipt.timer" : {
      "count" : 58663,
      "max" : 0.137671168,
      "mean" : 0.023584994764947558,
      "min" : 0.015055504,
      "p50" : 0.021145985000000003,
      "p75" : 0.025818548,
      "p95" : 0.036866398,
      "p98" : 0.044444601,
      "p99" : 0.048501759000000005,
      "p999" : 0.11870820400000001,
      "stddev" : 0.008381599045778773,
      "m15_rate" : 39.884309744774896,
      "m1_rate" : 60.8873254463642,
      "m5_rate" : 55.56801562002667,
      "mean_rate" : 53.351157845471455,
      "duration_units" : "seconds",
      "rate_units" : "calls/second"
    },
    "eu.domibus.core.message.retention.MessageRetentionDefaultService.schedule_deleteExpiredMessages.timer" : {
      "count" : 3,
      "max" : 1.2586408610000002,
      "mean" : 1.2502052678620137,
      "min" : 0.49070941,
      "p50" : 1.2586408610000002,
      "p75" : 1.2586408610000002,
      "p95" : 1.2586408610000002,
      "p98" : 1.2586408610000002,
      "p99" : 1.2586408610000002,
      "p999" : 1.2586408610000002,
      "stddev" : 0.05104058050808601,
      "m15_rate" : 0.04466110899596574,
      "m1_rate" : 8.733953340125712E-7,
      "m5_rate" : 0.0027488858270164783,
      "mean_rate" : 0.002177432155765155,
      "duration_units" : "seconds",
      "rate_units" : "calls/second"
    },
    "eu.domibus.core.plugin.handler.DatabaseMessageHandler.submit.timer" : {
      "count" : 58736,
      "max" : 0.43778494900000003,
      "mean" : 0.05554966487704106,
      "min" : 0.008030211,
      "p50" : 0.063411458,
      "p75" : 0.075847025,
      "p95" : 0.11148691200000001,
      "p98" : 0.142333228,
      "p99" : 0.17141432,
      "p999" : 0.256993591,
      "stddev" : 0.039411075364096756,
      "m15_rate" : 40.862323957705684,
      "m1_rate" : 61.36744778731534,
      "m5_rate" : 55.93977276164573,
      "mean_rate" : 55.23166214219399,
      "duration_units" : "seconds",
      "rate_units" : "calls/second"
    },
    "eu.domibus.core.plugin.notification.BackendNotificationService.notifyMessageReceived.timer" : {
      "count" : 58664,
      "max" : 0.250426304,
      "mean" : 0.030115944327958125,
      "min" : 3.8600500000000003E-4,
      "p50" : 0.021093685,
      "p75" : 0.046969333,
      "p95" : 0.091879849,
      "p98" : 0.11666478500000001,
      "p99" : 0.142818133,
      "p999" : 0.24671692900000003,
      "stddev" : 0.032568572381614556,
      "m15_rate" : 39.88004896378101,
      "m1_rate" : 60.84410223225659,
      "m5_rate" : 55.55797997572629,
      "mean_rate" : 53.34778831323565,
      "duration_units" : "seconds",
      "rate_units" : "calls/second"
    },
    "eu.domibus.core.plugin.notification.PluginAsyncNotificationListener.onMessage.timer" : {
      "count" : 58763,
      "max" : 0.32325686000000003,
      "mean" : 0.06105731844757422,
      "min" : 0.008268011,
      "p50" : 0.066197793,
      "p75" : 0.07687413700000001,
      "p95" : 0.117979203,
      "p98" : 0.16000936500000001,
      "p99" : 0.182674672,
      "p999" : 0.32325686000000003,
      "stddev" : 0.04062044540661255,
      "m15_rate" : 40.05906111526778,
      "m1_rate" : 61.16500032985275,
      "m5_rate" : 55.80241089786361,
      "mean_rate" : 53.46299333218669,
      "duration_units" : "seconds",
      "rate_units" : "calls/second"
    },
    "eu.domibus.core.pmode.validation.validators.MessagePropertyValidator.validate.timer" : {
      "count" : 117403,
      "max" : 3.8401E-5,
      "mean" : 1.5000650161520784E-6,
      "min" : 5.000000000000001E-7,
      "p50" : 1.3E-6,
      "p75" : 1.6000000000000001E-6,
      "p95" : 2.1000000000000002E-6,
      "p98" : 2.3E-6,
      "p99" : 2.7E-6,
      "p999" : 3.8401E-5,
      "stddev" : 1.8044405742220768E-6,
      "m15_rate" : 78.66358999392958,
      "m1_rate" : 121.968804481576,
      "m5_rate" : 111.23296490217662,
      "mean_rate" : 106.75689905224544,
      "duration_units" : "seconds",
      "rate_units" : "calls/second"
    },
    "eu.domibus.core.util.SoapUtil.logMessage.timer" : {
      "count" : 58666,
      "max" : 5.1000000000000006E-5,
      "mean" : 9.700705329383792E-7,
      "min" : 3.0000000000000004E-7,
      "p50" : 9.000000000000001E-7,
      "p75" : 1.1E-6,
      "p95" : 1.4000000000000001E-6,
      "p98" : 1.6000000000000001E-6,
      "p99" : 1.8000000000000001E-6,
      "p999" : 2.4000000000000003E-6,
      "stddev" : 1.4860301806444208E-6,
      "m15_rate" : 39.87999230965658,
      "m1_rate" : 60.849009773922184,
      "m5_rate" : 55.5584969513849,
      "mean_rate" : 53.345998009805186,
      "duration_units" : "seconds",
      "rate_units" : "calls/second"
    },
    "eu.domibus.plugin.jms.JMSPluginImpl.deliverMessage.timer" : {
      "count" : 58763,
      "max" : 0.32864966700000003,
      "mean" : 0.05840027762499563,
      "min" : 0.008257611,
      "p50" : 0.06504128,
      "p75" : 0.077381646,
      "p95" : 0.11629807900000001,
      "p98" : 0.156631013,
      "p99" : 0.18616452800000002,
      "p999" : 0.30264829600000004,
      "stddev" : 0.04017292747793084,
      "m15_rate" : 40.05835036493724,
      "m1_rate" : 61.14490261122223,
      "m5_rate" : 55.799308352959336,
      "mean_rate" : 53.46371322833811,
      "duration_units" : "seconds",
      "rate_units" : "calls/second"
    },
    "eu.domibus.plugin.jms.JMSPluginImpl.receiveMessage.timer" : {
      "count" : 58736,
      "max" : 0.664013823,
      "mean" : 0.1024196462372739,
      "min" : 0.009018724,
      "p50" : 0.116961481,
      "p75" : 0.14156711,
      "p95" : 0.21768035700000002,
      "p98" : 0.30600504100000003,
      "p99" : 0.37902232900000005,
      "p999" : 0.46147914500000004,
      "stddev" : 0.07773125742265084,
      "m15_rate" : 40.858630494712564,
      "m1_rate" : 61.325255495578766,
      "m5_rate" : 55.933027667495516,
      "mean_rate" : 55.230927959032385,
      "duration_units" : "seconds",
      "rate_units" : "calls/second"
    }
  }
}