<?xml version='1.0' encoding='UTF-8'?>
<jdbc-data-source xmlns="http://xmlns.oracle.com/weblogic/jdbc-data-source" xmlns:sec="http://xmlns.oracle.com/weblogic/security" xmlns:xsi="http://www.w3.org/2001/XMLSchema-instance" xmlns:wls="http://xmlns.oracle.com/weblogic/security/wls" xsi:schemaLocation="http://xmlns.oracle.com/weblogic/jdbc-data-source http://xmlns.oracle.com/weblogic/jdbc-data-source/1.5/jdbc-data-source.xsd">
  <name>edeliveryNonXA</name>
  <jdbc-driver-params>
    <url>jdbc:oracle:thin:@10.0.0.11:1521:orcl</url>
    <driver-name>oracle.jdbc.OracleDriver</driver-name>
    <properties>
      <property>
        <name>user</name>
        <value>edelivery2</value>
      </property>
    </properties>
    <password-encrypted>{AES256}ex1u8YN6GhZ5bgjlKz34OHeWvW7kvZNunDFuFM2AxXg=</password-encrypted>
  </jdbc-driver-params>
  <jdbc-connection-pool-params>
    <max-capacity>50</max-capacity>
    <test-connections-on-reserve>true</test-connections-on-reserve>
    <test-table-name>SQL SELECT 1 FROM DUAL</test-table-name>
  </jdbc-connection-pool-params>
  <jdbc-data-source-params>
    <jndi-name>jdbc/cipaeDeliveryNonXADs</jndi-name>
    <global-transactions-protocol>None</global-transactions-protocol>
  </jdbc-data-source-params>
</jdbc-data-source>
