<?xml version='1.0' encoding='UTF-8'?>
<jdbc-data-source xmlns="http://xmlns.oracle.com/weblogic/jdbc-data-source" xmlns:sec="http://xmlns.oracle.com/weblogic/security" xmlns:xsi="http://www.w3.org/2001/XMLSchema-instance" xmlns:wls="http://xmlns.oracle.com/weblogic/security/wls" xsi:schemaLocation="http://xmlns.oracle.com/weblogic/jdbc-data-source http://xmlns.oracle.com/weblogic/jdbc-data-source/1.5/jdbc-data-source.xsd">
  <name>eDeliveryDs</name>
  <jdbc-driver-params>
    <url>jdbc:oracle:thin:@10.0.0.11:1521:orcl</url>
    <driver-name>oracle.jdbc.xa.client.OracleXADataSource</driver-name>
    <properties>
      <property>
        <name>user</name>
        <value>edelivery2</value>
      </property>
    </properties>
    <password-encrypted>{AES256}707dSjBOveGmzAPsjTy1K6qOk0o0QThllsGKfV0jbC8=</password-encrypted>
  </jdbc-driver-params>
  <jdbc-connection-pool-params>
    <initial-capacity>20</initial-capacity>
    <max-capacity>60</max-capacity>
    <min-capacity>10</min-capacity>
    <shrink-frequency-seconds>900</shrink-frequency-seconds>
    <highest-num-waiters>2147483647</highest-num-waiters>
    <connection-creation-retry-frequency-seconds>0</connection-creation-retry-frequency-seconds>
    <connection-reserve-timeout-seconds>120</connection-reserve-timeout-seconds>
    <test-frequency-seconds>120</test-frequency-seconds>
    <test-connections-on-reserve>true</test-connections-on-reserve>
    <ignore-in-use-connections-enabled>true</ignore-in-use-connections-enabled>
    <inactive-connection-timeout-seconds>0</inactive-connection-timeout-seconds>
    <test-table-name>SQL SELECT 1 FROM DUAL</test-table-name>
    <login-delay-seconds>0</login-delay-seconds>
    <statement-cache-size>1000</statement-cache-size>
    <statement-cache-type>LRU</statement-cache-type>
    <remove-infected-connections>true</remove-infected-connections>
    <seconds-to-trust-an-idle-pool-connection>10</seconds-to-trust-an-idle-pool-connection>
    <statement-timeout>-1</statement-timeout>
    <pinned-to-thread>false</pinned-to-thread>
    <wrap-types>true</wrap-types>
    <connection-harvest-max-count>1</connection-harvest-max-count>
    <connection-harvest-trigger-count>-1</connection-harvest-trigger-count>
    <count-of-test-failures-till-flush>2</count-of-test-failures-till-flush>
    <count-of-refresh-failures-till-disable>2</count-of-refresh-failures-till-disable>
  </jdbc-connection-pool-params>
  <jdbc-data-source-params>
    <jndi-name>jdbc/cipaeDeliveryDs</jndi-name>
  </jdbc-data-source-params>
  <jdbc-xa-params>
    <xa-set-transaction-timeout>true</xa-set-transaction-timeout>
  </jdbc-xa-params>
</jdbc-data-source>
