<?xml version='1.0' encoding='UTF-8'?>
<jdbc-data-source xmlns="http://xmlns.oracle.com/weblogic/jdbc-data-source" xmlns:sec="http://xmlns.oracle.com/weblogic/security" xmlns:xsi="http://www.w3.org/2001/XMLSchema-instance" xmlns:wls="http://xmlns.oracle.com/weblogic/security/wls" xsi:schemaLocation="http://xmlns.oracle.com/weblogic/jdbc-data-source http://xmlns.oracle.com/weblogic/jdbc-data-source/1.5/jdbc-data-source.xsd">
  <name>jdbcStoreDataSource</name>
  <datasource-type>GENERIC</datasource-type>
  <jdbc-driver-params>
    <url>jdbc:oracle:thin:@10.0.0.11:1521:orcl</url>
    <driver-name>oracle.jdbc.OracleDriver</driver-name>
    <properties>
      <property>
        <name>user</name>
        <value>edelivery2</value>
      </property>
    </properties>
    <password-encrypted>{AES256}4lqVKMiw3gWfpltwNDEDSt46l3+82EJxGri7/0vNmxQ=</password-encrypted>
  </jdbc-driver-params>
  <jdbc-connection-pool-params>
    <initial-capacity>1</initial-capacity>
    <max-capacity>10</max-capacity>
    <min-capacity>5</min-capacity>
    <test-table-name>SQL ISVALID</test-table-name>
    <statement-cache-size>10</statement-cache-size>
    <statement-cache-type>LRU</statement-cache-type>
  </jdbc-connection-pool-params>
  <jdbc-data-source-params>
    <jndi-name>jdbc/jmsDatasource</jndi-name>
    <global-transactions-protocol>None</global-transactions-protocol>
  </jdbc-data-source-params>
</jdbc-data-source>
